id,area,group,status,sensitivity,sensitivity_reason,category,cuisine,brand,name_vi,name_en,lat,lng,osm_kind,address,opening_hours,website,wikidata,wikipedia_vi,wikipedia_en,inception,commons_image,osm_url,score,decision
ba-vi-national-park,ba-vi,sight,candidate,ok,,nature,,,Vườn quốc gia Ba Vì,Ba Vi National Park,21.018378,105.40799,leisure=nature_reserve,,,https://vuonquocgiabavi.com.vn/,Q1134517,Vườn quốc gia Ba Vì,Ba Vì National Park,1991,"Ba Vì National Park, foggy road.jpg",https://www.openstreetmap.org/relation/17148894,8.81,
son-tay-ancient-citadel,ba-vi,sight,candidate,ok,,relic,,,Thành cổ Sơn Tây,Son Tay Ancient Citadel,21.139133,105.504492,tourism=attraction,,,,Q4240280,Thành cổ Sơn Tây,,,Son-Tay-palace.jpg,https://www.openstreetmap.org/way/921987266,8.65,
ho-suoi-hai,ba-vi,sight,candidate,ok,,lake,,,Hồ Suối Hai,Hồ Suối Hai,21.146783,105.39091,natural=water,,,,Q10771991,Hồ Suối Hai,,,,https://www.openstreetmap.org/relation/15004726,5.82,
village-for-ethnic-culture-and-tourism,ba-vi,sight,candidate,ok,,attraction,,,Làng Văn hóa - Du lịch các Dân tộc Việt Nam,Village for Ethnic Culture and Tourism,21.041548,105.463239,tourism=theme_park,,,https://langvanhoavietnam.vn/,,,,,,https://www.openstreetmap.org/relation/16109340,4.58,
dinh-mong-phu,ba-vi,sight,candidate,religious,active place of worship,religious,,,Đình Mông Phụ,,21.158467,105.470445,amenity=place_of_worship,,,,Q16481108,Đình Mông Phụ,,,,https://www.openstreetmap.org/way/1193800376,3.81,
huong-canh-water-supply-station,ba-vi,sight,candidate,ok,,lake,,,Huong Canh Water Supply Station,Huong Canh Water Supply Station,21.024738,105.369432,natural=water,,,,,,,,,https://www.openstreetmap.org/way/1164324752,2.96,
french-ruins,ba-vi,sight,candidate,ok,,relic,,,Phế tích Pháp,French ruins,21.074341,105.364522,historic=archaeological_site,,,,,,,,,https://www.openstreetmap.org/way/1540391256,2.93,
french-ruins-400-m,ba-vi,sight,candidate,ok,,relic,,,Phế tích Pháp – 400 m,French ruins – 400 m,21.086867,105.374742,historic=ruins,,,,,,,,,https://www.openstreetmap.org/node/11166198534,2.92,
french-era-ruins,ba-vi,sight,candidate,ok,,relic,,,Phế tích cốt Pháp,French-era ruins,21.089504,105.357615,historic=archaeological_site,,,,,,,,,https://www.openstreetmap.org/node/11166198530,2.85,
tan-da-nguyen-khac-hieu-memorial-site,ba-vi,sight,candidate,ok,,museum,,,Di tích lưu niệm Tản Đà - Nguyễn Khắc Hiếu,Tản Đà - Nguyễn Khắc Hiếu memorial site,21.185351,105.30767,tourism=museum,,,,,,,,,https://www.openstreetmap.org/way/1202245901,2.83,
xuan-khanh-lake,ba-vi,sight,candidate,ok,,lake,,,Hồ Xuân Khanh,Xuân Khanh lake,21.12682,105.435497,natural=water,,,,,,,,,https://www.openstreetmap.org/relation/15004750,2.75,
dong-mo-reservoir,ba-vi,sight,candidate,ok,,lake,,,Hồ Đồng Mô,Dong Mo Reservoir,21.05654,105.46575,natural=water,,,,,,,,,https://www.openstreetmap.org/relation/16094562,2.6,
long-pond,ba-vi,sight,candidate,ok,,lake,,,Đầm Long,Long Pond,21.175954,105.335392,natural=water,,,,,,,,,https://www.openstreetmap.org/relation/15998535,2.52,
nui-vien-nam,ba-vi,sight,candidate,ok,,nature,,,Núi Viên Nam,,20.956416,105.444209,natural=peak,,,,,,,,,https://www.openstreetmap.org/node/1336376418,2.12,
co-dung-lake,ba-vi,sight,candidate,ok,,lake,,,Hồ Cố Đụng,Co Dung Lake,20.96486,105.469893,natural=water,,,,,,,,,https://www.openstreetmap.org/way/753461158,2.06,
spa-and-swimming-pool,ba-vi,sight,candidate,ok,,attraction,,,Spa and swimming pool,,21.103981,105.421066,tourism=attraction,,,,,,,,,https://www.openstreetmap.org/node/4687830590,1.48,
phong-trung-bay-k9,ba-vi,sight,candidate,review,name: K9,museum,,,Phòng trưng bày K9,,21.116917,105.326247,tourism=museum,,,,,,,,,https://www.openstreetmap.org/way/1238255167,1.46,
dinh-ngoc-hoa,ba-vi,sight,candidate,ok,,nature,,,Đỉnh Ngọc Hoa,,21.069448,105.358007,natural=peak,,,,,,,,,https://www.openstreetmap.org/node/3154342340,1.35,
ao-vua,ba-vi,sight,candidate,ok,,lake,,,Ao Vua,,21.097639,105.375386,natural=water,,,,,,,,,https://www.openstreetmap.org/way/483170701,1.32,
dinh-tan-vien,ba-vi,sight,candidate,ok,,nature,,,Đỉnh Tản Viên,,21.062319,105.360768,natural=peak,,,,,,,,,https://www.openstreetmap.org/node/8681475359,1.31,
dinh-vua,ba-vi,sight,candidate,ok,,nature,,,Đỉnh Vua,,21.057996,105.367347,natural=peak,,,,,,,,,https://www.openstreetmap.org/node/8681467467,1.28,
nui-hang-hum,ba-vi,sight,candidate,ok,,nature,,,Núi Hang Hùm,,21.04882,105.34622,natural=peak,,,,,,,,,https://www.openstreetmap.org/node/11158965079,1.13,
du-lich-am-long-xanh,ba-vi,sight,candidate,ok,,attraction,,,Du lịch Ðầm Long Xanh,,21.169686,105.344421,tourism=theme_park,,,,,,,,,https://www.openstreetmap.org/way/1194336118,1.1,
ho-mit,ba-vi,sight,candidate,ok,,lake,,,Hồ Mít,,21.031284,105.356701,natural=water,,,,,,,,,https://www.openstreetmap.org/way/1164302163,1.01,
nui-da-de,ba-vi,sight,candidate,ok,,nature,,,Núi Da Dê,,21.024407,105.387514,natural=peak,,,,,,,,,https://www.openstreetmap.org/node/12292912836,0.94,
dap-vong,ba-vi,sight,candidate,ok,,lake,,,Đập Vống,,21.052213,105.310394,natural=water,,,,,,,,,https://www.openstreetmap.org/way/1194734075,0.9,
khu-du-lich-dao-ngoc-xanh,ba-vi,sight,candidate,ok,,attraction,,,Khu du lịch Đảo Ngọc Xanh,,21.165945,105.284614,tourism=theme_park,,,,,,,,,https://www.openstreetmap.org/way/857785100,0.86,
ho-cam-quy,ba-vi,sight,candidate,ok,,lake,,,Hồ Cẩm Quý,,21.141573,105.344579,natural=water,,,,,,,,,https://www.openstreetmap.org/way/1180485057,0.86,
dam-san,ba-vi,sight,candidate,ok,,lake,,,Đầm Sản,,21.042062,105.311162,natural=water,,,,,,,,,https://www.openstreetmap.org/way/1194734077,0.85,
thien-hoa-temple,ba-vi,sight,candidate,religious,active place of worship,religious,,,Đền Thiên Hoa,Thien Hoa temple,21.15803,105.47581,amenity=place_of_worship,,,,,,,,,https://www.openstreetmap.org/node/4664732689,0.78,
da-che,ba-vi,sight,candidate,ok,,nature,,,Đá Chẹ,,21.018793,105.318187,natural=peak,,,,,,,,,https://www.openstreetmap.org/node/11006300066,0.74,
doi-kien,ba-vi,sight,candidate,ok,,nature,,,Đồi Kiên,,21.092161,105.452702,natural=peak,,,,,,,,,https://www.openstreetmap.org/node/11051415444,0.74,
ho-meo-gu,ba-vi,sight,candidate,ok,,lake,,,Hồ Mèo Gù,,21.14783,105.32455,natural=water,,,,,,,,,https://www.openstreetmap.org/way/24425078,0.72,
nui-phuong-hoang,ba-vi,sight,candidate,ok,,nature,,,Núi Phượng Hoàng,,21.12304,105.449149,natural=peak,,,,,,,,,https://www.openstreetmap.org/node/11076398893,0.67,
khu-trung-bay-may-bay,ba-vi,sight,candidate,ok,,museum,,,Khu trưng bày máy bay,,21.140398,105.504919,tourism=museum,,,,,,,,,https://www.openstreetmap.org/node/11081071414,0.64,
ho-yen-thinh,ba-vi,sight,candidate,ok,,lake,,,Hồ Yên Thịnh,,21.161655,105.313901,natural=water,,,,,,,,,https://www.openstreetmap.org/way/1183638500,0.56,
doi-con-ma,ba-vi,sight,candidate,ok,,nature,,,Đồi Con Ma,,21.073761,105.479638,natural=peak,,,,,,,,,https://www.openstreetmap.org/node/11166285235,0.5,
ngay-hom-nay,ba-vi,sight,candidate,ok,,relic,,,Ngày hôm nay...,,21.118484,105.321822,historic=memorial,,,,,,,,,https://www.openstreetmap.org/node/11502465296,0.42,
nho-ngay-bac-toi,ba-vi,sight,candidate,ok,,relic,,,Nhớ ngày Bác tới...,,21.118252,105.321629,historic=memorial,,,,,,,,,https://www.openstreetmap.org/node/11502465299,0.42,
chua-khai-nguyen,ba-vi,sight,candidate,religious,active place of worship,religious,,,Chùa Khai Nguyên,,21.069625,105.505008,amenity=place_of_worship,Khoang Sau,,http://chuakhainguyen.com,,,,,,https://www.openstreetmap.org/node/4020097320,0.27,
ho-tong-lenh,ba-vi,sight,candidate,ok,,lake,,,Hồ Tòng Lệnh,,21.204735,105.346672,natural=water,,,,,,,,,https://www.openstreetmap.org/way/1184609158,0.27,
ho-yen-binh,ba-vi,sight,candidate,ok,,lake,,,Hồ Yên Bình,,20.985201,105.461531,natural=water,,,,,,,,,https://www.openstreetmap.org/way/947075392,0.26,
ho-phe-bac,ba-vi,sight,candidate,ok,,lake,,,Hồ Phe Bắc,,21.208764,105.414627,natural=water,,,,,,,,,https://www.openstreetmap.org/way/1185204891,0.18,
bia-khanh-thanh-ho-suoi-hai,ba-vi,sight,candidate,ok,,relic,,,Bia khánh thành Hồ Suối Hai,,21.165558,105.381992,historic=memorial,,,,,,,,,https://www.openstreetmap.org/node/11086025940,0.16,
gieng-ngoc,ba-vi,sight,candidate,ok,,lake,,,Giếng Ngọc,,21.138201,105.503602,natural=water,,,,,,,,,https://www.openstreetmap.org/way/1193756254,0.16,
ho-da-lat,ba-vi,sight,candidate,ok,,lake,,,Hồ Đa Lát,,21.003578,105.501524,natural=water,,,,,,,,,https://www.openstreetmap.org/way/1193924623,0.09,
to-quoc-ghi-cong,ba-vi,sight,candidate,review,name: Tổ Quốc Ghi Công,relic,,,Tổ Quốc Ghi Công,,21.180128,105.304791,historic=monument,,,,,,,,,https://www.openstreetmap.org/node/8772191067,-0.14,
den-va,ba-vi,sight,candidate,ok,,relic,,,Đền Và,,21.138634,105.485423,historic=wayside_shrine,,,,,,,,,https://www.openstreetmap.org/node/4900759139,-0.19,
den-thuong,ba-vi,sight,candidate,religious,active place of worship,religious,,,Đền Thượng,,21.062117,105.361165,amenity=place_of_worship,,,,,,,,,https://www.openstreetmap.org/node/8681483062,-0.19,
den-tho-bac-ho,ba-vi,sight,candidate,review,name: Bác Hồ,religious,,,Đền Thờ Bác Hồ,,21.05843,105.366953,amenity=place_of_worship,,,,,,,,,https://www.openstreetmap.org/node/2310466360,-0.21,
tuong-dai-ngo-quyen,ba-vi,sight,candidate,ok,,relic,,,Tượng đài Ngô Quyền,,21.141429,105.505154,historic=memorial,,,,,,,,,https://www.openstreetmap.org/node/8559636369,-0.36,
cho-dem,ba-vi,sight,candidate,ok,,market,,,Chợ Đêm,,21.147321,105.502109,amenity=marketplace,Đường Phú Hà,Mo-Su 10:00-05:00,,,,,,,https://www.openstreetmap.org/node/4532462397,-0.37,
ho-vuc-xanh,ba-vi,sight,candidate,ok,,lake,,,Hồ Vực Xanh,,21.219941,105.511061,natural=water,,,,,,,,,https://www.openstreetmap.org/way/290479012,-0.37,
khu-cam-trai-son-tinh-camp,ba-vi,sight,candidate,ok,,camp,,,Khu Cắm trại Sơn Tinh Camp,,21.048652,105.399988,tourism=camp_site,,,,,,,,,https://www.openstreetmap.org/node/11061707000,-0.41,
micasa-garden-ba-vi,ba-vi,sight,candidate,ok,,resort,,,Micasa Garden Ba Vì,,21.123526,105.386737,leisure=resort,,,,,,,,,https://www.openstreetmap.org/node/10964776851,-0.45,
family-resort,ba-vi,sight,candidate,ok,,resort,,,Family Resort,,21.049542,105.421959,leisure=resort,,,,,,,,,https://www.openstreetmap.org/node/6516578772,-0.56,
nha-tuong-niem-chu-tich-ho-chi-minh,ba-vi,sight,candidate,review,name: tưởng niệm,religious,,,Nhà tưởng niệm Chủ tịch Hồ Chí Minh,,21.118629,105.321357,amenity=place_of_worship,,,,,,,,,https://www.openstreetmap.org/way/1238243357,-0.58,
ba-ngoai,ba-vi,sight,candidate,ok,,relic,,,Ba ngoai,,21.248278,105.399677,historic=castle,,,,,,,,,https://www.openstreetmap.org/node/14084618401,-0.66,
ban-xoi-resort,ba-vi,sight,candidate,ok,,resort,,,Bản Xôi resort,,21.022628,105.422538,leisure=resort,,,,,,,,,https://www.openstreetmap.org/node/11088322086,-0.73,
zen-resort,ba-vi,sight,candidate,ok,,resort,,,Zen resort,,21.026288,105.428812,leisure=resort,,,,,,,,,https://www.openstreetmap.org/node/11088462618,-0.75,
chua-linh-thong,ba-vi,sight,candidate,religious,active place of worship,religious,,,Chùa Linh Thông,,21.122509,105.448903,amenity=place_of_worship,,,,,,,,,https://www.openstreetmap.org/way/1193271461,-0.83,
nghia-trang-liet-sy-vinh-tuong,ba-vi,sight,candidate,review,name: Nghĩa trang,relic,,,Nghĩa trang liệt sỹ Vĩnh Tường,,21.221941,105.508788,historic=monument,,,,,,,,,https://www.openstreetmap.org/way/1545960844,-0.87,
tuong-dai-anh-hung-liet-si-nguyen-viet-xuan,ba-vi,sight,candidate,review,name: Liệt sĩ,relic,,,Tượng đài anh hùng Liệt sĩ Nguyễn Viết Xuân,,21.21887,105.516874,historic=monument,,,,,,,,,https://www.openstreetmap.org/way/1194208982,-0.9,
lang-ngo-quyen,ba-vi,sight,candidate,religious,active place of worship,religious,,,Lăng Ngô Quyền,,21.147143,105.462492,amenity=place_of_worship,,,,,,,,,https://www.openstreetmap.org/node/5385301222,-1.06,
lynntimes-thanh-thuy,ba-vi,sight,candidate,ok,,resort,,,LynnTimes Thanh Thủy,,21.154658,105.283537,leisure=resort,,,,,,,,,https://www.openstreetmap.org/node/13584241501,-1.07,
ohayo-onsen,ba-vi,sight,candidate,ok,,nature,,,OHAYO Onsen,,21.154593,105.2823,natural=hot_spring,,,,,,,,,https://www.openstreetmap.org/way/1481248934,-1.08,
den-thien-hoa,ba-vi,sight,candidate,religious,active place of worship,religious,,,Đền Thiên Hoa,,21.141406,105.469995,amenity=place_of_worship,,,,,,,,,https://www.openstreetmap.org/node/4664696291,-1.09,
thao-vien-resort,ba-vi,sight,candidate,ok,,resort,,,Thảo Viên Resort,,21.095818,105.488425,leisure=resort,,,,,,,,,https://www.openstreetmap.org/way/500731230,-1.09,
nha-tho-son-loc,ba-vi,sight,candidate,religious,active place of worship,religious,,,Nhà thờ Sơn Lộc,,21.11166,105.488619,amenity=place_of_worship,,,,,,,,,https://www.openstreetmap.org/way/951420405,-1.12,
chua-mia,ba-vi,sight,candidate,religious,active place of worship,religious,,,Chùa Mía,,21.161904,105.467315,amenity=place_of_worship,,,,,,,,,https://www.openstreetmap.org/way/1089984777,-1.19,
dinh-dong-sang,ba-vi,sight,candidate,religious,active place of worship,religious,,,Đình Đông Sàng,,21.161672,105.468145,amenity=place_of_worship,,,,,,,,,https://www.openstreetmap.org/way/1089984778,-1.19,
cho-mia,ba-vi,sight,candidate,ok,,market,,,Chợ Mía,,21.16188,105.468431,amenity=marketplace,,,,,,,,,https://www.openstreetmap.org/way/1089984776,-1.2,
dinh-tay-dang,ba-vi,sight,candidate,religious,active place of worship,religious,,,Đình Tây Đằng,,21.196465,105.421115,amenity=place_of_worship,,,,,,,,,https://www.openstreetmap.org/way/1390007814,-1.22,
den-khai-thanh,ba-vi,sight,candidate,religious,active place of worship,religious,,,Đền Khải Thánh,,21.154264,105.483479,amenity=place_of_worship,,,,,,,,,https://www.openstreetmap.org/way/1192418437,-1.26,
thuong-dien,ba-vi,sight,candidate,religious,active place of worship,religious,,,Thượng Điện,,21.154241,105.483668,amenity=place_of_worship,,,,,,,,,https://www.openstreetmap.org/way/1192418443,-1.26,
dinh-chu-quyen,ba-vi,sight,candidate,religious,active place of worship,religious,,,đình Chu Quyến,,21.196422,105.442792,amenity=place_of_worship,,,,,,,,,https://www.openstreetmap.org/node/10709762806,-1.31,
den-chu-quyen,ba-vi,sight,candidate,religious,active place of worship,religious,,,đền Chu Quyến,,21.197409,105.443364,amenity=place_of_worship,,,,,,,,,https://www.openstreetmap.org/node/10712524505,-1.32,
nha-hat-son-tay,ba-vi,sight,candidate,ok,,arts,,,Nhà hát Sơn Tây,,21.140914,105.502339,amenity=theatre,,,,,,,,,https://www.openstreetmap.org/way/921987265,-1.34,
cho-nghe,ba-vi,sight,candidate,ok,,market,,,Chợ Nghệ,,21.137246,105.506308,amenity=marketplace,,,,,,,,,https://www.openstreetmap.org/way/921987261,-1.36,
vuon-hoa-son-tay,ba-vi,sight,candidate,ok,,park,,,Vườn hoa Sơn Tây,,21.141384,105.505098,leisure=park,,,,,,,,,https://www.openstreetmap.org/way/921987264,-1.36,
cong-vien-thanh-co-son-tay,ba-vi,sight,candidate,ok,,park,,,Công viên Thành cổ Sơn Tây,,21.139841,105.505745,leisure=park,,,,,,,,,https://www.openstreetmap.org/way/1193781063,-1.36,
sieu-thi-thanh-son,ba-vi,sight,candidate,ok,,market,,,Siêu thị Thành Sơn,,21.138973,105.507201,amenity=marketplace,,,,,,,,,https://www.openstreetmap.org/node/1711447442,-1.37,
dinh-thon-an-lao-tren,ba-vi,sight,candidate,religious,active place of worship,religious,,,Đình Thôn An Lão Trên,,21.174961,105.482113,amenity=place_of_worship,,,,,,,,,https://www.openstreetmap.org/way/588323235,-1.37,
chua-an-son,ba-vi,sight,candidate,religious,active place of worship,religious,,,Chùa An Sơn,,21.175017,105.482696,amenity=place_of_worship,,,,,,,,,https://www.openstreetmap.org/node/5628801046,-1.38,
nha-tho-son-tay,ba-vi,sight,candidate,religious,active place of worship,religious,,,Nhà thờ Sơn Tây,,21.142958,105.506047,amenity=place_of_worship,,,,,,,,,https://www.openstreetmap.org/way/947089976,-1.38,
asean-resort-spa,ba-vi,sight,candidate,ok,,resort,,,Asean Resort & Spa,,21.032203,105.513835,leisure=resort,,,,,,,,,https://www.openstreetmap.org/way/500731229,-1.39,
nghia-dia,ba-vi,sight,candidate,review,name: Nghĩa địa,religious,,,Nghĩa địa,,21.179886,105.482545,amenity=place_of_worship,,,,,,,,,https://www.openstreetmap.org/way/589463324,-1.41,
cho-nhong,ba-vi,sight,candidate,ok,,market,,,Chợ Nhông,,21.226749,105.37695,amenity=marketplace,,,,,,,,,https://www.openstreetmap.org/way/1195179611,-1.43,
cho-hoa-lac,ba-vi,sight,candidate,ok,,market,,,Chợ Hòa Lạc,,21.02722,105.518886,amenity=marketplace,,,,,,,,,https://www.openstreetmap.org/node/9844633824,-1.44,
flc-luxury-resort-vinh-phuc,ba-vi,sight,candidate,ok,,resort,,,FLC Luxury Resort Vĩnh Phúc,,21.18093,105.487803,leisure=resort,,,,,,,,,https://www.openstreetmap.org/way/500830912,-1.45,
nha-tho-chu-chang,ba-vi,sight,candidate,religious,active place of worship,religious,,,Nhà thờ Chu Chàng,,21.204316,105.457381,amenity=place_of_worship,,,,,,,,,https://www.openstreetmap.org/way/1106811309,-1.45,
dinh-phu-xuyen,ba-vi,sight,candidate,religious,active place of worship,religious,,,Đình Phú Xuyên,,21.23157,105.42685,amenity=place_of_worship,,,,,,,,,https://www.openstreetmap.org/way/1090717264,-1.56,
dinh-phuong-chau,ba-vi,sight,candidate,religious,active place of worship,religious,,,Đình Phương Châu,,21.247157,105.423391,amenity=place_of_worship,,,,,,,,,https://www.openstreetmap.org/node/10712262605,-1.7,
dinh-cam-da,ba-vi,sight,candidate,ok,,attraction,,,đình Cam Đà,,21.162981,105.459756,tourism=artwork,,,,,,,,,https://www.openstreetmap.org/node/10711689105,-2.15,
mi-8,ba-vi,sight,candidate,ok,,attraction,,,Mi-8,,21.140319,105.504594,tourism=artwork,,,,,,,,,https://www.openstreetmap.org/node/11080918535,-2.35,
mig-21bis,ba-vi,sight,candidate,ok,,attraction,,,MiG-21bis,,21.140384,105.504409,tourism=artwork,,,,,,,,,https://www.openstreetmap.org/node/11080918543,-2.35,
dinh-tuong-phieu,ba-vi,sight,candidate,ok,,attraction,,,đình Tường Phiêu,,21.113972,105.518342,tourism=artwork,,,,,,,,,https://www.openstreetmap.org/node/10711343405,-2.39,
den-dao-xa,ba-vi,sight,candidate,ok,,attraction,,,đền Đào Xá,,21.228295,105.291605,tourism=artwork,,,,,,,,,https://www.openstreetmap.org/node/10712466105,-2.61,
dinh-tho-tang,ba-vi,sight,candidate,ok,,attraction,,,đình Thổ Tang,,21.254627,105.489459,tourism=artwork,,,,,,,,,https://www.openstreetmap.org/node/10709753005,-3.01,
nha-hang-ban-cooc-garden,ba-vi,food,candidate,ok,,restaurant,vietnamese,,Nhà hàng Bản Coốc Garden,,21.066218,105.325837,amenity=restaurant,,24/7,https://bancoocgarden.vn,,,,,,https://www.openstreetmap.org/node/8550864696,2.08,
coffee-may,ba-vi,food,candidate,ok,,cafe,,,Cà Phê Mây,coffee may,21.143591,105.502483,amenity=cafe,Đường Phú Hà,,,,,,,,https://www.openstreetmap.org/node/4532521390,0.65,
coffee-nhi,ba-vi,food,candidate,ok,,cafe,,,Cà Phê Nhi,coffee nhi,21.14366,105.503095,amenity=cafe,Đường Phú Hà,,,,,,,,https://www.openstreetmap.org/node/4532459295,0.64,
coffee-food,ba-vi,food,candidate,ok,,cafe,,,Cà Phê Mộc,coffee food,21.146429,105.501969,amenity=cafe,Đường La Thành,,,,,,,,https://www.openstreetmap.org/node/4532459296,0.64,
trung-nguyen-coffee,ba-vi,food,candidate,ok,,cafe,"coffee_shop, vietnamese",Trung Nguyên,Trung Nguyên Coffee,Trung Nguyên Coffee,21.142984,105.503281,amenity=cafe,Phố Đinh Tiên Hoàng,Mo-Su 07:00-22:00,,,,,,,https://www.openstreetmap.org/node/4532521491,0.15,
nha-hang-lam-ky,ba-vi,food,candidate,ok,,restaurant,vietnamese,,Nhà Hàng Lâm Ký,,21.134227,105.503133,amenity=restaurant,,,,,,,,,https://www.openstreetmap.org/node/1711447439,-0.32,
nha-hang-dong-thanh,ba-vi,food,candidate,ok,,restaurant,vietnamese,,Nhà hàng Đông Thành,,21.136024,105.505606,amenity=restaurant,,,,,,,,,https://www.openstreetmap.org/node/1711457407,-0.35,
huong-quynh-trau-ngon-36-mon,ba-vi,food,candidate,ok,,restaurant,vietnamese,,Hương Quỳnh - Trâu Ngon 36 Món,,21.21493,105.403835,amenity=restaurant,,,,,,,,,https://www.openstreetmap.org/node/11093570357,-0.35,
nha-hang-quyet-coi,ba-vi,food,candidate,ok,,restaurant,,,Nhà hàng Quyết Còi,,21.138103,105.299981,amenity=restaurant,,,,,,,,,https://www.openstreetmap.org/way/1481281909,-0.35,
thien-vuong-quan-nhau,ba-vi,food,candidate,ok,,restaurant,vietnamese,,Thiên Vương Quán nhậu,,21.232419,105.357624,amenity=restaurant,,,,,,,,,https://www.openstreetmap.org/node/11093672118,-0.49,
nha-hang-viet-hoang,ba-vi,food,candidate,ok,,restaurant,vietnamese,,Nhà hàng Việt Hoàng,,21.232728,105.356883,amenity=restaurant,,,,,,,,,https://www.openstreetmap.org/node/11093689620,-0.49,
nha-hang-anh-vu,ba-vi,food,candidate,ok,,restaurant,vietnamese,,Nhà hàng Anh Vũ,,21.232928,105.356485,amenity=restaurant,,,,,,,,,https://www.openstreetmap.org/node/11093689652,-0.49,
hong-men-quan,ba-vi,food,candidate,ok,,restaurant,vietnamese,,Hồng Mến Quán,,21.233132,105.355684,amenity=restaurant,,,,,,,,,https://www.openstreetmap.org/node/11093721475,-0.49,
nha-hang-k,ba-vi,food,candidate,ok,,restaurant,,,Nhà hàng K,,21.117207,105.326552,amenity=restaurant,,,,,,,,,https://www.openstreetmap.org/way/1238258432,-0.53,
ben-thuy,ba-vi,food,candidate,ok,,cafe,,,Bến Thủy,,21.164558,105.376123,amenity=cafe,,,,,,,,,https://www.openstreetmap.org/node/10968039628,-0.82,
mo-coffee-tea,ba-vi,food,candidate,ok,,cafe,,,Mơ Coffee & Tea,,21.153161,105.286618,amenity=cafe,,,,,,,,,https://www.openstreetmap.org/node/13584938402,-1.04,
nha-hang-87,ba-vi,food,candidate,ok,,restaurant,chicken,,Nhà hàng 87,,21.153284,105.286044,amenity=restaurant,,,,,,,,,https://www.openstreetmap.org/node/13584942102,-1.04,
nha-hang-minh-nhung,ba-vi,food,candidate,ok,,restaurant,,,Nhà hàng Minh Nhung,,21.153265,105.285235,amenity=restaurant,,,,,,,,,https://www.openstreetmap.org/node/13584942402,-1.05,
nha-hang-trang-tao,ba-vi,food,candidate,ok,,restaurant,,,Nhà hàng Trang Tạo,,21.153267,105.285299,amenity=restaurant,,,,,,,,,https://www.openstreetmap.org/node/13584953805,-1.05,
nha-hang-minh-luan,ba-vi,food,candidate,ok,,restaurant,fish,,Nhà hàng Minh Luân,,21.155721,105.28286,amenity=restaurant,,,,,,,,,https://www.openstreetmap.org/node/13584778101,-1.08,
metta-hoan-ngoc-vegan-restaurant,ba-vi,food,candidate,ok,,restaurant,"asian, pizza, regional, vietnamese, sausage, noodle, sandwich, burger, curry",Onzen Hospitality,Metta Hoan Ngoc Vegan Restaurant,,21.153146,105.28059,amenity=restaurant,Khu 1,Mo-Su 09:00-19:00,https://onzen.life,,,,,,https://www.openstreetmap.org/node/14052570672,-1.08,
nha-dich-vu,ba-vi,food,candidate,ok,,street_food,,,Nhà dịch vụ,,21.115251,105.485669,amenity=fast_food,,,,,,,,,https://www.openstreetmap.org/way/1292765536,-1.1,
nha-hang-ngoc-trai,ba-vi,food,candidate,ok,,restaurant,,,Nhà hàng Ngọc Trai,,21.16663,105.282119,amenity=restaurant,,,,,,,,,https://www.openstreetmap.org/way/1387960300,-1.16,
son-tay,ba-vi,food,candidate,ok,,cafe,,,Son Tay,,21.049176,105.504621,amenity=cafe,,,,,,,,,https://www.openstreetmap.org/node/4747792522,-1.26,
quan-nhau-do-an,ba-vi,food,candidate,adult,alcohol / 18+,bar,,,quán nhậu đồ ăn,,21.14313,105.503185,amenity=pub,Đường Phú Hà,,,,,,,,https://www.openstreetmap.org/node/4532462396,-1.35,
quan-ca-phe,ba-vi,food,candidate,ok,,cafe,,,quán cà phê,,21.143123,105.503261,amenity=cafe,Đường Phú Hà,,,,,,,,https://www.openstreetmap.org/node/4532490893,-1.36,
quan-pho-ba-beo,ba-vi,food,candidate,ok,,street_food,,,quán phở bà béo,,21.143088,105.503332,amenity=fast_food,Phố Đinh Tiên Hoàng,,,,,,,,https://www.openstreetmap.org/node/4532514193,-1.36,
sua-ba-vi,ba-vi,food,candidate,ok,,restaurant,,,Sua Ba Vi,,21.128606,105.515058,amenity=restaurant,,,,,,,,,https://www.openstreetmap.org/node/4115830290,-1.4,
cua-hang-bun-bay-cuong,ba-vi,food,candidate,ok,,restaurant,,,Cửa Hàng Bún Bẩy Cường,,21.029647,105.51737,amenity=restaurant,,,,,,,,,https://www.openstreetmap.org/node/9377994036,-1.42,
chot-nho,ba-vi,food,candidate,ok,,cafe,,,Chợt Nhỡ,,21.232621,105.357148,amenity=cafe,,,,,,,,,https://www.openstreetmap.org/node/11093672144,-1.49,
cafe-thuy-duong,ba-vi,food,candidate,ok,,cafe,,,Cafe Thuỳ Dương,,21.232802,105.356727,amenity=cafe,,,,,,,,,https://www.openstreetmap.org/node/11093689635,-1.49,
anh-tung-cafe,ba-vi,food,candidate,ok,,cafe,,,Anh Tùng Cafe,,21.233193,105.355522,amenity=cafe,,,,,,,,,https://www.openstreetmap.org/node/11093749824,-1.5,
mountain-view-brg-kings-island,ba-vi,fun,candidate,ok,,sport,,,Mountain View - BRG Kings Island,,21.053034,105.467504,leisure=golf_course,,,,,,,,,https://www.openstreetmap.org/way/1190015423,-0.92,
king-s-island-golf,ba-vi,fun,candidate,ok,,sport,,,King's Island Golf,,21.060947,105.472719,leisure=golf_course,,,,,,,,,https://www.openstreetmap.org/way/1466977031,-0.95,
karaoke-hai-anh,ba-vi,fun,candidate,ok,,karaoke,,,Karaoke Hải Anh,,21.121039,105.499857,amenity=karaoke_box,Số 3 Ngõ 18 Chùa thông,,,,,,,,https://www.openstreetmap.org/node/4045336655,-1.24,
san-van-dong-quang-oai,ba-vi,fun,candidate,ok,,sport,,,Sân vận động Quảng Oai,,21.197182,105.424993,leisure=stadium,,,,,,,,,https://www.openstreetmap.org/way/1062770972,-1.24,
san-van-dong-son-tay,ba-vi,fun,candidate,ok,,sport,,,Sân vận động Sơn Tây,,21.136968,105.50136,leisure=stadium,,,,,,,,,https://www.openstreetmap.org/way/921987263,-1.31,
rap-2-9,ba-vi,fun,candidate,ok,,cinema,,,Rạp 2-9,,21.14396,105.505954,amenity=cinema,9 Phố Lê Lai,,,,,,,,https://www.openstreetmap.org/way/1308421316,-1.38,
karaoke-top-new,ba-vi,fun,candidate,ok,,karaoke,,,Karaoke Top New,,21.233003,105.356055,amenity=karaoke_box,,,,,,,,,https://www.openstreetmap.org/node/11093721454,-1.49,
trung-tam-the-thao-viettel,ba-vi,fun,candidate,ok,,sport,,,Trung tâm Thể thao Viettel,,20.986653,105.519852,leisure=sports_centre,,,,,,,,,https://www.openstreetmap.org/way/939272973,-1.63,
san-van-dong-xa-vinh-tuong,ba-vi,fun,candidate,ok,,sport,,,Sân vận động xã Vĩnh Tường,,21.221508,105.506881,leisure=sports_centre,,,,,,,,,https://www.openstreetmap.org/way/1282330312,-1.85,
nha-the-chat,ba-vi,fun,candidate,ok,,sport,,,Nhà thể chất,,21.224599,105.508866,leisure=pitch,,,,,,,,,https://www.openstreetmap.org/way/1544980188,-1.89,
nha-thieu-nhi-vinh-tuong,ba-vi,fun,candidate,ok,,sport,,,Nhà Thiếu Nhi Vĩnh Tường,,21.223555,105.519681,leisure=sports_centre,Đường Đội Cấn,,,,,,,,https://www.openstreetmap.org/way/1551234742,-1.95,
hoa-lo-prison,hoan-kiem,sight,candidate,review,name: Nhà tù,museum,,,Nhà tù Hỏa Lò,Hoa Lo Prison,21.025376,105.846427,tourism=museum,1 Phố Hỏa Lò,Mo-Su 08:00-17:00,,Q1359941,Nhà tù Hỏa Lò,Hỏa Lò Prison,1896,HanoiHilton.jpg,https://www.openstreetmap.org/way/340128580,9.91,
vietnamese-women-s-museum,hoan-kiem,sight,candidate,ok,,museum,,,Bảo tàng Phụ nữ Việt Nam,Vietnamese Women's Museum,21.023402,105.851603,tourism=museum,36 Phố Lý Thường Kiệt,Mo-Su 08:00-17:00,https://www.baotangphunu.org.vn/,Q10743287,Bảo tàng Phụ nữ Việt Nam,Vietnamese Women's Museum,1987,"Vietnamese Women's Museum, Women's Fashion section.JPG",https://www.openstreetmap.org/way/704147278,9.51,
ho-chi-minh-mausoleum,hoan-kiem,sight,candidate,review,name: Lăng Chủ tịch,relic,,,Lăng Chủ tịch Hồ Chí Minh,Ho Chi Minh Mausoleum,21.036762,105.834692,tourism=attraction,1 Đường Hùng Vương,"Tu-Th 07:30-10:30; Sa,Su 07:30-11:00",,Q874234,Lăng Chủ tịch Hồ Chí Minh,Ho Chi Minh Mausoleum,1975,Ho chi minh mausoleum.jpg,https://www.openstreetmap.org/way/37625751,9.36,
national-museum-of-vietnamese-history,hoan-kiem,sight,candidate,ok,,museum,,,Bảo tàng Lịch sử Quốc gia Việt Nam,National Museum of Vietnamese History,21.024243,105.859716,tourism=museum,1 Phố Tràng Tiền,"Mo off; Tu-Su 08:00-12:00,13:30-17:00",,Q5370414,Bảo tàng Lịch sử quốc gia (Việt Nam),Vietnam National Museum of History,1958,"Vietnam National Museum of History, Hanoi, Vietnam.jpg",https://www.openstreetmap.org/way/37933256,9.28,
vietnam-fine-arts-museum,hoan-kiem,sight,candidate,ok,,museum,,,Bảo tàng Mỹ thuật Việt Nam,Vietnam Fine Arts Museum,21.030653,105.837032,tourism=museum,66 Phố Nguyễn Thái Học,Mo-Su 08:30-17:00,http://vnfam.vn/,Q3654706,Bảo tàng Mỹ thuật Việt Nam,Vietnam National Museum of Fine Arts,1966,"Vietnam National Museum of Fine Arts, Hanoi, Vietnam - 20131030-03.JPG",https://www.openstreetmap.org/relation/21425134,9.21,
vietnam-soviet-friendship-cultural-center,hoan-kiem,sight,candidate,ok,,attraction,,,Cung Văn hóa Lao động Hữu nghị Việt Xô,Vietnam-Soviet Friendship Cultural Center,21.022216,105.844235,tourism=attraction,91 Phố Trần Hưng Đạo,,https://cungvanhoalaodonghuunghivietxo.vn/,Q10751146,Cung Văn hóa Lao động Hữu nghị Việt Xô,,,Cung Văn hóa Hữu nghị Việt - Xô 12-Jun-22 12.jpg,https://www.openstreetmap.org/way/228075195,9.1,
doan-mon-gate,hoan-kiem,sight,candidate,ok,,relic,,,Đoan Môn,Doan Mon Gate,21.035257,105.840252,tourism=attraction,,,,Q20025612,Đoan Môn,,,,https://www.openstreetmap.org/way/696389268,8.83,
the-huc-bridge,hoan-kiem,sight,candidate,ok,,attraction,,,Cầu Thê Húc,The Huc Bridge,21.030769,105.852782,tourism=attraction,,,,Q10752403,Cầu Thê Húc,Thê Húc Bridge,1865,Cầu thê húc Hà nội vietnam - panoramio.jpg,https://www.openstreetmap.org/way/9566542,8.82,
hanoi-post-office,hoan-kiem,sight,candidate,ok,,attraction,,,Tòa nhà trung tâm Bưu điện Hà Nội,Hanoi Post Office,21.026506,105.853726,tourism=attraction,75 Phố Đinh Tiên Hoàng,,,Q113457479,Bưu điện Hà Nội,,,04482-Hanoi (32954147035).jpg,https://www.openstreetmap.org/way/704153620,8.77,
hoa-phong-tower,hoan-kiem,sight,candidate,ok,,attraction,,,Tháp Hòa Phong,Hoa Phong Tower,21.026336,105.853313,tourism=attraction,,,,Q10825843,Tháp Hòa Phong,,,,https://www.openstreetmap.org/way/1219991538,8.77,
ho-chi-minh-museum,hoan-kiem,sight,candidate,review,name: Hồ Chí Minh,museum,,,Bảo tàng Hồ Chí Minh,Ho Chi Minh Museum,21.035618,105.832625,tourism=museum,19 Phố Ngọc Hà,Tu-Th 08:00-11:30; Sa-Su 14:00-16:30,,Q1055897,Bảo tàng Hồ Chí Minh,Ho Chi Minh Museum,,"Ho Chi Minh museum, Hanoi 2.jpg",https://www.openstreetmap.org/way/37629143,8.74,
tonkin-palace,hoan-kiem,sight,candidate,ok,,attraction,,,Bắc Bộ Phủ,Tonkin Palace,21.02662,105.855284,tourism=attraction,12 Phố Ngô Quyền,,,Q10743330,Trụ sở làm việc Cơ quan Chủ tịch nước,Tonkin Palace,,Bắc Bộ phủ - 2022-09-02 01.jpg,https://www.openstreetmap.org/way/704153616,8.7,
hoan-kiem-lake,hoan-kiem,sight,candidate,ok,,lake,,,Hồ Hoàn Kiếm,Hoàn Kiếm Lake,21.028799,105.852371,natural=water,,,,Q1151254,Hồ Hoàn Kiếm,Hoàn Kiếm Lake,,Ho Hoan Kiem (13574475044).jpg,https://www.openstreetmap.org/relation/198437,8.49,
house-number-48-hang-ngang-street,hoan-kiem,sight,candidate,ok,,museum,,,Nhà 48 phố Hàng Ngang,House number 48 Hang Ngang Street,21.034328,105.850439,tourism=museum,48 Hàng Ngang,,,Q10800786,Nhà 48 Hàng Ngang,,,,https://www.openstreetmap.org/node/445345255,8.48,
opera-house,hoan-kiem,sight,candidate,ok,,arts,,,Nhà hát Lớn,Opera House,21.024193,105.857825,tourism=attraction,1A Phố Tràng Tiền,,,Q1186043,Nhà hát Lớn Hà Nội,Hanoi Opera House,1911,"Hanoi Opera House, 24 December 2016.jpg",https://www.openstreetmap.org/way/37933050,8.4,
hanoi-train-street,hoan-kiem,sight,candidate,review,access=private,attraction,,,Phố đường tàu Hà Nội,Hanoi Train Street,21.029974,105.843128,tourism=attraction,,,,Q85788921,Phố đường tàu Hà Nội,Hanoi Train Street,,Hanoi Train Street (20231225b) (53489076293).jpg,https://www.openstreetmap.org/way/1247135450,8.21,
hanoidong-dang-railway,hoan-kiem,sight,candidate,ok,,attraction,,,Đường sắt Hà Nội - Đồng Đăng,Hanoi–Dong Dang Railway,21.038781,105.847153,tourism=attraction,,,,Q10841016,Đường sắt Hà Nội – Đồng Đăng,Hanoi–Đồng Đăng railway,,Headed south to Hanoi.jpg,https://www.openstreetmap.org/way/292907018,8.01,
turtle-tower,hoan-kiem,sight,candidate,review,access=private,relic,,,Tháp Rùa,Turtle Tower,21.027873,105.852293,historic=monument,,,,Q1134533,Tháp Rùa,Turtle Tower,,Turtle Tower c2006.jpg,https://www.openstreetmap.org/way/178995269,7.92,
ngoc-son-temple,hoan-kiem,sight,candidate,religious,active place of worship,religious,,,Đền Ngọc Sơn,Ngoc Son Temple,21.03073,105.852376,amenity=place_of_worship,,Mo-Fr 07:00-18:00,,Q3517494,Đền Ngọc Sơn,Ngọc Sơn Temple,,Cổng đền Ngọc Sơn.jpg,https://www.openstreetmap.org/way/178995262,7.83,
imperial-citadel-of-thang-long,hoan-kiem,sight,candidate,ok,,park,,,Hoàng thành Thăng Long,Imperial Citadel of Thang Long,21.036289,105.840442,historic=castle,,Tu-Su 08:00-17:00,,Q206219,Hoàng thành Thăng Long,Imperial Citadel of Thăng Long,,Main Gate - Citadel of Hanoi.jpg,https://www.openstreetmap.org/relation/21425205,7.8,
dien-hong-park,hoan-kiem,sight,candidate,ok,,park,,,Vườn hoa Diên Hồng,Dien Hong Park,21.026481,105.856013,leisure=park,,24/7,,Q10834022,Vườn hoa Diên Hồng,,,,https://www.openstreetmap.org/way/879841441,7.64,
cua-bac-church,hoan-kiem,sight,candidate,religious,active place of worship,religious,,,Nhà thờ Cửa Bắc,Cua Bac Church,21.041453,105.840506,tourism=attraction,,,,Q1088224,Nhà thờ Cửa Bắc,Cửa Bắc Church,1932,4G4A7753 HDR.jpg,https://www.openstreetmap.org/way/698018249,7.5,
ba-dinh-square,hoan-kiem,sight,candidate,ok,,attraction,,,Quảng trường Ba Đình,Ba Dinh Square,21.036972,105.835802,tourism=attraction,,,,Q2234574,Quảng trường Ba Đình,Ba Đình Square,,"Hanoi, Vietnam, Ho Chi Minh Mausoleum on Ba Dinh Square.jpg",https://www.openstreetmap.org/relation/21401560,7.43,
thien-quang-lake,hoan-kiem,sight,candidate,ok,,lake,,,Hồ Thiền Quang,Thien Quang Lake,21.018433,105.845526,natural=water,,,,Q7349899,Hồ Thiền Quang,Thiền Quang Lake,,Hồ Thiền Quang.jpg,https://www.openstreetmap.org/relation/3375635,7.41,
bach-ma-temple,hoan-kiem,sight,candidate,religious,active place of worship,religious,,,Đền Bạch Mã,Bach Ma Temple,21.035913,105.850991,amenity=place_of_worship,76 Hàng Buồm,"Tu-Su 08:00-11:00, 14:00-17:00",,Q10841667,Đền Bạch Mã,,,Den Bach Ma.jpg,https://www.openstreetmap.org/way/700840711,7.35,
one-pillar-pagoda,hoan-kiem,sight,candidate,religious,active place of worship,religious,,,Chùa Một Cột,One Pillar Pagoda,21.035856,105.833614,tourism=attraction,Phố Ông Ích Khiêm,,,Q1186292,Chùa Một Cột,One Pillar Pagoda,,"Hanoi, Vietnam (12041825854).jpg",https://www.openstreetmap.org/way/697326496,7.31,
o-quan-chuong-city-gate,hoan-kiem,sight,candidate,ok,,relic,,,Ô Quan Chưởng,O Quan Chuong City Gate,21.037331,105.852198,historic=city_gate,,,,Q10839688,Ô Quan Chưởng,,,04366-Hanoi (32236398371).jpg,https://www.openstreetmap.org/way/700627452,7.24,
dong-xuan-market,hoan-kiem,sight,candidate,ok,,market,,,Chợ Đồng Xuân,Dong Xuan Market,21.038242,105.849673,amenity=marketplace,,Mo-Su 06:00-19:00,,Q1094375,Chợ Đồng Xuân,Đồng Xuân Market,,Dong Xuan market.jpg,https://www.openstreetmap.org/way/1212230635,7.13,
bay-mau-lake,hoan-kiem,sight,candidate,ok,,lake,,,Hồ Bảy Mẫu,Bay Mau Lake,21.011524,105.843611,natural=water,,,,Q10771941,Hồ Bảy Mẫu,,,,https://www.openstreetmap.org/relation/6971369,6.8,
ba-kieu-temple,hoan-kiem,sight,candidate,religious,active place of worship,religious,,,Đền Bà Kiệu,Ba Kieu Temple,21.031107,105.853457,amenity=place_of_worship,Phố Đinh Tiên Hoàng,,,Q16481078,Đền Bà Kiệu,,,,https://www.openstreetmap.org/relation/16640104,6.78,
ly-thai-to-park,hoan-kiem,sight,candidate,ok,,park,,,Vườn hoa Lý Thái Tổ,Ly Thai To Park,21.027452,105.854748,leisure=park,,,,Q25418011,Vườn hoa Chí Linh,,,Nhà bát giác Hồ Gươm - 2022-09-02 03.jpg,https://www.openstreetmap.org/relation/21390321,6.78,
saint-joseph-cathedral,hoan-kiem,sight,candidate,religious,active place of worship,religious,,,Nhà thờ Lớn,Saint Joseph Cathedral,21.028659,105.848851,amenity=place_of_worship,40 Nhà Chung,,,Q1923783,Nhà thờ Lớn Hà Nội,"St. Joseph's Cathedral, Hanoi",1886,St. Joseph's Cathedral - 50129345872.jpg,https://www.openstreetmap.org/way/28912942,6.7,
monument-to-heroes-and-martyrs,hoan-kiem,sight,candidate,review,name: tưởng niệm,relic,,,Đài tưởng niệm các Anh hùng liệt sĩ,Monument to Heroes and Martyrs,21.036036,105.838691,historic=monument,,,,Q7928570,,Memorial to the Revolutionary Martyrs,,,https://www.openstreetmap.org/relation/17877970,6.69,
cong-nhan-workers-theatre,hoan-kiem,sight,candidate,ok,,arts,,,Rạp Công Nhân,Cong Nhan (Workers) Theatre,21.025308,105.854807,amenity=theatre,42 Phố Tràng Tiền,,,Q10812079,Rạp Công Nhân (Hà Nội),,,"Rạp Công Nhân, Tràng Tiền, Hà Nội 001.JPG",https://www.openstreetmap.org/relation/18622930,6.64,
truc-bach-lake,hoan-kiem,sight,candidate,ok,,lake,,,Hồ Trúc Bạch,Truc Bach Lake,21.046331,105.839221,natural=water,,,,Q1320141,Hồ Trúc Bạch,Trúc Bạch Lake,,Hanoi skyline (22813421939).jpg,https://www.openstreetmap.org/relation/9735266,6.59,
thong-nhat-park,hoan-kiem,sight,candidate,ok,,park,,,Công viên Thống Nhất,Thong Nhat Park,21.012508,105.844525,leisure=park,,Mo-Su 06:00-22:00,,Q10752058,Công viên Thống Nhất,,,Cẩm Tú Palace inside Thống Nhất Park 07-05-2007.jpg,https://www.openstreetmap.org/way/37933849,6.41,
quan-su-pagoda,hoan-kiem,sight,candidate,religious,active place of worship,religious,,,Chùa Quán Sứ,Quan Su Pagoda,21.024453,105.845415,amenity=place_of_worship,79 Phố Quán Sứ,,,Q7273080,Chùa Quán Sứ,Quán Sứ Pagoda,,Cổng chùa Quán Sứ.jpg,https://www.openstreetmap.org/way/704134588,6.3,
lenin-park,hoan-kiem,sight,candidate,ok,,park,,,Công viên Lê-nin,Lenin Park,21.031782,105.839584,leisure=park,,,,Q10752053,Công viên Lê-nin,Lenin Park (Hanoi),,Lenin in Hanoy.jpg,https://www.openstreetmap.org/way/185540946,5.9,
pen-tower,hoan-kiem,sight,candidate,ok,,attraction,,,Tháp Bút,Pen Tower,21.030639,105.853387,tourism=artwork,,,,Q10825830,Tháp Bút,,,,https://www.openstreetmap.org/node/5857310193,5.82,
presidential-palace-historical-site,hoan-kiem,sight,candidate,review,name: Chủ tịch,park,,,Khu Di tích Phủ Chủ tịch,Presidential Palace Historical Site,21.038861,105.834232,leisure=park,,,,Q5370392,Khu di tích Phủ Chủ tịch,Presidential Palace Historical Site,,Ho Chi Minh House 1463237026 5317a7aaed.jpg,https://www.openstreetmap.org/relation/21404732,5.24,
quan-thanh-temple,hoan-kiem,sight,candidate,religious,active place of worship,religious,,,Đền Quán Thánh,Quan Thanh Temple,21.04303,105.836588,amenity=place_of_worship,194 Phố Quán Thánh,,,Q5370148,Đền Quán Thánh,Quán Thánh Temple,,Đền Quán Thánh.JPG,https://www.openstreetmap.org/way/207178320,5.17,
thien-quang-lake-4144,hoan-kiem,sight,candidate,ok,,lake,,,Thiên Quang tỉnh,Thien Quang Lake,21.028757,105.835968,natural=water,,,,Q110923596,,,,Van Mieu Hanoi 2803349078 17fded93b5 t.jpg,https://www.openstreetmap.org/way/37934144,5.13,
kim-lien-temple,hoan-kiem,sight,candidate,religious,active place of worship,religious,,,Đền Kim Liên,Kim Lien Temple,21.010678,105.838174,amenity=place_of_worship,,,,Q10840590,Đền Kim Liên,,,,https://www.openstreetmap.org/way/947089943,5.0,
west-lake,hoan-kiem,sight,candidate,ok,,lake,,,Hồ Tây,West Lake,21.058052,105.823833,natural=water,,,,Q1187394,Hồ Tây,West Lake (Hanoi),,West Lake (Hanoi).jpg,https://www.openstreetmap.org/way/9635863,4.97,
hanoi-botanical-gardens,hoan-kiem,sight,candidate,ok,,park,,,Vườn bách thảo Hà Nội,Hanoi Botanical Gardens,21.040144,105.831275,leisure=garden,,,,Q9010921,Vườn bách thảo Hà Nội,,1890,Bachthaohn.jpg,https://www.openstreetmap.org/way/207178319,4.97,
geological-museum,hoan-kiem,sight,candidate,ok,,museum,,,Bảo tàng Địa chất Việt Nam,Geological Museum,21.023552,105.858772,tourism=museum,6 Phố Phạm Ngũ Lão,"Mo-Fr 08:00-12:00, 13:00-17:00",,,,,,,https://www.openstreetmap.org/node/4499978190,4.8,
night-market,hoan-kiem,sight,candidate,ok,,market,,,Chợ Đêm,Night Market,21.033219,105.852376,tourism=attraction,,Fr-Su 19:00-22:00,,,,,,,https://www.openstreetmap.org/node/4572907889,4.61,
hanoi-weekend-night-market,hoan-kiem,sight,candidate,ok,,market,,,Chợ Đêm Hàng Đào – Đồng Xuân,Hanoi Weekend Night Market,21.033508,105.850957,tourism=attraction,Hàng Đào,Fr-Su 18:00-00:00,,,,,,,https://www.openstreetmap.org/node/4489385889,4.56,
nha-hat-hong-ha,hoan-kiem,sight,candidate,ok,,arts,,,Nhà hát Hồng Hà,,21.031524,105.847239,amenity=theatre,,,,Q10800832,Nhà hát Hồng Hà,,,,https://www.openstreetmap.org/way/700853373,4.5,
hanoi-evangelical-church,hoan-kiem,sight,candidate,religious,active place of worship,religious,,,Hội thánh Tin lành Hà Nội,Hanoi Evangelical Church,21.031025,105.846023,amenity=place_of_worship,2 Ngõ Trạm,,,Q10772316,,,,Hoithanhtinlanhhanoi.nhintubenngoai.jpg,https://www.openstreetmap.org/way/1255802866,4.43,
al-noor-mosque,hoan-kiem,sight,candidate,religious,active place of worship,religious,,,Thánh đường Hồi giáo Al-Noor,Al-Noor Mosque,21.037948,105.847555,amenity=place_of_worship,12 Phố Hàng Lược,,,Q124982776,Thánh đường Hồi giáo Al-Noor (Hà Nội),Al-Noor Mosque (Hanoi),1890,"Al-Noor Mosque, Hanoi, early 20th century (2) (37609113695).jpg",https://www.openstreetmap.org/way/700620997,4.09,
cong-vien-vo-thi-sau,hoan-kiem,sight,candidate,ok,,park,,,Công viên Võ Thị Sáu,,21.00554,105.857052,leisure=park,1 Phố Võ Thị Sáu,24/7,,Q10752060,Công viên Tuổi Trẻ,,,,https://www.openstreetmap.org/way/1103182086,3.9,
imperial-dragon-staircase,hoan-kiem,sight,candidate,ok,,relic,,,Rồng đá,Imperial dragon staircase,21.036528,105.840407,tourism=attraction,,,,,,,,,https://www.openstreetmap.org/node/6546220354,3.78,
building-d67,hoan-kiem,sight,candidate,ok,,relic,,,Nhà D67,Building D67,21.037323,105.840482,tourism=attraction,,,,,,,,,https://www.openstreetmap.org/way/185535416,3.75,
chua-chan-tien,hoan-kiem,sight,candidate,religious,active place of worship,religious,,,Chùa Chân Tiên,,21.014122,105.849546,amenity=place_of_worship,151 Phố Bà Triệu,,,Q10748395,Chùa Chân Tiên (Hà Nội),,,,https://www.openstreetmap.org/way/1239425732,3.67,
hai-ba-trung-temple,hoan-kiem,sight,candidate,religious,active place of worship,religious,,,Đền Hai Bà Trưng,Hai Bà Trưng Temple,21.012188,105.85509,amenity=place_of_worship,,,,Q2817231,Đền Hai Bà Trưng (Đồng Nhân),Hai Bà Trưng Temple (Đồng Nhân),,Temple Hai Bà Trưng (2).jpg,https://www.openstreetmap.org/relation/19179452,3.51,
ta-hien-street,hoan-kiem,sight,candidate,ok,,attraction,,,Phố Tạ Hiện,Ta Hien Street,21.035301,105.851978,tourism=attraction,,,,,,,,,https://www.openstreetmap.org/way/765597030,3.42,
hanoi-old-quarter-cultural-exchange-centre,hoan-kiem,sight,candidate,ok,,museum,,,Trung tâm Giao lưu văn hóa phố cổ Hà Nội,Hanoi Old Quarter Cultural Exchange Centre,21.035519,105.852785,tourism=museum,,,,,,,,,https://www.openstreetmap.org/way/700840702,3.4,
viet-dong-assembly-hall,hoan-kiem,sight,candidate,religious,active place of worship,religious,,,Hội quán Việt Đông,Viet Dong Assembly Hall,21.036371,105.852244,amenity=place_of_worship,,,,,,,,,https://www.openstreetmap.org/way/700840708,3.33,
hanoi-train-street-3184,hoan-kiem,sight,candidate,ok,,attraction,,,Hanoi Train Street,,21.030153,105.844069,tourism=attraction,,,,,,,,,https://www.openstreetmap.org/node/14096883184,3.29,
thang-long-water-puppet-theatre,hoan-kiem,sight,candidate,ok,,arts,,,Nhà hát Múa rối nước Thăng Long,Thang Long Water Puppet Theatre,21.031706,105.85345,amenity=theatre,57B Phố Đinh Tiên Hoàng,Mo-Su 15:00-20:00,http://thanglongwaterpuppet.com,,,,,,https://www.openstreetmap.org/way/1190941789,3.23,
national-security-museum,hoan-kiem,sight,candidate,review,name: Công an,museum,,,Bảo tàng Công an nhân dân,National Security Museum,21.02258,105.845567,tourism=museum,,,,,,,,,https://www.openstreetmap.org/way/704147333,3.2,
ho-chi-minhs-stilt-house,hoan-kiem,sight,candidate,review,name: Bác Hồ,relic,,,Nhà sàn Bác Hồ,Ho Chi Minh’s Stilt House,21.038171,105.833152,tourism=attraction,,,,,,,,,https://www.openstreetmap.org/way/207178342,3.19,
hang-dau-water-tank,hoan-kiem,sight,candidate,ok,,attraction,,,Tháp nước Hàng Đậu,Hang Dau Water Tank,21.040115,105.847428,tourism=attraction,,,,,,,,,https://www.openstreetmap.org/way/242518340,2.91,
monument-of-king-le-thai-to,hoan-kiem,sight,candidate,review,name: Tưởng Niệm,relic,,,Đài Tưởng Niệm Vua Lê Thái Tổ,Monument of King Le Thai To,21.029055,105.850958,historic=monument,,,,,,,,,https://www.openstreetmap.org/node/4742507123,2.87,
statue-of-king-ly-thai-to,hoan-kiem,sight,candidate,ok,,relic,,,Tượng đài Lý Thái Tổ,Statue of King Ly Thai To,21.027489,105.854501,historic=memorial,,,,,,,,,https://www.openstreetmap.org/node/443033827,2.8,
suicide-troops,hoan-kiem,sight,candidate,review,memorial=war_memorial,relic,,,Cảm Tử Quân,Suicide Troops,21.031064,105.853747,historic=memorial,,,,,,,,,https://www.openstreetmap.org/way/700853410,2.77,
virgin-mary-queen-of-peace,hoan-kiem,sight,candidate,ok,,relic,,,Tượng Đức Mẹ,Virgin Mary Queen of Peace,21.028905,105.84935,historic=memorial,,,,,,,,,https://www.openstreetmap.org/node/6046636103,2.74,
khue-van-pavilion,hoan-kiem,sight,candidate,ok,,attraction,,,Khuê Văn Các,Khue Van pavilion,21.028583,105.835889,tourism=attraction,,,,,,,,,https://www.openstreetmap.org/way/702185155,2.62,
biet-thu-49-tran-hung-dao,hoan-kiem,sight,candidate,ok,,relic,,,Biệt thự 49 Trần Hưng Đạo,,21.020846,105.851913,tourism=attraction,49 Phố Trần Hưng Đạo,,,,,,,,https://www.openstreetmap.org/way/1040742615,2.29,
the-circus-central,hoan-kiem,sight,candidate,ok,,arts,,,Rạp xiếc Trung ương,The Circus Central,21.016726,105.84242,amenity=theatre,67-69 Phố Trần Nhân Tông,,https://rapxiectrunguong.com/,,,,,,https://www.openstreetmap.org/way/242518341,2.14,
hai-ba-trung-lake,hoan-kiem,sight,candidate,ok,,lake,,,Hồ Hai Bà Trưng,Hai Bà Trưng Lake,21.012164,105.856262,natural=water,,,,,,,,,https://www.openstreetmap.org/way/11707543,1.99,
hanoi-1946-war-statue,hoan-kiem,sight,candidate,review,memorial=war_memorial,relic,,,Tượng đài “Quyết tử để Tổ quốc quyết sinh”,Hanoi 1946 War Statue,21.040158,105.846055,historic=memorial,,,,,,,,,https://www.openstreetmap.org/way/1497569902,1.86,
relics-of-the-kings-footpath,hoan-kiem,sight,candidate,ok,,relic,,,Dấu vết ngự đạo,Relics of the kings’ footpath,21.035383,105.840275,historic=archaeological_site,,,,,,,,,https://www.openstreetmap.org/way/696668911,1.83,
ba-da-pagoda,hoan-kiem,sight,candidate,religious,active place of worship,religious,,,Chùa Bà Đá,Ba Da Pagoda,21.028667,105.850309,amenity=place_of_worship,3 Phố Nhà Thờ,,,,,,,,https://www.openstreetmap.org/way/701605967,1.82,
lovers-of-the-holy-cross-convent-hanoi,hoan-kiem,sight,candidate,religious,active place of worship,religious,,,Tu viện Dòng mến Thánh Giá,Lovers of the Holy Cross Convent Hanoi,21.027519,105.850453,amenity=place_of_worship,31 Phố Nhà Chung,,,,,,,,https://www.openstreetmap.org/relation/21395416,1.8,
0-km,hoan-kiem,sight,candidate,ok,,attraction,,,0 km,,21.026669,105.853649,tourism=attraction,,,,,,,,,https://www.openstreetmap.org/node/13684800176,1.79,
site-of-kinh-thien-hall,hoan-kiem,sight,candidate,ok,,relic,,,Điện Kính Thiên,Site of Kinh Thien Hall,21.036771,105.840426,historic=ruins,,,,,,,,,https://www.openstreetmap.org/way/1497572243,1.77,
house-of-trinh-van-bo-and-hoang-thi-minh-ho,hoan-kiem,sight,candidate,review,access=private,relic,,,Nhà Trịnh Văn Bô - Hoàng Thị Minh Hồ,House of Trinh Van Bo and Hoang Thi Minh Ho,21.034361,105.838816,historic=manor,34 Đường Hoàng Diệu,,,,,,,,https://www.openstreetmap.org/way/1114996971,1.76,
hang-trong-garden,hoan-kiem,sight,candidate,ok,,park,,,Vườn hoa Hàng Trống,Hang Trong Garden,21.027466,105.849591,leisure=park,,,,,,,,,https://www.openstreetmap.org/way/218414273,1.73,
tay-son-park,hoan-kiem,sight,candidate,ok,,park,,,Vườn hoa Tây Sơn,Tay Son Park,21.0266,105.850335,leisure=park,,,,,,,,,https://www.openstreetmap.org/way/642231203,1.73,
bo-de-lake,hoan-kiem,sight,candidate,ok,,lake,,,Hồ Bồ Đề,Bo De Lake,21.037243,105.872037,natural=water,,,,,,,,,https://www.openstreetmap.org/way/200614210,1.71,
fish-pond,hoan-kiem,sight,candidate,ok,,lake,,,Ao cá,Fish pond,21.037949,105.833346,natural=water,,,,,,,,,https://www.openstreetmap.org/way/697326580,1.71,
house-of-commander-vo-nguyen-giap,hoan-kiem,sight,candidate,review,access=private,relic,,,Nhà Đại tướng Võ Nguyên Giáp,House of Commander Vo Nguyen Giap,21.034941,105.838325,historic=manor,30 Đường Hoàng Diệu,,,,,,,,https://www.openstreetmap.org/way/1114996973,1.7,
vu-thach-pagoda,hoan-kiem,sight,candidate,religious,active place of worship,religious,,,Chùa Vũ Thạch,Vu Thach Pagoda,21.025078,105.852222,amenity=place_of_worship,,,,,,,,,https://www.openstreetmap.org/way/701882889,1.67,
vu-thach-temple,hoan-kiem,sight,candidate,religious,active place of worship,religious,,,Đình Vũ Thạch,Vu Thach Temple,21.025191,105.851782,amenity=place_of_worship,,,,,,,,,https://www.openstreetmap.org/way/701882893,1.67,
hang-tre-temple,hoan-kiem,sight,candidate,religious,active place of worship,religious,,,Đền Hàng Tre,Hang Tre Temple,21.032109,105.854688,amenity=place_of_worship,,,,,,,,,https://www.openstreetmap.org/way/700853412,1.65,
tho-nam-temple,hoan-kiem,sight,candidate,religious,active place of worship,religious,,,Đền Thọ Nam,Tho Nam Temple,21.032298,105.854296,amenity=place_of_worship,22 Phố Hàng Thùng,,,,,,,,https://www.openstreetmap.org/way/1507906001,1.65,
green-palm-gallery,hoan-kiem,sight,candidate,ok,,arts,,,Phòng Trưng Bày Green Palm,Green Palm Gallery,21.032386,105.850548,tourism=gallery,39 Phố Hàng Gai,,,,,,,,https://www.openstreetmap.org/node/6051320086,1.64,
painting-exhibition,hoan-kiem,sight,candidate,ok,,arts,,,Nhà triển lãm Mỹ thuật,Painting Exhibition,21.025125,105.855005,tourism=gallery,16 Phố Ngô Quyền,,,,,,,,https://www.openstreetmap.org/relation/21390097,1.61,
northern-gate,hoan-kiem,sight,candidate,ok,,relic,,,Cửa Bắc,Northern Gate,21.040555,105.841032,historic=city_gate,,,,,,,,,https://www.openstreetmap.org/way/185531691,1.59,
kim-co-pagoda,hoan-kiem,sight,candidate,religious,active place of worship,religious,,,Chủa Kim Cổ,Kim Co Pagoda,21.030809,105.847394,amenity=place_of_worship,,,,,,,,,https://www.openstreetmap.org/way/700853374,1.54,
yen-thai-temple,hoan-kiem,sight,candidate,religious,active place of worship,religious,,,Đình Yên Thái,Yen Thai Temple,21.031384,105.84774,amenity=place_of_worship,8 Ngõ Tạm Thương,,,,,,,,https://www.openstreetmap.org/way/700853377,1.54,
house-of-general-secretary-le-duan,hoan-kiem,sight,candidate,review,access=private,relic,,,Nhà cố Tổng bí thư Lê Duẩn,House of General Secretary Le Duan,21.0399,105.839588,historic=manor,6 Đường Hoàng Diệu,,,,,,,,https://www.openstreetmap.org/way/1162589283,1.54,
kim-ngan-temple,hoan-kiem,sight,candidate,religious,active place of worship,religious,,,Đình Kim Ngân,Kim Ngan Temple,21.03414,105.852965,amenity=place_of_worship,42-44 Phố Hàng Bạc,,,,,,,,https://www.openstreetmap.org/way/700840685,1.52,
love-a-little-girl,hoan-kiem,sight,candidate,ok,,relic,,,Thương yêu cô gái nhỏ,Love a little girl,21.013597,105.860599,historic=memorial,,,,,,,,,https://www.openstreetmap.org/node/14095752086,1.49,
book-street,hoan-kiem,sight,candidate,ok,,park,,,Phố Sách Hà Nội,Book Street,21.024933,105.847861,leisure=park,Phố 19 Tháng 12,,,,,,,,https://www.openstreetmap.org/way/1510802054,1.48,
hang-da-galleria,hoan-kiem,sight,candidate,ok,,market,,,Chợ Hàng Da,Hang Da Galleria,21.031457,105.846347,amenity=marketplace,,,,,,,,,https://www.openstreetmap.org/way/28847036,1.44,
co-tan-park,hoan-kiem,sight,candidate,ok,,park,,,Vườn hoa Cổ Tân,Co Tan Park,21.024984,105.857852,leisure=park,,,,,,,,,https://www.openstreetmap.org/way/704147262,1.44,
august-19-garden,hoan-kiem,sight,candidate,ok,,park,,,Vườn hoa 19-8,August 19 Garden,21.023492,105.857029,leisure=park,,,,,,,,,https://www.openstreetmap.org/way/28869505,1.4,
ho-guom-theatre,hoan-kiem,sight,candidate,ok,,arts,,,Nhà hát Hồ Gươm,Ho Guom Theatre,21.022128,105.85178,amenity=theatre,40 Phố Hàng Bài,,,,,,,,https://www.openstreetmap.org/way/1189686007,1.4,
quan-su-park,hoan-kiem,sight,candidate,ok,,park,,,Vườn hoa Quán Sứ,Quan Su Park,21.026191,105.845343,leisure=park,,,,,,,,,https://www.openstreetmap.org/way/704134606,1.36,
binh-minh-jazz-club,hoan-kiem,sight,candidate,adult,alcohol / 18+,bar,,,Binh Minh Jazz Club,,21.024016,105.858359,tourism=attraction,,,,,,,,,https://www.openstreetmap.org/node/6053785702,1.35,
quan-de-temple,hoan-kiem,sight,candidate,religious,active place of worship,religious,,,Đền Quan Đế,Quan Đế Temple,21.036145,105.851985,amenity=place_of_worship,28 Hàng Buồm,,,,,,,,https://www.openstreetmap.org/way/1510732443,1.35,
dien-bien-ward-s-war-memorial,hoan-kiem,sight,candidate,review,memorial=war_memorial,relic,,,Bia tưởng niệm liệt sĩ phường Điện Biên,Dien Bien Ward's War Memorial,21.032715,105.832781,historic=memorial,,,,,,,,,https://www.openstreetmap.org/node/12057863165,1.33,
cau-dong-pagoda,hoan-kiem,sight,candidate,religious,active place of worship,religious,,,Chùa Cầu Đông,Cau Dong Pagoda,21.035874,105.849476,amenity=place_of_worship,,,,,,,,,https://www.openstreetmap.org/way/700840727,1.32,
bao-tang-cong-an-ha-noi,hoan-kiem,sight,candidate,review,name: Công an,museum,,,Bảo tàng Công an Hà Nội,,21.024293,105.845857,tourism=museum,67 Phố Lý Thường Kiệt,,,,,,,,https://www.openstreetmap.org/way/704134587,1.32,
phuc-kien-assembly-hall,hoan-kiem,sight,candidate,religious,active place of worship,religious,,,Hội Quán Phúc Kiến,Phuc Kien Assembly Hall,21.035619,105.848857,amenity=place_of_worship,,,,,,,,,https://www.openstreetmap.org/relation/20662634,1.32,
dong-thanh-temple,hoan-kiem,sight,candidate,religious,active place of worship,religious,,,Đình Đông Thành,Dong Thanh Temple,21.035201,105.847879,amenity=place_of_worship,7 Hàng Vải,,,,,,,,https://www.openstreetmap.org/way/1511124667,1.31,
thanh-ha-temple,hoan-kiem,sight,candidate,religious,active place of worship,religious,,,Đình Thanh Hà,Thanh Ha Temple,21.036589,105.850322,amenity=place_of_worship,10 Ngõ Gạch,,,,,,,,https://www.openstreetmap.org/way/700840718,1.28,
huong-nghia-temple,hoan-kiem,sight,candidate,religious,active place of worship,religious,,,Đền Hương Nghĩa,Huong Nghia Temple,21.037003,105.852637,amenity=place_of_worship,13 Phố Đào Duy Từ,,,,,,,,https://www.openstreetmap.org/way/700840693,1.27,
co-luong-temple,hoan-kiem,sight,candidate,religious,active place of worship,religious,,,Đền Cổ Lương,Co Luong Temple,21.036933,105.851563,amenity=place_of_worship,,,,,,,,,https://www.openstreetmap.org/way/1510723411,1.27,
tan-khai-temple,hoan-kiem,sight,candidate,religious,active place of worship,religious,,,Đình Tân Khai,Tan Khai Temple,21.035846,105.846832,amenity=place_of_worship,,,,,,,,,https://www.openstreetmap.org/way/700853380,1.22,
cau-dong-market,hoan-kiem,sight,candidate,ok,,market,,,Chợ Cầu Đông,Cau Dong Market,21.037926,105.850381,amenity=marketplace,,,,,,,,,https://www.openstreetmap.org/way/700627459,1.17,
di-tich-ngoi-nha-so-5d-pho-ham-long,hoan-kiem,sight,candidate,ok,,museum,,,Di tích ngôi nhà số 5D phố Hàm Long,,21.018414,105.854521,tourism=museum,5 Phố Hàm Long,,,,,,,,https://www.openstreetmap.org/way/1519545462,1.06,
huyen-thien-temple,hoan-kiem,sight,candidate,religious,active place of worship,religious,,,Chùa Quán Huyền Thiên,Huyen Thien Temple,21.038975,105.849096,amenity=place_of_worship,54 Phố Hàng Khoai,,,,,,,,https://www.openstreetmap.org/way/700627463,1.05,
dong-phong-art-gallery,hoan-kiem,sight,candidate,ok,,arts,,,Đông Phong Art Gallery,,21.025215,105.857316,tourism=gallery,3 Phố Lý Đạo Thành,Mo-Su 09:30-18:30,https://dongphongartgallery.com/,,,,,,https://www.openstreetmap.org/way/1234036432,0.99,
y-mieu-temple,hoan-kiem,sight,candidate,religious,active place of worship,religious,,,Y Miếu,Y Mieu Temple,21.027134,105.839745,amenity=place_of_worship,12 Phố Y Miếu,,,,,,,,https://www.openstreetmap.org/way/702456225,0.93,
ngo-si-lien-market,hoan-kiem,sight,candidate,ok,,market,,,Chợ Ngô Sĩ Liên,Ngo Si Lien Market,21.027092,105.839214,amenity=marketplace,,,,,,,,,https://www.openstreetmap.org/way/702456227,0.89,
van-xuan-garden,hoan-kiem,sight,candidate,ok,,park,,,Vườn hoa Vạn Xuân,Van Xuan Garden,21.040129,105.846326,leisure=park,,,,,,,,,https://www.openstreetmap.org/way/28869503,0.87,
thang-long-water-puppetry-citadel-theatre,hoan-kiem,sight,candidate,ok,,arts,,,Múa rối nước Thăng Long Thành,Thang Long Water Puppetry - Citadel theatre,21.035318,105.840803,amenity=theatre,,,,,,,,,https://www.openstreetmap.org/way/1215514484,0.87,
tay-luong-temple,hoan-kiem,sight,candidate,religious,active place of worship,religious,,,Đình Tây Luông,Tay Luong Temple,21.041148,105.847894,amenity=place_of_worship,,,,,,,,,https://www.openstreetmap.org/way/700654152,0.84,
pho-giac-pagoda,hoan-kiem,sight,candidate,religious,active place of worship,religious,,,Chùa Phổ Giác,Pho Giac Pagoda,21.026472,105.837985,amenity=place_of_worship,,,,,,,,,https://www.openstreetmap.org/way/702456248,0.78,
vietnamese-folk-art-exhibition,hoan-kiem,sight,candidate,ok,,arts,,,Triển lãm Tranh dân gian Việt Nam,Vietnamese folk art exhibition,21.036378,105.840109,tourism=gallery,,,,,,,,,https://www.openstreetmap.org/way/185536369,0.77,
yen-thanh-temple,hoan-kiem,sight,candidate,religious,active place of worship,religious,,,Đền Yên Thành,Yen Thanh Temple,21.040911,105.845225,amenity=place_of_worship,28 Phố Phan Huy Ích,,,,,,,,https://www.openstreetmap.org/way/700671962,0.76,
hoe-nhai-pagoda,hoan-kiem,sight,candidate,religious,active place of worship,religious,,,Chùa Hoè Nhai,Hoe Nhai Pagoda,21.042446,105.847454,amenity=place_of_worship,19 Phố Hàng Than,,,,,,,,https://www.openstreetmap.org/way/700671974,0.72,
bo-de-pagoda,hoan-kiem,sight,candidate,religious,active place of worship,religious,,,Chùa Bồ Đề,Bo De Pagoda,21.035812,105.867026,amenity=place_of_worship,,,,,,,,,https://www.openstreetmap.org/relation/14048545,0.64,
pasteur-garden,hoan-kiem,sight,candidate,ok,,park,,,Vườn hoa Pasteur,Pasteur Garden,21.014177,105.859506,leisure=park,,,,,,,,,https://www.openstreetmap.org/way/124877385,0.58,
archeological-site-of-thang-long-imperial-citadel,hoan-kiem,sight,candidate,ok,,park,,,Khu khảo cổ học 18 Hoàng Diệu,Archeological site of Thang Long Imperial Citadel,21.037557,105.83823,leisure=park,18 Đường Hoàng Diệu,,,,,,,,https://www.openstreetmap.org/relation/21404421,0.58,
giam-garden,hoan-kiem,sight,candidate,ok,,park,,,Vườn Giám,Giam Garden,21.028908,105.835315,leisure=park,,,,,,,,,https://www.openstreetmap.org/relation/21422526,0.57,
van-lake,hoan-kiem,sight,candidate,ok,,park,,,Hồ Văn,Văn Lake,21.026723,105.835222,leisure=park,,,,,,,,,https://www.openstreetmap.org/way/178995315,0.55,
yersin-garden,hoan-kiem,sight,candidate,ok,,park,,,Vườn hoa Yersin,Yersin Garden,21.013426,105.860603,leisure=park,,,,,,,,,https://www.openstreetmap.org/way/1108445943,0.48,
chaika,hoan-kiem,sight,candidate,ok,,relic,,,Chaika,,21.025186,105.858742,historic=vehicle,,,,,,,,,https://www.openstreetmap.org/node/13684779295,0.39,
zis-115,hoan-kiem,sight,candidate,ok,,relic,,,ZIS 115,,21.025512,105.859011,historic=vehicle,,,,,,,,,https://www.openstreetmap.org/node/13684800772,0.39,
chau-long-market,hoan-kiem,sight,candidate,ok,,market,,,Chợ Châu Long,Chau Long Market,21.043945,105.841883,amenity=marketplace,,,,,,,,,https://www.openstreetmap.org/way/700671941,0.39,
le-truc-green-space,hoan-kiem,sight,candidate,ok,,park,,,Vườn hoa Lê Trực,Le Truc Green Space,21.032644,105.83318,leisure=park,,,,,,,,,https://www.openstreetmap.org/way/1111949860,0.36,
lunet-art-galerie,hoan-kiem,sight,candidate,ok,,arts,,,Lunet Art Galerie,,21.029912,105.838722,tourism=gallery,63-65 Đường Hoàng Diệu,Mo-Su 08:00-20:00,https://lunetart.vn/,,,,,,https://www.openstreetmap.org/node/12090398186,0.35,
chau-long-pagoda,hoan-kiem,sight,candidate,religious,active place of worship,religious,,,Chùa Châu Long,Chau Long Pagoda,21.044567,105.841812,amenity=place_of_worship,,,,,,,,,https://www.openstreetmap.org/way/700671940,0.34,
ngoc-lam-market,hoan-kiem,sight,candidate,ok,,market,,,Chợ Ngọc Lâm,Ngoc Lam Market,21.043577,105.864924,amenity=marketplace,,,,,,,,,https://www.openstreetmap.org/way/704159193,0.33,
thanh-ninh-pagoda,hoan-kiem,sight,candidate,religious,active place of worship,religious,,,Chùa Thanh Ninh,Thanh Ninh Pagoda,21.032708,105.832579,amenity=place_of_worship,2 Phố Lê Trực,,,,,,,,https://www.openstreetmap.org/way/1286509452,0.31,
grand-buddha-hall,hoan-kiem,sight,candidate,religious,active place of worship,religious,,,Chính điện,Grand Buddha Hall,21.03574,105.833426,amenity=place_of_worship,,,,,,,,,https://www.openstreetmap.org/way/697326489,0.3,
jose-marti,hoan-kiem,sight,candidate,ok,,attraction,,,José Martí,,21.021513,105.857756,tourism=artwork,,,,,,,,,https://www.openstreetmap.org/node/11034652835,0.22,
vuon-hoa-tao-dan,hoan-kiem,sight,candidate,ok,,park,,,Vườn hoa Tao Đàn,,21.021563,105.857773,leisure=park,Phố Lê Thánh Tông,24/7,,,,,,,https://www.openstreetmap.org/way/1087731715,0.22,
ngoc-ha-marketplace,hoan-kiem,sight,candidate,ok,,market,,,Chợ Ngọc Hà,Ngoc Ha Marketplace,21.03372,105.831597,amenity=marketplace,,,,,,,,,https://www.openstreetmap.org/way/1301719963,0.21,
mai-xuan-thuong-garden,hoan-kiem,sight,candidate,ok,,park,,,Vườn hoa Mai Xuân Thưởng,Mai Xuan Thuong Garden,21.042201,105.835672,leisure=park,,,,,,,,,https://www.openstreetmap.org/way/28869502,0.16,
phuc-tan-public-art-project,hoan-kiem,sight,candidate,ok,,attraction,,,Phúc Tân – Sông Hông,Phúc Tân Public Art Project,21.037953,105.855659,tourism=artwork,,,,,,,,,https://www.openstreetmap.org/node/12600406901,0.14,
hanoi-in-1946-winter,hoan-kiem,sight,candidate,ok,,attraction,,,Phù điêu Hà Nội mùa đông năm 1946,Hanoi in 1946 Winter,21.038232,105.848933,tourism=artwork,,,,,,,,,https://www.openstreetmap.org/node/6579567133,0.11,
dinh-nam-huong,hoan-kiem,sight,candidate,religious,active place of worship,religious,,,Đình Nam Hương,,21.029013,105.850854,amenity=place_of_worship,75 Phố Hàng Trống,,,,,,,,https://www.openstreetmap.org/way/701882971,-0.14,
tuong-dai-cong-an-nhan-dan,hoan-kiem,sight,candidate,review,name: Công an,relic,,,Tượng đài Công an Nhân dân,,21.016899,105.846944,historic=memorial,,,,,,,,,https://www.openstreetmap.org/node/9931817258,-0.15,
dinh-tran-ba,hoan-kiem,sight,candidate,religious,active place of worship,religious,,,Đình Trấn Ba,,21.03049,105.852428,amenity=place_of_worship,,,,,,,,,https://www.openstreetmap.org/way/178995271,-0.15,
bronze-bell,hoan-kiem,sight,candidate,ok,,attraction,,,Chuông,Bronze bell,21.036196,105.840644,tourism=artwork,,,,,,,,,https://www.openstreetmap.org/node/7085692627,-0.18,
ho-linh-chieu,hoan-kiem,sight,candidate,ok,,lake,,,Hồ Linh Chiểu,,21.035855,105.833614,natural=water,,,,,,,,,https://www.openstreetmap.org/way/697326497,-0.19,
ho-van-chuong,hoan-kiem,sight,candidate,ok,,lake,,,Hồ Văn Chương,,21.021485,105.833561,natural=water,,,,,,,,,https://www.openstreetmap.org/way/37764672,-0.2,
ao-lang-ai-mo,hoan-kiem,sight,candidate,ok,,lake,,,Ao làng Ái Mộ,,21.038556,105.87013,natural=water,,,,,,,,,https://www.openstreetmap.org/way/704250758,-0.2,
rap-khan-quang-do,hoan-kiem,sight,candidate,ok,,arts,,,Rạp Khăn Quàng Đỏ,,21.028325,105.855187,amenity=theatre,36 Phố Lý Thái Tổ,,,,,,,,https://www.openstreetmap.org/node/13710033291,-0.23,
chua-ly-trieu-quoc-su,hoan-kiem,sight,candidate,religious,active place of worship,religious,,,Chùa Lý Triều Quốc Sư,,21.02951,105.849172,amenity=place_of_worship,50,,,,,,,,https://www.openstreetmap.org/node/445345257,-0.28,
propaganda,hoan-kiem,sight,candidate,ok,,arts,,,Propaganda,,21.03011,105.849113,tourism=gallery,,,,,,,,,https://www.openstreetmap.org/node/12555926214,-0.3,
hau-lau,hoan-kiem,sight,candidate,ok,,relic,,,Hậu Lâu,,21.038254,105.840563,historic=building,,,,,,,,,https://www.openstreetmap.org/way/185531692,-0.3,
den-phu-ung,hoan-kiem,sight,candidate,religious,active place of worship,religious,,,Den Phu Ung,,21.030417,105.849015,amenity=place_of_worship,,,,,,,,,https://www.openstreetmap.org/node/7176884224,-0.32,
den-vu-thach,hoan-kiem,sight,candidate,religious,active place of worship,religious,,,Đền Vũ Thạch,,21.02526,105.851797,amenity=place_of_worship,,,,,,,,,https://www.openstreetmap.org/way/1557804651,-0.32,
dinh-co-vu,hoan-kiem,sight,candidate,religious,active place of worship,religious,,,Đình Cổ Vũ,,21.031655,105.849902,amenity=place_of_worship,,,,,,,,,https://www.openstreetmap.org/node/12343629708,-0.33,
dai-tuong-niem-liet-si-phuong-le-dai-hanh,hoan-kiem,sight,candidate,review,name: tưởng niệm,relic,,,Đài tưởng niệm liệt sĩ phường Lê Đại Hành,,21.013992,105.849394,historic=monument,,,,,,,,,https://www.openstreetmap.org/node/11534640150,-0.34,
vuon-hoa-hang-voi,hoan-kiem,sight,candidate,ok,,park,,,Vườn hoa Hàng Vôi,,21.029253,105.856729,leisure=park,,,,,,,,,https://www.openstreetmap.org/way/1292544286,-0.35,
di-tich-nha-bat-giac,hoan-kiem,sight,candidate,ok,,relic,,,Di tích nhà bát giác,,21.036589,105.83812,historic=archaeological_site,,,,,,,,,https://www.openstreetmap.org/way/696389287,-0.38,
statue-of-louis-pasteur,hoan-kiem,sight,candidate,ok,,attraction,,,Tượng Louis Pasteur,Statue of Louis Pasteur,21.014358,105.859486,tourism=artwork,,,,,,,,,https://www.openstreetmap.org/node/6846261393,-0.41,
protect-the-environment,hoan-kiem,sight,candidate,ok,,attraction,,,"""Chung tay bảo vệ môi trường""","""Protect the environment""",21.035036,105.836856,tourism=artwork,,,,,,,,,https://www.openstreetmap.org/node/10823799704,-0.41,
blue-gallery,hoan-kiem,sight,candidate,ok,,arts,,,Blue Gallery,,21.024936,105.855614,tourism=gallery,32 Phố Tràng Tiền,,,,,,,,https://www.openstreetmap.org/node/11449233337,-0.43,
cong-trinh-vaxuco,hoan-kiem,sight,candidate,ok,,relic,,,Công trình Vaxuco,,21.04026,105.840468,historic=building,,,,,,,,,https://www.openstreetmap.org/way/185542284,-0.43,
dong-thanh-phao-lo-ha-noi,hoan-kiem,sight,candidate,religious,active place of worship,religious,,,Dòng Thánh Phao lô Hà Nội,,21.024447,105.84991,amenity=place_of_worship,,,,,,,,,https://www.openstreetmap.org/way/704147390,-0.44,
dinh-dong-lac,hoan-kiem,sight,candidate,religious,active place of worship,religious,,,Đình Đồng Lạc,,21.033436,105.850793,amenity=place_of_worship,38 Phố Hàng Đào,,,,,,,,https://www.openstreetmap.org/way/1510706883,-0.44,
rap-chuong-vang,hoan-kiem,sight,candidate,ok,,arts,,,Rạp Chuông Vàng,,21.034121,105.852174,amenity=theatre,72 Phố Hàng Bạc,,,,,,,,https://www.openstreetmap.org/way/700840688,-0.47,
dinh-tu-thi,hoan-kiem,sight,candidate,religious,active place of worship,religious,,,Đình Tú Thị,,21.032079,105.847911,amenity=place_of_worship,2 Ngõ Yên Thái,,,,,,,,https://www.openstreetmap.org/way/1557804638,-0.48,
den-trung-ha,hoan-kiem,sight,candidate,religious,active place of worship,religious,,,Đền Trung Hạ,,21.034365,105.853888,amenity=place_of_worship,,,,,,,,,https://www.openstreetmap.org/node/6581664929,-0.51,
cay-bmw-nsc-30525,hoan-kiem,sight,candidate,ok,,relic,,,Cây BMW NSC 30525,,21.013595,105.86053,historic=memorial,,,,,,,,,https://www.openstreetmap.org/node/11043816631,-0.51,
tuong-alexandre-yersin,hoan-kiem,sight,candidate,ok,,relic,,,Tượng Alexandre Yersin,,21.013495,105.860627,historic=monument,,,,,,,,,https://www.openstreetmap.org/node/6846267429,-0.52,
ho-lam-du,hoan-kiem,sight,candidate,ok,,lake,,,Hồ Lâm Du,,21.034367,105.876243,natural=water,,,,,,,,,https://www.openstreetmap.org/way/704250701,-0.53,
den-huong-tuong,hoan-kiem,sight,candidate,religious,active place of worship,religious,,,Đền Hương Tượng,,21.034952,105.85329,amenity=place_of_worship,,,,,,,,,https://www.openstreetmap.org/way/1273594368,-0.55,
nha-hat-kich-ha-noi,hoan-kiem,sight,candidate,ok,,arts,,,Nhà hát Kịch Hà Nội,,21.035052,105.851883,amenity=theatre,8B Phố Tạ Hiện,,,,,,,,https://www.openstreetmap.org/way/700840697,-0.56,
den-nhan-noi,hoan-kiem,sight,candidate,religious,active place of worship,religious,,,Đền Nhân Nội,,21.034018,105.848215,amenity=place_of_worship,84B Phố Hàng Bồ,,,,,,,,https://www.openstreetmap.org/way/1507957173,-0.58,
music-garden,hoan-kiem,sight,candidate,ok,,park,,,Music Garden,,21.023846,105.857741,leisure=garden,,,,,,,,,https://www.openstreetmap.org/way/1234036437,-0.62,
den-hoa-than,hoan-kiem,sight,candidate,religious,active place of worship,religious,,,Đền Hỏa Thần,,21.033318,105.846701,amenity=place_of_worship,30 Phố Hàng Điếu,,,,,,,,https://www.openstreetmap.org/way/1557804659,-0.63,
thang-long-ca-tru-guild,hoan-kiem,sight,candidate,ok,,arts,,,Thang Long Ca Tru Guild,,21.036044,105.851795,amenity=theatre,,,,,,,,,https://www.openstreetmap.org/node/6089622985,-0.65,
vuon-hoa-bac-co,hoan-kiem,sight,candidate,ok,,park,,,Vườn hoa Bác Cổ,,21.025276,105.859511,leisure=park,,,,,,,,,https://www.openstreetmap.org/way/316518839,-0.66,
den-son-hai,hoan-kiem,sight,candidate,religious,active place of worship,religious,,,Đền Sơn Hải,,21.031323,105.86016,amenity=place_of_worship,ngõ 139 phố Bạch Đằng,,,,,,,,https://www.openstreetmap.org/node/12723387900,-0.67,
dinh-duc-mon,hoan-kiem,sight,candidate,religious,active place of worship,religious,,,Đình Đức Môn,,21.035978,105.849476,amenity=place_of_worship,,,,,,,,,https://www.openstreetmap.org/way/1557804643,-0.69,
vuon-hoa-phung-hung,hoan-kiem,sight,candidate,ok,,park,,,Vườn hoa Phùng Hưng,,21.034,105.845713,leisure=park,,,,,,,,,https://www.openstreetmap.org/way/942762464,-0.73,
ho-tai-trau,hoan-kiem,sight,candidate,ok,,lake,,,Hồ Tai Trâu,,21.047349,105.870697,natural=water,,,,,,,,,https://www.openstreetmap.org/relation/15466172,-0.74,
bronze-statue-of-president-ho-chi-minh,hoan-kiem,sight,candidate,review,name: Chủ tịch,attraction,,,Tượng đồng Chủ tịch Hồ Chí Minh,Bronze statue of President Ho Chi Minh,21.035627,105.832562,tourism=artwork,,,,,,,,,https://www.openstreetmap.org/node/12093775438,-0.76,
vuon-hoa-cua-nam,hoan-kiem,sight,candidate,ok,,park,,,Vườn hoa Cửa Nam,,21.028118,105.843283,leisure=park,,,,,,,,,https://www.openstreetmap.org/way/770299549,-0.77,
den-hoi-thong,hoan-kiem,sight,candidate,religious,active place of worship,religious,,,Đền Hội Thống,,21.03757,105.851988,amenity=place_of_worship,,,,,,,,,https://www.openstreetmap.org/node/6579724624,-0.78,
chua-thien-phuc,hoan-kiem,sight,candidate,religious,active place of worship,religious,,,Chùa Thiên Phúc,,21.027402,105.843259,amenity=place_of_worship,94 Phố Hai Bà Trưng,,,,,,,,https://www.openstreetmap.org/way/704134611,-0.78,
chua-thai-cam,hoan-kiem,sight,candidate,religious,active place of worship,religious,,,Chùa Thái Cam,,21.035809,105.846927,amenity=place_of_worship,,,,,,,,,https://www.openstreetmap.org/way/1557804650,-0.78,
dai-liet-si-phuong-bo-de,hoan-kiem,sight,candidate,review,name: Liệt Sĩ,relic,,,Đài Liệt Sĩ Phường Bồ Đề,,21.038095,105.871657,historic=memorial,,,,,,,,,https://www.openstreetmap.org/node/6612623371,-0.79,
nha-hoa-vang,hoan-kiem,sight,candidate,ok,,relic,,,Nhà hoá vàng,,21.042897,105.836584,historic=wayside_shrine,,,,,,,,,https://www.openstreetmap.org/way/1498023638,-0.82,
lotus-statue,hoan-kiem,sight,candidate,ok,,attraction,,,Tượng đài hoa sen,Lotus statue,21.042255,105.835677,tourism=artwork,,,,,,,,,https://www.openstreetmap.org/node/10833845610,-0.84,
nha-bia,hoan-kiem,sight,candidate,ok,,relic,,,Nhà bia,,21.042815,105.836236,historic=wayside_shrine,,,,,,,,,https://www.openstreetmap.org/way/1498035240,-0.84,
chua-vinh-tru,hoan-kiem,sight,candidate,religious,active place of worship,religious,,,Chùa Vĩnh Trù,,21.037538,105.848525,amenity=place_of_worship,,,,,,,,,https://www.openstreetmap.org/way/1507896803,-0.84,
di-tich-trai-giam-nha-tien,hoan-kiem,sight,candidate,review,name: trại giam,relic,,,Di tích trại giam Nhà Tiền,,21.031076,105.830075,historic=building,,,,,,,,,https://www.openstreetmap.org/way/1114717100,-0.87,
nha-bia-tuong-niem-liet-sy-phuong-cat-linh,hoan-kiem,sight,candidate,review,name: Tưởng niệm,relic,,,Nhà bia Tưởng niệm Liệt sỹ phường Cát Linh,,21.028476,105.829793,historic=memorial,,,,,,,,,https://www.openstreetmap.org/way/1216770910,-0.89,
chua-phap-bao-tang,hoan-kiem,sight,candidate,religious,active place of worship,religious,,,Chùa Pháp Bảo Tạng,,21.037523,105.846979,amenity=place_of_worship,44 Phố Hàng Cót,,,,,,,,https://www.openstreetmap.org/way/700620994,-0.9,
nha-tho-ham-long,hoan-kiem,sight,candidate,religious,active place of worship,religious,,,Nhà thờ Hàm Long,,21.018679,105.853495,amenity=place_of_worship,,,,,,,,,https://www.openstreetmap.org/way/944513319,-0.9,
tuong-dai-ly-tu-trong,hoan-kiem,sight,candidate,ok,,relic,,,Tượng đài Lý Tự Trọng,,21.043227,105.835437,historic=memorial,,,,,,,,,https://www.openstreetmap.org/node/5025409279,-0.91,
vuon-hoa-ly-tu-trong,hoan-kiem,sight,candidate,ok,,park,,,Vườn hoa Lý Tự Trọng,,21.043211,105.83518,leisure=park,2 Đường Thụy Khuê,24/7,,,,,,,https://www.openstreetmap.org/way/223798542,-0.93,
stela,hoan-kiem,sight,candidate,ok,,attraction,,,Bia đá,Stela,21.044884,105.83613,tourism=artwork,,,,,,,,,https://www.openstreetmap.org/node/13736841086,-0.97,
chua-trang-an,hoan-kiem,sight,candidate,religious,active place of worship,religious,,,Chùa Tràng An,,21.01782,105.850751,amenity=place_of_worship,,,,,,,,,https://www.openstreetmap.org/node/11621684847,-0.99,
vuon-hoa-babylon-orchids,hoan-kiem,sight,candidate,ok,,park,,,Vườn Hoa Babylon Orchids,,21.017531,105.851899,leisure=garden,,,,,,,,,https://www.openstreetmap.org/node/9110435519,-1.0,
nha-hat-tuoi-tre,hoan-kiem,sight,candidate,ok,,arts,,,Nhà hát Tuổi trẻ,,21.017581,105.853308,amenity=theatre,11 Phố Ngô Thì Nhậm,,,,,,,,https://www.openstreetmap.org/way/1233492875,-1.0,
cho-hom,hoan-kiem,sight,candidate,ok,,market,,,Chợ Hôm,,21.017153,105.85179,amenity=marketplace,79 Phố Huế,,,,,,,,https://www.openstreetmap.org/relation/11623141,-1.04,
vuon-hoa-tang-bat-ho,hoan-kiem,sight,candidate,ok,,park,,,Vườn hoa Tăng Bạt Hổ,,21.018415,105.85859,leisure=park,,,,,,,,,https://www.openstreetmap.org/way/1108118623,-1.05,
chua-quang-minh,hoan-kiem,sight,candidate,religious,active place of worship,religious,,,Chùa Quang Minh,,21.026831,105.839513,amenity=place_of_worship,8 Phố Y Miếu,,,,,,,,https://www.openstreetmap.org/way/1557512897,-1.09,
chua-phuc-lam,hoan-kiem,sight,candidate,religious,active place of worship,religious,,,Chùa Phúc Lâm,,21.04086,105.849414,amenity=place_of_worship,120 Đường Yên Phụ,,,,,,,,https://www.openstreetmap.org/way/1289252435,-1.1,
cho-long-bien,hoan-kiem,sight,candidate,ok,,market,,,Chợ Long Biên,,21.041428,105.85104,amenity=marketplace,,,,,,,,,https://www.openstreetmap.org/way/930229621,-1.13,
den-hang-ca,hoan-kiem,sight,candidate,religious,active place of worship,religious,,,Đền Hàng Cà,,21.025767,105.839193,amenity=place_of_worship,,,,,,,,,https://www.openstreetmap.org/way/702456221,-1.14,
nha-hat-cheo-ha-noi,hoan-kiem,sight,candidate,ok,,arts,,,Nhà hát Chèo Hà Nội,,21.016119,105.847757,amenity=theatre,15 Phố Nguyễn Đình Chiểu,,,,,,,,https://www.openstreetmap.org/way/872969939,-1.19,
den-tu-vi,hoan-kiem,sight,candidate,religious,active place of worship,religious,,,Đền Tứ Vị,,21.041507,105.847468,amenity=place_of_worship,39 Phố Hàng Than,,,,,,,,https://www.openstreetmap.org/way/700654145,-1.21,
ben-hoa-phuc-xa,hoan-kiem,sight,candidate,ok,,park,,,Bến hoa Phúc xá,,21.042647,105.853535,leisure=garden,,,,,,,,,https://www.openstreetmap.org/way/1474138678,-1.23,
den-yen-thuan-thuong,hoan-kiem,sight,candidate,religious,active place of worship,religious,,,Đền Yên Thuận Thượng,,21.04193,105.847448,amenity=place_of_worship,25 Phố Hàng Than,,,,,,,,https://www.openstreetmap.org/way/700654146,-1.24,
chua-dong-tan,hoan-kiem,sight,candidate,religious,active place of worship,religious,,,Chùa Đông Tân,,21.014914,105.850652,amenity=place_of_worship,87 Phố Triệu Việt Vương,,,,,,,,https://www.openstreetmap.org/way/1238050566,-1.24,
chua-ngoc-ho,hoan-kiem,sight,candidate,religious,active place of worship,religious,,,Chùa Ngọc Hồ,,21.028861,105.837429,amenity=place_of_worship,,,,,,,,,https://www.openstreetmap.org/way/702456270,-1.25,
vuon-hoa-thi-sach,hoan-kiem,sight,candidate,ok,,park,,,Vườn hoa Thi Sách,,21.014279,105.854559,leisure=park,,,,,,,,,https://www.openstreetmap.org/way/1488809948,-1.3,
chua-ba-nanh,hoan-kiem,sight,candidate,religious,active place of worship,religious,,,Chùa Bà Nành,,21.028899,105.836675,amenity=place_of_worship,152 Phố Văn Miếu,,,,,,,,https://www.openstreetmap.org/way/702456268,-1.31,
den-chau-ba,hoan-kiem,sight,candidate,religious,active place of worship,religious,,,Đền Chầu Bà,,21.035278,105.866821,amenity=place_of_worship,,,,,,,,,https://www.openstreetmap.org/relation/14048548,-1.32,
nguyen-art-gallery,hoan-kiem,sight,candidate,ok,,arts,,,Nguyen Art Gallery,,21.02852,105.836493,tourism=gallery,32 Phố Văn Miếu,,,,,,,,https://www.openstreetmap.org/node/1000087403,-1.33,
vuon-hoa-kinh-thien,hoan-kiem,sight,candidate,review,access=private,park,,,Vườn hoa Kính Thiên,,21.035109,105.837932,leisure=park,,,,,,,,,https://www.openstreetmap.org/relation/21408979,-1.33,
den-ghenh,hoan-kiem,sight,candidate,religious,active place of worship,religious,,,Đền Ghềnh,,21.037747,105.865755,amenity=place_of_worship,,,,,,,,,https://www.openstreetmap.org/relation/14048551,-1.36,
den-duc-vua,hoan-kiem,sight,candidate,religious,active place of worship,religious,,,Đền Đức Vua,,21.043536,105.846943,amenity=place_of_worship,,,,,,,,,https://www.openstreetmap.org/way/700671954,-1.39,
den-luong-su,hoan-kiem,sight,candidate,religious,active place of worship,religious,,,Đền Lương Sử,,21.025551,105.836157,amenity=place_of_worship,,,,,,,,,https://www.openstreetmap.org/way/1287926806,-1.39,
vuon-hoa-hoang-van-thu,hoan-kiem,sight,candidate,ok,,park,,,Vườn hoa Hoàng Văn Thụ,,21.03868,105.839484,leisure=park,,,,,,,,,https://www.openstreetmap.org/way/1302406838,-1.39,
den-tuong-thuan,hoan-kiem,sight,candidate,religious,active place of worship,religious,,,Đền Tương Thuận,,21.019254,105.839201,amenity=place_of_worship,,,,,,,,,https://www.openstreetmap.org/way/1557512956,-1.39,
phong-tranh-gia-bao,hoan-kiem,sight,candidate,ok,,attraction,,,Phòng Tranh Gia Bảo,,21.033354,105.851999,tourism=artwork,,,,,,,,,https://www.openstreetmap.org/node/6413588585,-1.41,
chua-linh-quang,hoan-kiem,sight,candidate,religious,active place of worship,religious,,,Chùa Linh Quang,,21.022465,105.836646,amenity=place_of_worship,,,,,,,,,https://www.openstreetmap.org/way/1287926808,-1.43,
dinh-linh-quang,hoan-kiem,sight,candidate,religious,active place of worship,religious,,,Đình Linh Quang,,21.022552,105.836501,amenity=place_of_worship,,,,,,,,,https://www.openstreetmap.org/way/1287926810,-1.44,
dinh-van-huong,hoan-kiem,sight,candidate,religious,active place of worship,religious,,,Đình Văn Hương,,21.023819,105.835461,amenity=place_of_worship,107 Ngõ Văn Hương,,,,,,,,https://www.openstreetmap.org/way/1315344017,-1.48,
chua-vien-minh,hoan-kiem,sight,candidate,religious,active place of worship,religious,,,Chùa Viên Minh,,21.012367,105.855183,amenity=place_of_worship,,,,,,,,,https://www.openstreetmap.org/way/1390007831,-1.48,
dinh-dong-nhan,hoan-kiem,sight,candidate,religious,active place of worship,religious,,,Đình Đồng Nhân,,21.012004,105.855127,amenity=place_of_worship,,,,,,,,,https://www.openstreetmap.org/way/1274306485,-1.51,
chua-lam-du,hoan-kiem,sight,candidate,religious,active place of worship,religious,,,Chùa Lâm Du,,21.033104,105.870192,amenity=place_of_worship,,,,,,,,,https://www.openstreetmap.org/way/704250709,-1.52,
dinh-trung-kinh,hoan-kiem,sight,candidate,religious,active place of worship,religious,,,Đình Trung Kính,,21.016897,105.839181,amenity=place_of_worship,,,,,,,,,https://www.openstreetmap.org/way/1557512900,-1.53,
chua-my-quang,hoan-kiem,sight,candidate,religious,active place of worship,religious,,,Chùa Mỹ Quang,,21.017049,105.839081,amenity=place_of_worship,,,,,,,,,https://www.openstreetmap.org/way/1557512901,-1.53,
cho-bo-de,hoan-kiem,sight,candidate,ok,,market,,,Chợ Bồ Đề,,21.033827,105.870189,amenity=marketplace,,,,,,,,,https://www.openstreetmap.org/way/704250708,-1.54,
nang-song-hong,hoan-kiem,sight,candidate,review,access=private,park,,,Nắng Sông Hồng,,21.026556,105.870949,leisure=garden,,,,,,,,,https://www.openstreetmap.org/way/1465114039,-1.54,
den-song-son,hoan-kiem,sight,candidate,religious,active place of worship,religious,,,Đền Sòng Sơn,,21.026878,105.834027,amenity=place_of_worship,,,,,,,,,https://www.openstreetmap.org/way/1557512919,-1.54,
dinh-lam-du,hoan-kiem,sight,candidate,religious,active place of worship,religious,,,Đình Lâm Du,,21.032855,105.870612,amenity=place_of_worship,,,,,,,,,https://www.openstreetmap.org/way/704250714,-1.55,
mieu-hai-co,hoan-kiem,sight,candidate,religious,active place of worship,religious,,,Miếu Hai Cô,,21.045811,105.856991,amenity=place_of_worship,,,,,,,,,https://www.openstreetmap.org/node/13483667183,-1.56,
chua-ai-mo,hoan-kiem,sight,candidate,religious,active place of worship,religious,,,Chùa Ái Mộ,,21.041334,105.865867,amenity=place_of_worship,,,,,,,,,https://www.openstreetmap.org/way/1474962118,-1.57,
den-lam-du,hoan-kiem,sight,candidate,religious,active place of worship,religious,,,Đền Lâm Du,,21.032511,105.871209,amenity=place_of_worship,,,,,,,,,https://www.openstreetmap.org/way/704250703,-1.59,
chua-van-ho,hoan-kiem,sight,candidate,religious,active place of worship,religious,,,Chùa Vân Hồ,,21.011265,105.848736,amenity=place_of_worship,,,,,,,,,https://www.openstreetmap.org/way/1210566297,-1.59,
vuon-hoa-dan-nam,hoan-kiem,sight,candidate,ok,,park,,,Vườn hoa Đàn Nam,,21.010847,105.85001,leisure=park,,,,,,,,,https://www.openstreetmap.org/way/1250193564,-1.61,
ha-giang-majestic-tours,hoan-kiem,sight,candidate,ok,,attraction,,,Ha Giang Majestic Tours,,21.03398,105.847436,tourism=artwork,,,,,,,,,https://www.openstreetmap.org/node/11729275869,-1.62,
chua-an-quoc,hoan-kiem,sight,candidate,religious,active place of worship,religious,,,Chùa An Quốc,,21.028689,105.832849,amenity=place_of_worship,,,,,,,,,https://www.openstreetmap.org/way/1040487957,-1.63,
chua-vua,hoan-kiem,sight,candidate,religious,active place of worship,religious,,,Chùa Vua,,21.01048,105.853133,amenity=place_of_worship,,,,,,,,,https://www.openstreetmap.org/way/1273307132,-1.63,
bich-cau-dao-quan,hoan-kiem,sight,candidate,religious,active place of worship,religious,,,Bích Câu Đạo Quán,,21.028714,105.832742,amenity=place_of_worship,14 Phố Cát Linh,,,,,,,,https://www.openstreetmap.org/way/1217390576,-1.64,
chua-phung-thanh,hoan-kiem,sight,candidate,religious,active place of worship,religious,,,Chùa Phụng Thánh,,21.017478,105.836853,amenity=place_of_worship,156 Phố Trung Phụng,,,,,,,,https://www.openstreetmap.org/way/1287926762,-1.64,
vuon-hoa-nguyen-bieu,hoan-kiem,sight,candidate,ok,,park,,,Vườn hoa Nguyễn Biểu,,21.043533,105.840322,leisure=park,,,,,,,,,https://www.openstreetmap.org/way/412757511,-1.66,
chua-but-moc,hoan-kiem,sight,candidate,religious,active place of worship,religious,,,Chùa Bụt Mọc,,21.021107,105.834324,amenity=place_of_worship,,,,,,,,,https://www.openstreetmap.org/way/1287926794,-1.66,
vinh-long-gallery,hoan-kiem,sight,candidate,ok,,arts,,,Vĩnh Long Gallery,,21.010054,105.85134,tourism=gallery,338 Phố Huế,,,,,,,,https://www.openstreetmap.org/node/11691256822,-1.67,
chua-tho-lao,hoan-kiem,sight,candidate,religious,active place of worship,religious,,,Chùa Thọ Lão,,21.010521,105.856873,amenity=place_of_worship,,,,,,,,,https://www.openstreetmap.org/way/1063191474,-1.67,
dinh-den-trung-ta,hoan-kiem,sight,candidate,religious,active place of worship,religious,,,"Đình, đền Trung Tả",,21.019966,105.834634,amenity=place_of_worship,,,,,,,,,https://www.openstreetmap.org/way/1287926793,-1.68,
den-van-chi,hoan-kiem,sight,candidate,religious,active place of worship,religious,,,Đền Văn Chỉ,,21.023585,105.833014,amenity=place_of_worship,,,,,,,,,https://www.openstreetmap.org/way/1287926805,-1.68,
den-trung-phung,hoan-kiem,sight,candidate,religious,active place of worship,religious,,,Đền Trung Phụng,,21.015354,105.838239,amenity=place_of_worship,,,,,,,,,https://www.openstreetmap.org/way/1317836198,-1.68,
gian-tho-to-mau,hoan-kiem,sight,candidate,religious,active place of worship,religious,,,Gian thờ Tổ Mẫu,,21.035623,105.833555,amenity=place_of_worship,,,,,,,,,https://www.openstreetmap.org/way/697326488,-1.69,
nha-tho-hang-bot,hoan-kiem,sight,candidate,religious,active place of worship,religious,,,Nhà thờ Hàng Bột,,21.024606,105.832236,amenity=place_of_worship,162A Phố Tôn Đức Thắng,,,,,,,,https://www.openstreetmap.org/way/860294713,-1.72,
chua-huy-van,hoan-kiem,sight,candidate,religious,active place of worship,religious,,,Chùa Huy Văn,,21.022988,105.832749,amenity=place_of_worship,,,,,,,,,https://www.openstreetmap.org/way/1287926796,-1.72,
dien-huy-van,hoan-kiem,sight,candidate,religious,active place of worship,religious,,,Điện Huy Văn,,21.022875,105.83266,amenity=place_of_worship,,,,,,,,,https://www.openstreetmap.org/way/1287926795,-1.73,
dinh-lang-ai-mo,hoan-kiem,sight,candidate,religious,active place of worship,religious,,,Đình làng Ái Mộ,,21.038845,105.870483,amenity=place_of_worship,,,,,,,,,https://www.openstreetmap.org/way/704250754,-1.74,
chua-linh-ung,hoan-kiem,sight,candidate,religious,active place of worship,religious,,,Chùa Linh Ứng,,21.019626,105.833706,amenity=place_of_worship,290 Phố Khâm Thiên,,,,,,,,https://www.openstreetmap.org/way/1287926787,-1.76,
mieu-hai-ba-trung,hoan-kiem,sight,candidate,religious,active place of worship,religious,,,Miếu Hai Bà Trưng,,21.013317,105.865915,amenity=place_of_worship,680 Đưòng Bạch Đằng,,,,,,,,https://www.openstreetmap.org/way/1557811356,-1.77,
cong-vien-ba-mau,hoan-kiem,sight,candidate,ok,,park,,,Công viên Ba Mẫu,,21.01252,105.840113,leisure=park,,,,,,,,,https://www.openstreetmap.org/way/1292544276,-1.78,
chua-than-quang,hoan-kiem,sight,candidate,religious,active place of worship,religious,,,Chùa Thần Quang,,21.046094,105.840688,amenity=place_of_worship,44 Phố Ngũ Xã,,,,,,,,https://www.openstreetmap.org/way/700671930,-1.82,
dinh-thinh-hao,hoan-kiem,sight,candidate,religious,active place of worship,religious,,,Đình Thịnh Hào,,21.022714,105.831541,amenity=place_of_worship,190 Phố Tôn Đức Thắng,,,,,,,,https://www.openstreetmap.org/way/1315344014,-1.82,
nha-tuong-niem-liet-si,hoan-kiem,sight,candidate,review,name: tưởng niệm,religious,,,Nhà tưởng niệm liệt sĩ,,21.042821,105.836399,amenity=place_of_worship,,,,,,,,,https://www.openstreetmap.org/way/1498023643,-1.83,
dinh-ngu-xa,hoan-kiem,sight,candidate,religious,active place of worship,religious,,,Đình Ngũ Xã,,21.046325,105.840743,amenity=place_of_worship,16 Phố Nguyễn Khắc Hiếu,,,,,,,,https://www.openstreetmap.org/way/700671931,-1.84,
dinh-xuan-bieu,hoan-kiem,sight,candidate,religious,active place of worship,religious,,,Đình Xuân Biểu,,21.033211,105.830842,amenity=place_of_worship,,,,,,,,,https://www.openstreetmap.org/way/1286509477,-1.84,
non-bo,hoan-kiem,sight,candidate,ok,,park,,,Non bộ,,21.043035,105.836394,leisure=garden,,,,,,,,,https://www.openstreetmap.org/way/1498023650,-1.84,
dinh-tho-quan,hoan-kiem,sight,candidate,religious,active place of worship,religious,,,Đình Thổ Quan,,21.016269,105.834703,amenity=place_of_worship,215 Ngõ Thổ Quan,,,,,,,,https://www.openstreetmap.org/way/1287926779,-1.85,
phong-tranh-duong-dai-ca-lang-toan-thang,hoan-kiem,sight,candidate,ok,,attraction,,,Phòng Tranh Đương Đại Cá Lăng Toàn Thắng,,21.024999,105.862025,tourism=artwork,,,,,,,,,https://www.openstreetmap.org/node/6433567585,-1.86,
vuon-hoa-ai-mo,hoan-kiem,sight,candidate,ok,,park,,,Vườn hoa Ái Mộ,,21.03886,105.872217,leisure=park,,,,,,,,,https://www.openstreetmap.org/way/1174490259,-1.87,
chua-cat-linh,hoan-kiem,sight,candidate,religious,active place of worship,religious,,,Chùa Cát Linh,,21.028611,105.829665,amenity=place_of_worship,22 Ngõ 27 Phố Cát Linh,,,,,,,,https://www.openstreetmap.org/way/729254692,-1.9,
dinh-trung-tu,hoan-kiem,sight,candidate,religious,active place of worship,religious,,,Đình Trung Tự,,21.012093,105.8382,amenity=place_of_worship,,,,,,,,,https://www.openstreetmap.org/way/1317836184,-1.9,
nong-trai-vui-ve-phung-gia-trang,hoan-kiem,sight,candidate,review,access=private,park,,,Nông Trại Vui Vẻ - Phùng Gia Trang,,21.022593,105.874397,leisure=garden,,,,,,,,,https://www.openstreetmap.org/way/1465114043,-1.9,
vuon-hoa-bac-long-bien,hoan-kiem,sight,candidate,ok,,park,,,Vườn hoa Bắc Long Biên,,21.04647,105.865598,leisure=park,,,,,,,,,https://www.openstreetmap.org/way/770299554,-1.91,
chua-trung-tu,hoan-kiem,sight,candidate,religious,active place of worship,religious,,,Chùa Trung Tự,,21.012982,105.836353,amenity=place_of_worship,46 Đường Đê La Thành,,,,,,,,https://www.openstreetmap.org/way/1317836196,-1.94,
chua-kim-lien,hoan-kiem,sight,candidate,religious,active place of worship,religious,,,Chùa Kim Liên,,21.011637,105.837852,amenity=place_of_worship,,,,,,,,,https://www.openstreetmap.org/way/1264135486,-1.95,
lang-phung-hung,hoan-kiem,sight,candidate,religious,active place of worship,religious,,,Lăng Phùng Hưng,,21.031338,105.829,amenity=place_of_worship,,,,,,,,,https://www.openstreetmap.org/way/1315344012,-1.96,
den-ba-teu,hoan-kiem,sight,candidate,religious,active place of worship,religious,,,Đền Bà Tễu,,21.00942,105.864465,amenity=place_of_worship,Ngõ 10 Trần Khát Chân,,,,,,,,https://www.openstreetmap.org/node/13008625317,-1.99,
dinh-an-tri,hoan-kiem,sight,candidate,religious,active place of worship,religious,,,Đình An Trí,,21.048598,105.841318,amenity=place_of_worship,,,,,,,,,https://www.openstreetmap.org/way/700671918,-1.99,
v-i-le-nin,hoan-kiem,sight,candidate,ok,,attraction,,,V.I. Lê-nin,,21.031696,105.839388,tourism=artwork,,,,,,,,,https://www.openstreetmap.org/node/6605457432,-2.12,
lu,hoan-kiem,sight,candidate,ok,,attraction,,,Lư,,21.036252,105.840345,tourism=artwork,,,,,,,,,https://www.openstreetmap.org/node/6544886541,-2.21,
thanh-paul,hoan-kiem,sight,candidate,ok,,attraction,,,Thánh Paul,,21.030931,105.835735,tourism=artwork,,,,,,,,,https://www.openstreetmap.org/node/6600039828,-2.4,
nghi-mon,hoan-kiem,sight,candidate,ok,,attraction,,,Nghi môn,,21.027391,105.8354,tourism=artwork,,,,,,,,,https://www.openstreetmap.org/node/6594592049,-2.43,
quan-am-tu-bi,hoan-kiem,sight,candidate,ok,,attraction,,,Quan Âm Từ Bi,,21.035715,105.833426,tourism=artwork,,,,,,,,,https://www.openstreetmap.org/node/6549313786,-2.7,
mosaic,hoan-kiem,sight,candidate,ok,,attraction,,,Mosaic,,21.012566,105.841498,tourism=artwork,,,,,,,,,https://www.openstreetmap.org/node/13310439001,-2.71,
trong-dong-dong-son,hoan-kiem,sight,candidate,ok,,attraction,,,Trống đồng Đông Sơn,,21.035578,105.832832,tourism=artwork,,,,,,,,,https://www.openstreetmap.org/node/12093662001,-2.74,
bac-ho-bac-ton,hoan-kiem,sight,candidate,review,name: Bác Hồ,attraction,,,Bác Hồ - Bác Tôn,,21.011194,105.842482,tourism=artwork,,,,,,,,,https://www.openstreetmap.org/node/9907239892,-2.77,
duc-thanh-huyen-thien-tran-vu,hoan-kiem,sight,candidate,ok,,attraction,,,Đức Thánh Huyền Thiên Trấn Vũ,,21.043028,105.836658,tourism=artwork,,,,,,,,,https://www.openstreetmap.org/node/13719271437,-2.83,
voi-phuc,hoan-kiem,sight,candidate,ok,,attraction,,,Voi Phục,,21.042982,105.836202,tourism=artwork,,,,,,,,,https://www.openstreetmap.org/way/1498023642,-2.85,
porte-d-annam,hoan-kiem,food,candidate,ok,,restaurant,vietnamese,,Porte D' Annam,Porte D' Annam,21.029047,105.849678,amenity=restaurant,22 Phố Nhà Thờ,Mo-Su 10:00-22:00,,,,,,,https://www.openstreetmap.org/node/4437567193,4.26,
pho-10-ly-quoc-su,hoan-kiem,food,candidate,ok,,restaurant,vietnamese,,Pho 10,Pho 10 ly quoc su,21.030472,105.848847,amenity=restaurant,10 Phố Lý Quốc Sư,Mo-Su 06:00-22:00,http://www.pho10lyquocsu.com.vn,,,,,,https://www.openstreetmap.org/node/773601261,4.16,
hong-hoais-restaurant,hoan-kiem,food,candidate,ok,,restaurant,vietnamese,,Nhà Hàng Hồng Hoài,Hong Hoai’s Restaurant,21.033791,105.847462,amenity=restaurant,20 Phố Bát Đàn,Mo-Su 10:00-22:00,https://honghoaisrestaurant.com,,,,,,https://www.openstreetmap.org/node/4709634891,3.89,
rueducamp-cafe,hoan-kiem,food,candidate,ok,,restaurant,vietnamese,,RueDuCamp Quán cà phê,RueDuCamp Cafe,21.027965,105.844823,amenity=restaurant,50A Phố Tràng Thi,Mo-Su 07:00-23:00,https://m.facebook.com/Rueducamp/,,,,,,https://www.openstreetmap.org/node/7112196485,3.86,
quan-an-ngon,hoan-kiem,food,candidate,ok,,restaurant,vietnamese,,Quán Ăn Ngon - Phan Bội Châu,Quan An Ngon,21.026261,105.843416,amenity=restaurant,18 Phố Phan Bội Châu,Mo-Su 06:45-22:00,https://ngonhanoi.com.vn/,,,,,,https://www.openstreetmap.org/node/721836715,3.71,
local-street-food,hoan-kiem,food,candidate,ok,,restaurant,vietnamese,,Bún Riêu Cua Thu,Local street food,21.029206,105.848334,amenity=restaurant,5A Thọ Xương,6:00-14:00,,,,,,,https://www.openstreetmap.org/node/6425005085,3.65,
vegan-pho-banh-mi,hoan-kiem,food,candidate,ok,,street_food,vietnamese,,Vegan Ph,Vegan Phở & Bánh Mì,21.024189,105.844708,amenity=fast_food,74 Phố Quán Sứ,Mo-Su 07:00-14:00,,,,,,,https://www.openstreetmap.org/node/11868094969,3.23,
fu-rong-hua,hoan-kiem,food,candidate,ok,,restaurant,,,FU RONG HUA,FU RONG HUA,21.032025,105.852125,amenity=restaurant,9 Phố Đinh Tiên Hoàng,,http://furonghua.com.vn,,,,,,https://www.openstreetmap.org/node/12744754301,3.21,
rk-spice-indian-restaurant,hoan-kiem,food,candidate,ok,,restaurant,indian,,Rk Spice Indian Restaurant,RK Spice Indian Restaurant,21.031724,105.848877,amenity=restaurant,42 Phố Hàng Hòm,Mo-Su 11:00-23:50,https://rkspice.com/,,,,,,https://www.openstreetmap.org/node/10823609205,3.1,
hanoi-coffee-station,hoan-kiem,food,candidate,ok,,cafe,"cake, coffee_shop, sandwich, tea",,Cà Phê Hanoi Station,Hanoi Coffee Station,21.031804,105.848416,amenity=cafe,31 Phố Hàng Mành,Mo-Su 07:30-05:30,,,,,,,https://www.openstreetmap.org/node/5660941448,3.07,
king-bbq-buffet-20-hai-ba-trung,hoan-kiem,food,candidate,ok,,restaurant,"korean, buffet, grill, hotpot, vietnamese, salad, meat, pork, barbecue, diner, fine_dining, asian, chicken, sushi, seafood, dessert",,Nhà Hàng King BBQ,King BBQ Buffet 20 Hai Ba Trung,21.024043,105.853953,amenity=restaurant,20 Hai Bà Trưng,Mo-Su 10:00-22:00,http://kingbbq20hbt.vn/,,,,,,https://www.openstreetmap.org/node/6324812247,3.06,
giang-cafe-hanoi,hoan-kiem,food,candidate,ok,,cafe,,,Cà Phê Giảng - Cà Phê Trứng,Giang Cafe Hanoi,21.033606,105.854622,amenity=cafe,39 Phố Nguyễn Hữu Huân,,https://www.giangcafehanoi.com/,,,,,,https://www.openstreetmap.org/node/4311854914,3.04,
hidden-gem-coffee,hoan-kiem,food,candidate,ok,,cafe,coffee_shop,,Hidden Gem,Hidden Gem Coffee,21.033589,105.855029,amenity=cafe,Phố Hàng Tre,Mo-Su 08:00-23:00,,,,,,,https://www.openstreetmap.org/node/6195187685,3.03,
pizza-slice-2,hoan-kiem,food,candidate,ok,,restaurant,"pizza, italian_pizza",,NYC Pizza,Pizza Slice 2$,21.034917,105.853526,amenity=restaurant,63 Phố Mã Mây,Su-Th 11:30-00:00; Fr-Sa 11:30-01:00,https://www.nycpizzahanoi.com/,,,,,,https://www.openstreetmap.org/node/6477774987,2.95,
hanoi-oi-bar-bistro,hoan-kiem,food,candidate,adult,alcohol / 18+,bar,,,Quán Bar Hanoi Bistro,Hanoi oi Bar Bistro,21.035583,105.851938,amenity=bar,3 Phố Tạ Hiện,,https://www.facebook.com/hanoioiofficial,,,,,,https://www.openstreetmap.org/node/7735419280,2.89,
doong-tea-coffee-express,hoan-kiem,food,candidate,ok,,cafe,,,Doong Tea & Coffee Express,Doong Tea & Coffee Express,21.035874,105.853368,amenity=cafe,19 Mã Mây,,http://doong.com.vn,,,,,,https://www.openstreetmap.org/node/4457979091,2.87,
blackbird-coffee,hoan-kiem,food,candidate,ok,,cafe,"breakfast, coffee_shop",,Cà Phê Blackbird,Blackbird Coffee,21.035269,105.848543,amenity=cafe,63B Phố Lãn Ông,Mo-Su 07:00-21:30,,,,,,,https://www.openstreetmap.org/node/7257100185,2.84,
hoi-an-corner-cafe,hoan-kiem,food,candidate,ok,,cafe,coffee_shop,,Cà Phê Hội An,Hoi An Corner Cafe,21.032326,105.845357,amenity=cafe,Phố Phùng Hưng,Mo-Su 07:00-22:30,,,,,,,https://www.openstreetmap.org/node/6634628886,2.83,
aummee-vegeterian-restaurant,hoan-kiem,food,candidate,ok,,restaurant,vietnamese,,Chay Aummee,Aummee Vegeterian Restaurant,21.045748,105.842559,amenity=restaurant,26 Phố Châu Long,Mo-Sa 09:00-14:00; 17:00-21:00,,,,,,,https://www.openstreetmap.org/node/4481407690,2.78,
au-o,hoan-kiem,food,candidate,ok,,restaurant,vietnamese,,Nhà Hàng Ầu Ơ Bếp Việt,Au O,21.021365,105.856687,amenity=restaurant,15 Phố Lý Thường Kiệt,,,,,,,,https://www.openstreetmap.org/node/7205751930,2.75,
me-an-vegetarian,hoan-kiem,food,candidate,ok,,restaurant,vietnamese,,Nhà Hàng Chay Me&An Vegetarian,Me&An Vegetarian,21.020204,105.850731,amenity=restaurant,61 Phố Hàm Long,,,,,,,,https://www.openstreetmap.org/node/11866085369,2.72,
jalus-vegan-restaurant,hoan-kiem,food,candidate,ok,,restaurant,,,Nhà Hàng Jalus Vegan,Jalus Vegan Restaurant,21.030634,105.849504,amenity=restaurant,46 Phố Hàng Trống,Mo-Su 08:00-22:00,,,,,,,https://www.openstreetmap.org/node/4759037451,2.7,
tu-lun-pho-ga-bun-thang,hoan-kiem,food,candidate,ok,,restaurant,,,Tư Lùn - Phở Gà & Bún Thang,Tu Lun - Pho Ga Bun Thang,21.031178,105.8493,amenity=restaurant,5 Phố Hàng Trống,"Mo-Su 06:00-13:30, 15:00-23:00",,,,,,,https://www.openstreetmap.org/node/5474590921,2.66,
chay-vegan,hoan-kiem,food,candidate,ok,,restaurant,vietnamese,,Chay vỉa hè,Chay vegan,21.019731,105.849304,amenity=restaurant,,,,,,,,,https://www.openstreetmap.org/node/12343563164,2.65,
loading-t-cafe,hoan-kiem,food,candidate,ok,,cafe,,,Cà Phê Loading T,Loading T Cafe,21.030525,105.848587,amenity=cafe,8 Phố Chân Cầm,Mo-Su 08:00-23:00,,,,,,,https://www.openstreetmap.org/node/4381918992,2.64,
habakuk-fine-coffee-bistro,hoan-kiem,food,candidate,ok,,cafe,coffee_shop,,Quán Cà phê Habakuk,Habakuk Fine Coffee & Bistro,21.02015,105.857626,amenity=cafe,4 Ngõ Phan Huy Chú,Mo-Su 08:00-22:30,,,,,,,https://www.openstreetmap.org/node/13647041501,2.62,
bun-ca-street-fish-noodle,hoan-kiem,food,candidate,ok,,restaurant,vietnamese,,Bun Ca sam Cay Si,Bun Ca - Street Fish Noodle,21.033383,105.852671,amenity=restaurant,,,,,,,,,https://www.openstreetmap.org/node/4481034394,2.59,
banh-mi-hoi-an,hoan-kiem,food,candidate,ok,,street_food,sandwich,,Banh Mi Hoi An,Banh Mi Hoi An,21.03403,105.851602,amenity=fast_food,98 Hàng Bạc,Mo-Su 06:30-22:30,,,,,,,https://www.openstreetmap.org/node/4772225421,2.53,
banh-bao-binh-mo,hoan-kiem,food,candidate,ok,,restaurant,vietnamese,,Bánh bao Bình Mỗ,Banh Bao Binh Mo,21.029308,105.84648,amenity=restaurant,,,,,,,,,https://www.openstreetmap.org/node/10264303109,2.5,
trieu-patisserie,hoan-kiem,food,candidate,ok,,cafe,,,Triều Patisserie,Trieu Patisserie,21.032421,105.847812,amenity=cafe,23 Phố Hàng Nón,Mo-Su 06:00-19:00,,,,,,,https://www.openstreetmap.org/node/10279544609,2.49,
beer-of-10000-dong,hoan-kiem,food,candidate,ok,,street_food,,,Bia 10000d.,Beer of 10000 dong,21.034755,105.852489,amenity=fast_food,,Mo-Su 18:31-00:00,,,,,,,https://www.openstreetmap.org/node/13267116901,2.47,
pho-vui,hoan-kiem,food,candidate,ok,,restaurant,,,Pho Vui,Pho Vui,21.035163,105.851227,amenity=restaurant,25 Hàng Buồm,Mo-Su 07:00-10:00,,,,,,,https://www.openstreetmap.org/node/4366361510,2.42,
met-vietnamese-restaurant-vegetarian-food-met-8,hoan-kiem,food,candidate,ok,,restaurant,vietnamese,,MẸT Vietnamese restaurant & Vegetarian Food Met 8,MET Vietnamese restaurant & Vegetarian Food Met 8,21.033707,105.847366,amenity=restaurant,,,,,,,,,https://www.openstreetmap.org/node/12821562701,2.39,
fruit-juice-tea-cafe-snack-noodles,hoan-kiem,food,candidate,ok,,cafe,"american, korean, breakfast, chicken, coffee_shop, fish_and_chips, ice_cream, noodles, vietnamese",,xưởng ăn vặt,"Fruit juice, tea, cafe, snack & noodles",21.036265,105.852812,amenity=cafe,23 Phố Đào Duy Từ,Mo-Su 09:00-23:30,,,,,,,https://www.openstreetmap.org/node/6438151686,2.34,
anh-luyen,hoan-kiem,food,candidate,ok,,restaurant,,,quán góc hà nội,anh luyện,21.03079,105.853687,amenity=restaurant,47 Phố Đinh Tiên Hoàng,,,,,,,,https://www.openstreetmap.org/node/4735624525,2.3,
chopsticks,hoan-kiem,food,candidate,ok,,cafe,"local, vietnamese",,Mira Coffee,Chopsticks,21.036695,105.852714,amenity=cafe,15 Đào Duy Từ,Mo-Su 12:00-00:00,,,,,,,https://www.openstreetmap.org/node/4846011424,2.3,
cumulus-vietnamese,hoan-kiem,food,candidate,ok,,restaurant,,,Sen Trang An William Cumulus restaurant,Cumulus Vietnamese,21.028881,105.843911,amenity=restaurant,3 Cấm Chỉ,Mo-Su 11:00-22:00,,,,,,,https://www.openstreetmap.org/node/6981936785,2.29,
banh-mi-chay-vegan,hoan-kiem,food,candidate,ok,,restaurant,vietnamese,,Bánh mì chay Vegan,,21.030351,105.84971,amenity=restaurant,64 Phố Hàng Trống,Mo-Sa 09:30-21:00; Su 09:00-18:00,,,,,,,https://www.openstreetmap.org/node/11371361970,2.23,
pho-lam-nam-angulo,hoan-kiem,food,candidate,ok,,restaurant,,,Phở Lâm,Pho Lam Nam ángulo,21.02659,105.843469,amenity=restaurant,7 Nam Ngư,Mo-Su 06:30-19:00,,,,,,,https://www.openstreetmap.org/node/4885271521,2.22,
laca,hoan-kiem,food,candidate,adult,alcohol / 18+,bar,,,Laca24,LaCa,21.029934,105.84906,amenity=bar,24,,,,,,,,https://www.openstreetmap.org/node/4370937020,2.2,
quan-little-ha-noi,hoan-kiem,food,candidate,ok,,restaurant,vietnamese,,Quán Little Hà Nội,,21.030219,105.848951,amenity=restaurant,24b Phố Lý Quốc Sư,Mo-Su 08:00-00:00,,,,,,,https://www.openstreetmap.org/node/11371431369,2.18,
cafe-tour,hoan-kiem,food,candidate,ok,,cafe,"vietnamese, curry, noodles, chicken",,Cà Phê Tour,Café Tour,21.029509,105.848521,amenity=cafe,40 Ngõ Huyện,,,,,,,,https://www.openstreetmap.org/node/5719446321,2.16,
com-pho,hoan-kiem,food,candidate,ok,,restaurant,vietnamese,,Cơm Phở,,21.03044,105.848859,amenity=restaurant,12 Phố Lý Quốc Sư,Mo-Su 06:00-22:00,,,,,,,https://www.openstreetmap.org/node/13641363901,2.16,
mien-luon-chan-cam,hoan-kiem,food,candidate,ok,,restaurant,vietnamese,,Miến Lươn Chân Cầm,,21.030429,105.848695,amenity=restaurant,1 Phố Chân Cầm,Mo-Su 07:00-22:00,,,,,,,https://www.openstreetmap.org/node/13624907801,2.15,
banh-mi-nhe,hoan-kiem,food,candidate,ok,,restaurant,vietnamese,,BANH Mi NHE,,21.030363,105.856488,amenity=restaurant,9 Hang Voi St. (2nd Floor),Mo-Sa 10:00-19:00,https://www.tripadvisor.de/Restaurant_Review-g293924-d24863091-Reviews-Rural_Tonkin_Banh_Mi_Nhe-Hanoi.html,,,,,,https://www.openstreetmap.org/node/11652527569,2.14,
tung-s-kitchen,hoan-kiem,food,candidate,ok,,restaurant,vietnamese,,Tung's Kitchen,,21.031354,105.848979,amenity=restaurant,2 Phố Hàng Bông,Mo-Su 10:00-22:00,https://tungskitchen.com,,,,,,https://www.openstreetmap.org/node/4759687343,2.13,
anh-hung,hoan-kiem,food,candidate,ok,,street_food,kebab,,Đồ Ăn Nhanh Kebab Anh Hùng,Anh Hung,21.032673,105.854533,amenity=fast_food,71 Phố Nguyễn Hữu Huân,,,,,,,,https://www.openstreetmap.org/node/6313622387,2.12,
trang-tien-ice-cream,hoan-kiem,food,candidate,ok,,cafe,,,Kem Tràng Tiền,Tràng Tiền Ice Cream,21.024943,105.854749,amenity=ice_cream,Phố Tràng Tiền,,,,,,,,https://www.openstreetmap.org/node/4576377989,2.11,
nhac-cafe,hoan-kiem,food,candidate,ok,,restaurant,vietnamese,,Nhac cafe,,21.032415,105.855273,amenity=restaurant,7 Phố Hàng Thùng,Mo-Su 07:00-23:00,,,,,,,https://www.openstreetmap.org/node/6533893985,2.1,
cafe-81,hoan-kiem,food,candidate,ok,,cafe,,,Cà Phê 81,Cafe 81,21.020682,105.845727,amenity=cafe,81 Trần Quốc Toản,Mo-Su 07:00-21:00,http://www.dfcoffe.com.vn,,,,,,https://www.openstreetmap.org/node/4784540821,2.08,
banh-mi-doner-kebab,hoan-kiem,food,candidate,ok,,street_food,"german, barbecue, kebab, lao, grill, local",,Cửa Hàng Bánh Mì Döner Kebab,Banh Mi Döner Kebab,21.039423,105.85097,amenity=fast_food,2 Phố Hàng Khoai,Mo-Su 18:00-06:00,,,,,,,https://www.openstreetmap.org/node/7158101286,2.05,
may-de-cuisine,hoan-kiem,food,candidate,ok,,restaurant,vietnamese,,May de Cuisine,,21.034026,105.853508,amenity=restaurant,107 Phố Mã Mây,Mo-Su 08:00-22:00,,,,,,,https://www.openstreetmap.org/node/12063757631,2.03,
bun-cha-dac-kim,hoan-kiem,food,candidate,ok,,restaurant,vietnamese,,Bún Chẳ Đắc Kim,,21.031056,105.847279,amenity=restaurant,67 Đường Thành,,http://www.bunchahangmanh.vn,,,,,,https://www.openstreetmap.org/node/4151407589,2.02,
czech-bar,hoan-kiem,food,candidate,adult,alcohol / 18+,bar,,,Quán Bia Tiệp Zubr Czech Bar,Czech Bar,21.043107,105.843492,amenity=bar,103 Nguyễn Trường Tộ,Mo-Su 09:00-22:00,,,,,,,https://www.openstreetmap.org/node/4504307290,2.02,
co-anh,hoan-kiem,food,candidate,ok,,restaurant,,,trà đào 42,cô anh,21.023766,105.849876,amenity=restaurant,42k Phố Lý Thường Kiệt,,,,,,,,https://www.openstreetmap.org/node/4735444121,2.0,
la-lung-cafe,hoan-kiem,food,candidate,ok,,cafe,,,Tiệm cà phê LẠ LÙNG,LA LUNG café,21.021311,105.835699,amenity=cafe,Ngõ Văn Chương,Mo-Su 09:00-22:30,,,,,,,https://www.openstreetmap.org/node/6495167985,1.95,
madam-tu-hong,hoan-kiem,food,candidate,ok,,restaurant,vietnamese,,Madam Tư Hồng,,21.028801,105.845737,amenity=restaurant,5 Ngõ Hội Vũ,"Mo-Su 11:00-14:00,17:00-22:00",https://madamtuhong.vn/,,,,,,https://www.openstreetmap.org/node/13907404801,1.94,
phe-day-cafe,hoan-kiem,food,candidate,ok,,cafe,"coffee_shop, tea",,Phê Đây,Phe Day Café,21.039753,105.846789,amenity=cafe,1 Phố Phan Đình Phùng,Mo-Su 07:00-23:30,,,,,,,https://www.openstreetmap.org/node/11676649769,1.92,
chao-long-pho-co,hoan-kiem,food,candidate,ok,,restaurant,vietnamese,,Cháo Lòng Phố Cổ,,21.036038,105.852097,amenity=restaurant,26 Phố Hàng Buồm,Mo-Su 11:00-14:00,,,,,,,https://www.openstreetmap.org/node/8631526113,1.86,
dim-sum-corner,hoan-kiem,food,candidate,ok,,restaurant,,,Nhà Hàng Dim Sum Corner,Dim Sum Corner,21.028938,105.844422,amenity=restaurant,182 Phố Hàng Bông,,,,,,,,https://www.openstreetmap.org/node/4715945591,1.83,
delicious-waffles,hoan-kiem,food,candidate,ok,,cafe,,,Take Eat Easy,Delicious Waffles!,21.029043,105.849878,amenity=cafe,18 Phố Nhà Thờ,,,,,,,,https://www.openstreetmap.org/node/7246990985,1.78,
bun-cha-41,hoan-kiem,food,candidate,ok,,restaurant,vietnamese,,Bún chả 41,,21.03456,105.845879,amenity=restaurant,41 Phố Cửa Đông,Mo-Su 10:30-21:00,,,,,,,https://www.openstreetmap.org/node/13666531601,1.75,
com-viet-nam,hoan-kiem,food,candidate,ok,,restaurant,,,Nhà Hàng Cơm Việt Nam,Com Viet Nam,21.029212,105.849351,amenity=restaurant,2B Phố Ấu Triệu,,,,,,,,https://www.openstreetmap.org/node/5791597253,1.74,
ha-thanh-mansion,hoan-kiem,food,candidate,ok,,restaurant,vietnamese,,Hà Thành Mansion,,21.020882,105.84904,amenity=restaurant,14 Phố Ngô Văn Sở,"Mo-Su 10:00-14:00, 17:00-22:00",https://www.hathanhmansion.vn/,,,,,,https://www.openstreetmap.org/node/13630080601,1.74,
laplace-good-place-no-service-charge,hoan-kiem,food,candidate,ok,,restaurant,,,Nhà Hàng La Place,"Laplace, good place no service charge",21.029137,105.84922,amenity=restaurant,6 Phố Ấu Triệu,,,,,,,,https://www.openstreetmap.org/node/7123582887,1.73,
,hoan-kiem,food,candidate,ok,,restaurant,,,Quan Ngon nha Ham,ร้านขนมจีน น้ำจิ้มกะปิ,21.025736,105.85219,amenity=restaurant,,,,,,,,,https://www.openstreetmap.org/node/7621698685,1.73,
noodle-roll,hoan-kiem,food,candidate,ok,,restaurant,vietnamese,,Noodle & Roll,,21.029748,105.849275,amenity=restaurant,39C Phố Lý Quốc Sư,Mo-Su 10:00-21:00,,,,,,,https://www.openstreetmap.org/node/4327534896,1.72,
wrap-roll,hoan-kiem,food,candidate,ok,,restaurant,,,Wrap & Roll,Wrap & Roll,21.03189,105.852815,amenity=restaurant,,,,,,,,,https://www.openstreetmap.org/node/5044649521,1.72,
aha-icecream-and-coffee,hoan-kiem,food,candidate,ok,,cafe,,,Cà Phê Aha,AHA icecream and coffee,21.02558,105.852762,amenity=cafe,,,,,,,,,https://www.openstreetmap.org/node/5141997421,1.71,
sticky-rice-with-chicken,hoan-kiem,food,candidate,ok,,street_food,,,Xôi Gà,Sticky Rice with chicken,21.031406,105.850354,amenity=fast_food,29 Hàng Hành,,,,,,,,https://www.openstreetmap.org/node/5384962124,1.71,
mna-restaurant,hoan-kiem,food,candidate,ok,,restaurant,,,Nhà Hàng MNA,MNA Restaurant,21.031465,105.854603,amenity=restaurant,,,,,,,,,https://www.openstreetmap.org/node/5640067721,1.71,
-4385,hoan-kiem,food,candidate,ok,,restaurant,,,Nhà Hàng Long Vi Dung,ส้มตำเวียดนาม,21.032037,105.853245,amenity=restaurant,,,,,,,,,https://www.openstreetmap.org/node/7644944385,1.71,
long-vi-dung-dried-beef-salad,hoan-kiem,food,candidate,ok,,street_food,,,Long Vi Dung - Nom Thit Bo Kho,Long Vi Dung - dried beef salad,21.032046,105.853246,amenity=fast_food,,,,,,,,,https://www.openstreetmap.org/node/4639673391,1.7,
cheap-little-sandwich-restaurant,hoan-kiem,food,candidate,ok,,restaurant,,,Nhà Hàng Linh Vy,Cheap little sandwich restaurant,21.032153,105.852944,amenity=restaurant,31 Phố Cầu Gỗ,,,,,,,,https://www.openstreetmap.org/node/5510010523,1.7,
pho-ga-ta-40k-and-great-crab-springrolls-20k,hoan-kiem,food,candidate,ok,,restaurant,,,Pho ga ta,Pho ga ta 40k and great crab springrolls 20k,21.032248,105.85302,amenity=restaurant,,,,,,,,,https://www.openstreetmap.org/node/7966645588,1.69,
arts-crafts-coffee,hoan-kiem,food,candidate,ok,,cafe,,,@fifi,arts & crafts coffee,21.028884,105.848712,amenity=cafe,28 Phố Ấu Triệu,,,,,,,,https://www.openstreetmap.org/node/9847863117,1.69,
little-vietnam,hoan-kiem,food,candidate,ok,,restaurant,,,Nhà Hàng Little Vietnam,Little Vietnam,21.030278,105.848921,amenity=restaurant,,,,,,,,,https://www.openstreetmap.org/node/4127549394,1.68,
nam-long-restaurant,hoan-kiem,food,candidate,ok,,restaurant,"breakfast, coffee_shop, local",,Nhà hàng Nam Long,Nam Long Restaurant,21.044393,105.838305,amenity=restaurant,01 Phố Trấn Vũ,,https://nhahangnamlong.vn/,,,,,,https://www.openstreetmap.org/way/1498073029,1.68,
minh-chay-vegan-restaurant,hoan-kiem,food,candidate,ok,,restaurant,,,Nhà Hàng Minh Chay Vegan,Minh Chay Vegan Restaurant,21.032068,105.850289,amenity=restaurant,,,,,,,,,https://www.openstreetmap.org/node/4694633889,1.66,
ce-phe-phuong-linh,hoan-kiem,food,candidate,ok,,cafe,,,Cà Phê Phương Linh,Ce Phe Phuong Linh,21.032102,105.85447,amenity=cafe,94 Phố Nguyễn Hữu Huân,,,,,,,,https://www.openstreetmap.org/node/5289860021,1.66,
coffee-zone,hoan-kiem,food,candidate,ok,,cafe,,,Cà Phê Zone,Coffee Zone,21.032337,105.854418,amenity=cafe,92 Phố Nguyễn Hữu Huân,,,,,,,,https://www.openstreetmap.org/node/4968634722,1.65,
nha-hang-chay-mihn,hoan-kiem,food,candidate,ok,,restaurant,vietnamese,,Nhà Hàng Chay Mihn,,21.028421,105.848346,amenity=restaurant,09 Phố Ấu Triệu,Mo-Su 09:00-22:00,https://www.minhchay.com/,,,,,,https://www.openstreetmap.org/node/5332620122,1.65,
coffee-bakery,hoan-kiem,food,candidate,ok,,cafe,,,Gau Coffee & Bakery,Coffee & Bakery,21.031725,105.849654,amenity=cafe,82 Phố Hàng Gai,,,,,,,,https://www.openstreetmap.org/node/10245738609,1.65,
peachy-craft,hoan-kiem,food,candidate,adult,alcohol / 18+,bar,,,The Space Pub,Peachy Craft,21.032668,105.851378,amenity=bar,87 Phố Hàng Đào,,,,,,,,https://www.openstreetmap.org/node/5516493923,1.64,
visaigon,hoan-kiem,food,candidate,ok,,restaurant,,,Quán Ốc Vi Sài Gòn,ViSaiGon,21.032991,105.852734,amenity=restaurant,21 Gia Ngư,,,,,,,,https://www.openstreetmap.org/node/5604576821,1.63,
xoi-tien,hoan-kiem,food,candidate,ok,,restaurant,vietnamese,,Xôi Tiến,,21.029238,105.848015,amenity=restaurant,51 Ngõ Huyện,Mo-Su 06:30-23:00,,,,,,,https://www.openstreetmap.org/node/11675163969,1.63,
chay-tam-khoi,hoan-kiem,food,candidate,ok,,restaurant,vietnamese,,Chay Tâm Khởi,,21.024337,105.843,amenity=restaurant,,Mo-Fr 06:00-14:00,,,,,,,https://www.openstreetmap.org/node/13981899117,1.62,
le-pub,hoan-kiem,food,candidate,adult,alcohol / 18+,bar,,,Le Pub,Le Pub,21.033101,105.853931,amenity=pub,25 Hàng Bè,,,,,,,,https://www.openstreetmap.org/node/969250576,1.6,
nhatly-restaurant,hoan-kiem,food,candidate,ok,,restaurant,,,Lẩu Dê Nhất Ly,Nhatly restaurant,21.037634,105.84721,amenity=restaurant,15a Hàng cót Hàng Cót,,,,,,,,https://www.openstreetmap.org/node/4586351390,1.6,
trung-nguyen-coffee-1921,hoan-kiem,food,candidate,ok,,cafe,"coffee_shop, vietnamese",Trung Nguyên,Trung Nguyên Coffee,Trung Nguyên Coffee,21.025708,105.849048,amenity=cafe,52 Phố Hai Bà Trưng,Mo-Su 06:30-22:30,,,,,,,https://www.openstreetmap.org/node/4961221921,1.6,
juice-bar,hoan-kiem,food,candidate,ok,,cafe,,,Cà Phê Văn Miêu,Juice bar,21.027105,105.835754,amenity=cafe,,24/7,,,,,,,https://www.openstreetmap.org/node/6224180286,1.6,
barista-frank-coffee-bar,hoan-kiem,food,candidate,ok,,cafe,,,Cà Phê Bar Barista Frank,Barista Frank Coffee Bar,21.029561,105.847601,amenity=cafe,,,,,,,,,https://www.openstreetmap.org/node/5042413525,1.59,
bun-bo-hue-35k,hoan-kiem,food,candidate,ok,,restaurant,,,Quán Bông,Bun Bo Hue 35K,21.030075,105.847759,amenity=restaurant,,,,,,,,,https://www.openstreetmap.org/node/5579667221,1.59,
good-spring-rolls,hoan-kiem,food,candidate,ok,,street_food,,,Xin chao!!,good spring rolls,21.03318,105.853924,amenity=fast_food,21 Hàng Bè,,,,,,,,https://www.openstreetmap.org/node/6212367385,1.59,
quan-pho-suong,hoan-kiem,food,candidate,ok,,restaurant,,,Phở Sướng,Quan pho suong,21.033552,105.852143,amenity=restaurant,,,,,,,,,https://www.openstreetmap.org/node/4905672622,1.58,
manh-banh-mi-place,hoan-kiem,food,candidate,ok,,cafe,,,Cà Phê & Bánh Mì Mạnh,Manh - banh mi place,21.031501,105.848422,amenity=cafe,,,,,,,,,https://www.openstreetmap.org/node/5977814886,1.58,
cua-hang-bun-cha-hang-quat,hoan-kiem,food,candidate,ok,,restaurant,vietnamese,,Cửa Hàng Bún Chả Hàng Quạt,,21.032464,105.848973,amenity=restaurant,74 Phố Hàng Quạt,Mo-Su 10:30-14:00,,,,,,,https://www.openstreetmap.org/node/7025965385,1.56,
nha-hang-my-pho,hoan-kiem,food,candidate,ok,,restaurant,vietnamese,,Nhà Hàng Mỹ Phồ,,21.030597,105.84747,amenity=restaurant,,Mo-Su 09:00-23:00,,,,,,,https://www.openstreetmap.org/node/5277149621,1.55,
moose-roo,hoan-kiem,food,candidate,ok,,restaurant,,,The American Club,Moose&roo,21.023697,105.854166,amenity=restaurant,,,,,,,,,https://www.openstreetmap.org/node/4150312890,1.53,
bun-cha-so-1-hang-manh,hoan-kiem,food,candidate,ok,,restaurant,,,number 1,Bun Cha So 1 Hang Manh,21.032346,105.84816,amenity=restaurant,,,,,,,,,https://www.openstreetmap.org/node/4180461689,1.52,
bluebirds-nest,hoan-kiem,food,candidate,ok,,cafe,coffee_shop,,Tổ Chim Xanh,Bluebirds' Nest,21.041921,105.841541,amenity=cafe,13 Ngõ 19 Đặng Dung,Mo-Su 08:30-22:30,,,,,,,https://www.openstreetmap.org/node/4227974092,1.52,
nha-hang-hanoi-food-culture,hoan-kiem,food,candidate,ok,,restaurant,vietnamese,,Nhà Hàng Hanoi Food Culture,,21.03408,105.853663,amenity=restaurant,,,https://www.hanoifoodculture.com/,,,,,,https://www.openstreetmap.org/node/5324912922,1.52,
-1685,hoan-kiem,food,candidate,ok,,restaurant,,,Quan Bun Dau Trung Huong,ร้านขนมจีนเต้าหู้กะปิ,21.034058,105.853954,amenity=restaurant,,,,,,,,,https://www.openstreetmap.org/node/7690141685,1.52,
ag-cafe,hoan-kiem,food,candidate,ok,,cafe,,,Cà Phê AG,AG cafe,21.034166,105.851042,amenity=cafe,,,,,,,,,https://www.openstreetmap.org/node/5336155723,1.51,
laika-cafe,hoan-kiem,food,candidate,ok,,cafe,,,Laïka Café,Laika Cafe,21.023343,105.850785,amenity=cafe,40 Phố Bà Triệu,,,,,,,,https://www.openstreetmap.org/node/6433573987,1.49,
thirstt-fruit-juice,hoan-kiem,food,candidate,ok,,cafe,,,ThirstT,ThirstT fruit juice,21.029268,105.846407,amenity=cafe,14 Phố Quán Sứ,,,,,,,,https://www.openstreetmap.org/node/11772843570,1.49,
xupito-bar,hoan-kiem,food,candidate,adult,alcohol / 18+,bar,,,Xupito Bar,Xupito Bar,21.034672,105.852271,amenity=bar,Lương Ngọc Quyến,,,,,,,,https://www.openstreetmap.org/node/7162745998,1.48,
trung-nguyen-coffee-4612,hoan-kiem,food,candidate,ok,,cafe,"coffee_shop, vietnamese",Trung Nguyên,Trung Nguyên Coffee,Trung Nguyên Coffee,21.034713,105.852313,amenity=cafe,35Lu'o'ng Ngoc Quyen 26 Hang Trong,,trungnguyen.sg,,,,,,https://www.openstreetmap.org/node/3281664612,1.47,
ha-noi-deli,hoan-kiem,food,candidate,ok,,cafe,,,Cà Phê Hà Nội Deli,ha noi deli,21.023824,105.84892,amenity=cafe,51 Phố Lý Thường Kiệt,,,,,,,,https://www.openstreetmap.org/node/4440898391,1.47,
corner-beer,hoan-kiem,food,candidate,adult,alcohol / 18+,bar,,,Quán Bia Corner,Corner Beer,21.034754,105.852175,amenity=bar,Tạ Hiện,,,,,,,,https://www.openstreetmap.org/node/5719452022,1.47,
garden-house-2,hoan-kiem,food,candidate,ok,,restaurant,,,garden houde 2,garden house 2,21.034682,105.853408,amenity=restaurant,,,,,,,,,https://www.openstreetmap.org/node/10250353711,1.47,
tim-coffee-good-smoothies,hoan-kiem,food,candidate,ok,,cafe,"coffee_shop, tea",,Tim coffee,Tim coffee (good smoothies!),21.034753,105.851543,amenity=cafe,,,,,,,,,https://www.openstreetmap.org/node/4750520221,1.46,
new-day,hoan-kiem,food,candidate,ok,,restaurant,,,Tiem Com Mot Ngay Moi,New Day,21.034767,105.853368,amenity=restaurant,,,,,,,,,https://www.openstreetmap.org/node/6518159595,1.46,
ca-phe-hanoi-egg,hoan-kiem,food,candidate,ok,,cafe,vietnamese,,Cà Phê Hanoi Egg,,21.034768,105.854568,amenity=cafe,,24/7,,,,,,,https://www.openstreetmap.org/node/6938840285,1.44,
caphe-kieu-good-milk-coffee,hoan-kiem,food,candidate,ok,,cafe,,,Cà Phê Kiều,Càphê Kièu - good milk coffee,21.023226,105.849078,amenity=cafe,,,,,,,,,https://www.openstreetmap.org/node/5592076021,1.43,
chay-tam-khoi-3221,hoan-kiem,food,candidate,ok,,restaurant,vietnamese,,Chay Tâm Khối,,21.03239,105.846821,amenity=restaurant,70 Phố Hàng Điếu,"Mo-Su 07:00-14:00,16:30-20:30",,,,,,,https://www.openstreetmap.org/node/12692463221,1.43,
tacos-54,hoan-kiem,food,candidate,ok,,restaurant,"coffee_shop, mexican",,Tacos Fresh And More,Tacos 54,21.035267,105.852958,amenity=restaurant,54 Đào Duy Từ,,,,,,,,https://www.openstreetmap.org/node/4504307491,1.42,
utopia,hoan-kiem,food,candidate,ok,,cafe,,,IVegan Supershop,Utopia,21.032575,105.84682,amenity=cafe,49 Phố Hàng Điếu,,,,,,,,https://www.openstreetmap.org/node/4869278321,1.42,
jojo,hoan-kiem,food,candidate,adult,alcohol / 18+,bar,,,Quán Bar Jojo,Jojo,21.035379,105.852598,amenity=bar,,,,,,,,,https://www.openstreetmap.org/node/4623110190,1.41,
the-old-hanoi,hoan-kiem,food,candidate,ok,,restaurant,,,Nhà Hàng Ha Noi Xura,The Old Hanoi,21.035603,105.853006,amenity=restaurant,,,,,,,,,https://www.openstreetmap.org/node/6518159596,1.39,
the-taj-indian,hoan-kiem,food,candidate,ok,,restaurant,indian,,The Taj,The Taj Indian,21.035667,105.85129,amenity=restaurant,71 Phố Hàng Buồm,,,,,,,,https://www.openstreetmap.org/node/6616774268,1.38,
kaoya,hoan-kiem,food,candidate,ok,,restaurant,chinese,,Kaoya,Kaoya,21.035537,105.850498,amenity=restaurant,,,,,,,,,https://www.openstreetmap.org/node/7181130685,1.38,
nha-hang-phuong-nam,hoan-kiem,food,candidate,ok,,restaurant,vietnamese,,Nhà hàng Phương Nam,,21.016305,105.850976,amenity=restaurant,13 Phố Mai Hắc Đế,"Mo-Su 11:30-14:00,17:30-21:00",https://nhahangphuongnam.vn/,,,,,,https://www.openstreetmap.org/node/12105870160,1.38,
tet-bar-1,hoan-kiem,food,candidate,adult,alcohol / 18+,bar,,,Quán Pub Corner,Tet Bar 1,21.035818,105.851797,amenity=bar,2a,,,,,,,,https://www.openstreetmap.org/node/4860847821,1.37,
cho-do,hoan-kiem,food,candidate,ok,,restaurant,,,Soup kitchen,Cho Do,21.025681,105.845695,amenity=restaurant,,,,,,,,,https://www.openstreetmap.org/node/5217494823,1.37,
kebab-king,hoan-kiem,food,candidate,ok,,restaurant,,,Nhà Hàng Kebab King,Kebab King,21.035984,105.851772,amenity=restaurant,,,,,,,,,https://www.openstreetmap.org/node/4678138390,1.36,
coffee-van,hoan-kiem,food,candidate,ok,,cafe,,,Cà Phê Vân,Coffee Vân,21.035957,105.852198,amenity=cafe,23 Phố Hàng Buồm,,,,,,,,https://www.openstreetmap.org/node/10682748805,1.36,
frozen-yogurt,hoan-kiem,food,candidate,ok,,restaurant,,,Nhà Hàng Frozen Yogurt,Frozen Yogurt,21.036088,105.852172,amenity=restaurant,,,,,,,,,https://www.openstreetmap.org/node/4634652689,1.35,
66-roadside-reataurant,hoan-kiem,food,candidate,ok,,restaurant,,,Quan 66,66 Roadside Reataurant,21.034886,105.848126,amenity=restaurant,65b Hàng Bút,,,,,,,,https://www.openstreetmap.org/node/5422454521,1.35,
helio-coffee,hoan-kiem,food,candidate,ok,,cafe,,,Vietnam Speciality Coffee,Helio coffee,21.021686,105.850517,amenity=cafe,,,,,,,,,https://www.openstreetmap.org/node/5542149321,1.35,
1-hang-but-very-good-coffee,hoan-kiem,food,candidate,ok,,cafe,,,Cà Phê 1 Hàng Bụt,1 Hang but - very good coffee,21.034836,105.848044,amenity=cafe,,,,,,,,,https://www.openstreetmap.org/node/5576733921,1.35,
cha-ca-thang-long,hoan-kiem,food,candidate,ok,,restaurant,fish,,Chả Cá Thăng Long,Cha Ca Thang Long,21.032965,105.846123,amenity=restaurant,6B Đường Thành,,,,,,,,https://www.openstreetmap.org/node/11491405059,1.35,
cha-ca-ca-cuong,hoan-kiem,food,candidate,ok,,restaurant,,,Chả Cá Cà Cuống,Cha Ca Ca Cuong,21.035601,105.849296,amenity=restaurant,17 Phố Chả Cá,,,,,,,,https://www.openstreetmap.org/node/2259067320,1.34,
char-siu-pork,hoan-kiem,food,candidate,ok,,street_food,,,Phu' O'ng Beo,CHAR Siu Pork,21.035895,105.850253,amenity=fast_food,,,,,,,,,https://www.openstreetmap.org/node/4897173121,1.34,
little-bowl,hoan-kiem,food,candidate,ok,,cafe,dessert,,Little bowl,Little bowl,21.035392,105.848646,amenity=cafe,Phố Lãn Ông,,,,,,,,https://www.openstreetmap.org/node/5188122821,1.33,
cha-ca-la-vong,hoan-kiem,food,candidate,ok,,restaurant,fish,,Chả Cá Lã Vọng,Cha Ca La Vong,21.035684,105.849152,amenity=restaurant,14 Phố Chả Cá,,,,,,,,https://www.openstreetmap.org/node/11491397157,1.33,
banh-trang-phu-cuong-co-so-2,hoan-kiem,food,candidate,ok,,restaurant,vietnamese,,Bánh tráng Phú Cường cơ sở 2,,21.019538,105.842339,amenity=restaurant,104 Phố Yết Kiêu,Mo-Su 10:00-22:00,https://banhtrangthitheophucuong.vn,,,,,,https://www.openstreetmap.org/node/9551703841,1.32,
maison-sen-buffet,hoan-kiem,food,candidate,ok,,restaurant,,,Nhà Hàng Maison Sen,Maison Sen Buffet,21.021666,105.849308,amenity=restaurant,,,,,,,,,https://www.openstreetmap.org/node/9252326517,1.31,
net-hue,hoan-kiem,food,candidate,ok,,restaurant,vietnamese,,Nét Huế,,21.015495,105.851045,amenity=restaurant,43 Phố Mai Hắc Đế,,https://nethue.com.vn/,,,,,,https://www.openstreetmap.org/node/11782452957,1.31,
snax-box,hoan-kiem,food,candidate,ok,,street_food,,,vang khe,snax box,21.028551,105.844099,amenity=fast_food,,,,,,,,,https://www.openstreetmap.org/node/6209501185,1.3,
huong-viet,hoan-kiem,food,candidate,ok,,restaurant,"asian, coffee_shop, tea, noodle",,Hương Việt,Huong Viet,21.036064,105.848876,amenity=restaurant,13 Phố Hàng Cá,,,,,,,,https://www.openstreetmap.org/node/4523211689,1.29,
s-l-s-diner,hoan-kiem,food,candidate,ok,,restaurant,american,,S&L's Diner,,21.030137,105.850458,amenity=restaurant,22 Bảo Khánh,Mo-Su 09:00-00:00,,,,,,,https://www.openstreetmap.org/node/4789270528,1.29,
pho,hoan-kiem,food,candidate,ok,,restaurant,,,Phở bò 21,Pho,21.015874,105.847479,amenity=restaurant,21 Phố Nguyễn Đình Chiểu,,,,,,,,https://www.openstreetmap.org/node/5201147328,1.28,
ca-phe-anan,hoan-kiem,food,candidate,ok,,cafe,,,Cà Phê AnAn,,21.028371,105.849662,amenity=cafe,10 Phố Nhà Chung,Mo-Su 08:00-22:00,www.anancoffee.com,,,,,,https://www.openstreetmap.org/node/4217848289,1.26,
om-cafe-and-vegetarian-restaurant,hoan-kiem,food,candidate,ok,,restaurant,,,Zenith Yoga Studio II & Café,Om Café and Vegetarian Restaurant,21.025254,105.844438,amenity=restaurant,62 Phố Lý Thường Kiệt,,,,,,,,https://www.openstreetmap.org/node/4353372191,1.26,
ky-dong,hoan-kiem,food,candidate,ok,,restaurant,,,Bánh Cuôn Ký Dông,Ky Dong,21.029163,105.843631,amenity=restaurant,,,,,,,,,https://www.openstreetmap.org/node/5403043721,1.26,
nha-hang-thuy-ta,hoan-kiem,food,candidate,ok,,restaurant,,,Nhà hàng Thủy Tạ,,21.031163,105.851149,amenity=restaurant,1 Phố Lê Thái Tổ,Mo-Su 06:30-23:00,https://thuyta.vn/,,,,,,https://www.openstreetmap.org/way/1117240270,1.26,
puku-australian-football,hoan-kiem,food,candidate,ok,,restaurant,,,Puku,Puku (Australian Football),21.029493,105.843538,amenity=restaurant,,,,,,,,,https://www.openstreetmap.org/node/773601263,1.25,
co-mau,hoan-kiem,food,candidate,ok,,restaurant,,,Cửa Hàng Bít Tết 53 Cô Mẫu,cô mẫu,21.020298,105.851831,amenity=restaurant,53b Hàng Bài,,,,,,,,https://www.openstreetmap.org/node/4735627523,1.24,
le-tonkin,hoan-kiem,food,candidate,ok,,restaurant,,,Nhà Hàng Le Tonkin,Le Tonkin,21.020794,105.848996,amenity=restaurant,,,,,,,,,https://www.openstreetmap.org/node/4592627190,1.23,
em-cafe,hoan-kiem,food,candidate,ok,,restaurant,"breakfast, coffee_shop",,Em Café,,21.030815,105.850141,amenity=restaurant,,Mo-Su 07:30-22:00,,,,,,,https://www.openstreetmap.org/node/13949063201,1.23,
mixue,hoan-kiem,food,candidate,ok,,cafe,,,Mixue,,21.025721,105.852109,amenity=ice_cream,31 Phố Hàng Khay,Mo-Su 08:00-02:00,,,,,,,https://www.openstreetmap.org/node/13667232502,1.22,
nha-hang-cha-ca-thuy-hong,hoan-kiem,food,candidate,ok,,restaurant,vietnamese,,Nhà Hàng Chả Cá Thủy Hồng,,21.036185,105.846974,amenity=restaurant,"12 12 Hàng Gà, Hoàn Kiếm, Hà Nội, Việt Nam",,http://www.chacathuyhong.com,,,,,,https://www.openstreetmap.org/node/1671744985,1.2,
mcdonald-s,hoan-kiem,food,candidate,ok,,street_food,burger,McDonald's,McDonald's,McDonald's,21.025385,105.853072,amenity=fast_food,2 Phố Hàng Bài,Mo-Su 08:00-22:00,,,,,,,https://www.openstreetmap.org/node/5340817221,1.19,
an-bien-eatery,hoan-kiem,food,candidate,ok,,restaurant,vietnamese,,An Biên Eatery,,21.01417,105.8506,amenity=restaurant,111 Phố Triệu Việt Vương,Mo-Su 09:30-21:30,https://anbieneatery.com/,,,,,,https://www.openstreetmap.org/node/11505669842,1.19,
pho-tu-lun,hoan-kiem,food,candidate,ok,,restaurant,vietnamese,,Phở Tư lùn,,21.036587,105.847553,amenity=restaurant,68 Phố Hàng Mã,Mo-Su 04:30-22:30,,,,,,,https://www.openstreetmap.org/node/11683507069,1.19,
the-banh-mi-station,hoan-kiem,food,candidate,ok,,restaurant,"vietnamese,  sandwich",,The Banh Mi Station,,21.032256,105.853272,amenity=restaurant,,07:30-22:00,,,,,,,https://www.openstreetmap.org/node/13516584409,1.19,
banh-cuon-hang-cot,hoan-kiem,food,candidate,ok,,restaurant,,,Bánh Cuốn Hàng Cót,Banh Cuon Hang Cot,21.036726,105.847125,amenity=restaurant,,,,,,,,,https://www.openstreetmap.org/node/5342660823,1.17,
moon-men-cocktail-bar,hoan-kiem,food,candidate,adult,alcohol / 18+,bar,,,Moon Men Cocktail Bar,,21.02853,105.84839,amenity=bar,3 Phố Ấu Triệu,Mo-Th 17:00-01:00; Fr-Su 17:00-02:00,https://moonmenofficial.com/,,,,,,https://www.openstreetmap.org/node/13907393002,1.16,
mien-man-cafe,hoan-kiem,food,candidate,ok,,cafe,coffee_shop,,Miên Man Cafe,,21.028535,105.848394,amenity=cafe,3 Phố Ấu Triệu,Mo-Su 08:00-23:30,https://mienmancafe.vn/,,,,,,https://www.openstreetmap.org/node/13907404701,1.16,
ca-phe-hai-bon,hoan-kiem,food,candidate,ok,,cafe,,,Cà Phê Hai Bốn,,21.025041,105.851253,amenity=cafe,24 Phố Bà Triệu,,https://www.facebook.com/cafe24batrieu,,,,,,https://www.openstreetmap.org/node/7040037486,1.15,
bun-moc,hoan-kiem,food,candidate,ok,,restaurant,,,Bún Mọc,Bun Moc,21.037534,105.848201,amenity=restaurant,57 Hàng Lược,,,,,,,,https://www.openstreetmap.org/node/5313158823,1.14,
ca-phe-anan-5890,hoan-kiem,food,candidate,ok,,cafe,,,Cà Phê AnAn,,21.025006,105.854556,amenity=cafe,39 Phố Tràng Tiền,Mo-Su 08:00-22:00,http://www.anancoffee.com/,,,,,,https://www.openstreetmap.org/node/4217845890,1.12,
cafe-sach,hoan-kiem,food,candidate,ok,,cafe,,,Cà Phê Sạch,Cafe Sach,21.026665,105.842095,amenity=cafe,,,,,,,,,https://www.openstreetmap.org/node/4757552923,1.12,
eel-ang-vegetables-soup,hoan-kiem,food,candidate,ok,,restaurant,,,Nhà Hàng Eel Soup,Eel ang vegetables soup,21.037876,105.847941,amenity=restaurant,,,,,,,,,https://www.openstreetmap.org/node/6335523385,1.11,
cha-ca-84,hoan-kiem,food,candidate,ok,,restaurant,vietnamese,,Chả cá 84,,21.020779,105.845994,amenity=restaurant,84 Phố Trần Quốc Toản,Mo-Su 09:00-22:00,,,,,,,https://www.openstreetmap.org/node/11083594406,1.11,
vua-cha-ca,hoan-kiem,food,candidate,ok,,restaurant,vietnamese,,Vua Chả Cá,,21.013274,105.850942,amenity=restaurant,76A Phố Mai Hắc Đế,,http://vuachaca.vn/,,,,,,https://www.openstreetmap.org/node/11472430137,1.11,
met-vietnamese-restaurant,hoan-kiem,food,candidate,ok,,restaurant,vietnamese,,Met Vietnamese Restaurant,,21.033134,105.852481,amenity=restaurant,34 Phố Gia Ngư,,,,,,,,https://www.openstreetmap.org/node/13647364502,1.11,
nha-hang-l-amore,hoan-kiem,food,candidate,ok,,restaurant,"fast_food, coffee, ice_cream",,Nhà Hàng L'amore,,21.032801,105.850383,amenity=restaurant,42 Lương Văn Can,Mo-Su 10:00-23:00,,,,,,,https://www.openstreetmap.org/node/4739350321,1.1,
quan-cafe,hoan-kiem,food,candidate,ok,,cafe,,,Quán Cầm,Quan Cafe,21.017923,105.832786,amenity=cafe,"Khu 60s, Ngõ 60 Thổ Quan",Mo-Su 09:00-22:00,,,,,,,https://www.openstreetmap.org/node/6149560185,1.1,
bia-hoi,hoan-kiem,food,candidate,adult,alcohol / 18+,bar,,,Nha Hang Cao Tùng,Bia hoi,21.032643,105.829912,amenity=biergarten,,Mo-Su 13:00-00:00,,,,,,,https://www.openstreetmap.org/node/7734139085,1.09,
banh-mi-nhu-hoa,hoan-kiem,food,candidate,ok,,street_food,burger,,Bánh Mì Như Hoa,,21.033082,105.854432,amenity=fast_food,62 Phố Nguyễn Hữu Huân,Mo-Su 06:00-22:00,,,,,,,https://www.openstreetmap.org/node/13647798301,1.09,
bay-seafood-buffet,hoan-kiem,food,candidate,ok,,restaurant,seafood,,Bay Seafood Buffet,,21.027264,105.857237,amenity=restaurant,14 Phố Tông Đản,,https://www.baybuffet.com/,,,,,,https://www.openstreetmap.org/way/1233838148,1.08,
little-hanoi,hoan-kiem,food,candidate,ok,,restaurant,vietnamese,,Little Hanoi,,21.033462,105.853743,amenity=restaurant,16 Phố Hàng Bè,,,,,,,,https://www.openstreetmap.org/node/4327575690,1.07,
rice-rolls,hoan-kiem,food,candidate,ok,,street_food,,,Thanh Vân Bánh Cuốn Gia Truyền,Rice rolls,21.018211,105.851995,amenity=fast_food,81 Phố Lê Văn Hưu,,,,,,,,https://www.openstreetmap.org/node/5385096024,1.06,
ca-phe-huong-mai,hoan-kiem,food,candidate,ok,,cafe,,,Cà Phê Hương Mai,,21.031841,105.848395,amenity=cafe,15 Phố Hàng Mành,,https://www.huongmaicafe.com/,,,,,,https://www.openstreetmap.org/node/5628078922,1.06,
beer-thank-coi,hoan-kiem,food,candidate,ok,,restaurant,,,Lẩu Thành Còi,Beer thank Coi,21.027927,105.841201,amenity=restaurant,,,,,,,,,https://www.openstreetmap.org/node/7772398585,1.06,
bun-cha-hang-cot,hoan-kiem,food,candidate,ok,,restaurant,,,Bun Nem Bun Cha,bun cha hang cot,21.038115,105.847075,amenity=restaurant,,,,,,,,,https://www.openstreetmap.org/node/9699422017,1.06,
cha-ca-la-vong-restaurant,hoan-kiem,food,candidate,ok,,restaurant,,,Nha hang Cha Ca La Vong,Cha Ca La Vong restaurant,21.043015,105.843784,amenity=restaurant,107 Phố Nguyễn Trường Tộ,,,,,,,,https://www.openstreetmap.org/node/5116302621,1.04,
cafe-16,hoan-kiem,food,candidate,ok,,street_food,,,Quán Chè Mười Sáu,Cafe 16,21.018024,105.852828,amenity=fast_food,16 Ngô Thì Nhậm,,,,,,,,https://www.openstreetmap.org/node/5385333722,1.04,
uu-dam-chay,hoan-kiem,food,candidate,ok,,restaurant,vietnamese,,Ưu Đàm Chay,,21.018772,105.84814,amenity=restaurant,55 Phố Nguyễn Du,Mo-Su 10:30-21:30,http://uudamchay.com/,,,,,,https://www.openstreetmap.org/node/9945276817,1.04,
vi-anh-coffee,hoan-kiem,food,candidate,ok,,cafe,coffee_shop,,Vi Anh Coffee,,21.033627,105.854527,amenity=cafe,37b Phố Nguyễn Hữu Huân,Mo-Su 06:30-23:00,,,,,,,https://www.openstreetmap.org/node/13666448201,1.04,
press-club-hanoi,hoan-kiem,food,candidate,ok,,restaurant,,,Press Club Hanoi,,21.025334,105.85699,amenity=restaurant,12 Phố Lý Đạo Thành,,https://hanoi-pressclub.com/,,,,,,https://www.openstreetmap.org/node/11451595757,1.02,
highlands-coffee,hoan-kiem,food,candidate,ok,,cafe,"coffee_shop, vietnamese",Highlands Coffee,Highlands Coffee,Highlands Coffee,21.0243,105.841611,amenity=cafe,129 Lê Duẩn,05:00-23:00,,,,,,,https://www.openstreetmap.org/node/4531007898,1.01,
el-gaucho,hoan-kiem,food,candidate,ok,,restaurant,steak_house,,El Gaucho,,21.024484,105.856361,amenity=restaurant,11 Phố Tràng Tiền,Mo-Su 17:00-21:00,https://vn.elgaucho.asia/,,,,,,https://www.openstreetmap.org/node/4383436892,1.0,
benaras-mantra,hoan-kiem,food,candidate,ok,,restaurant,indian,,Benaras Mantra,,21.024146,105.85578,amenity=restaurant,15 Ngõ Tràng Tiền,Mo-Su 11:00-23:00,https://benaras.club/,,,,,,https://www.openstreetmap.org/node/12614290467,1.0,
nha-hang-buffet-sen,hoan-kiem,food,candidate,ok,,restaurant,buffet,,Nhà Hàng Buffet Sen,,21.024683,105.856692,amenity=restaurant,60 Phố Lý Thái Tổ,Mo 10:00-21:00; Tu-Su 10:00-20:00,,,,,,,https://www.openstreetmap.org/node/6924855571,0.99,
the-hanoi-social-club,hoan-kiem,food,candidate,ok,,cafe,"breakfast, burger, coffee_shop, tea",,The Hanoi Social Club,,21.029152,105.846191,amenity=cafe,6 Ngõ Hội Vũ,08:00-23:00,,,,,,,https://www.openstreetmap.org/node/3678370944,0.98,
bun-cha-ta,hoan-kiem,food,candidate,ok,,restaurant,"regional, hanoian",,Bún Chả Ta,,21.034357,105.854493,amenity=restaurant,21 Phố Nguyễn Hữu Huân,08:00-22:00,,,,,,,https://www.openstreetmap.org/node/4662691589,0.98,
green-inn,hoan-kiem,food,candidate,ok,,restaurant,"asian, vietnamese",,Green Inn,,21.032463,105.847612,amenity=restaurant,,Mo-Su 09:00-22:00,https://greeninn.vn/,,,,,,https://www.openstreetmap.org/node/11878372469,0.98,
nha-hang-blue-butterfly,hoan-kiem,food,candidate,ok,,restaurant,"asian, international",,Nhà Hàng Blue Butterfly,,21.034749,105.853504,amenity=restaurant,69 Mã Mây,Mo-Su 09:00-23:00,,,,,,,https://www.openstreetmap.org/node/2256217990,0.96,
1900,hoan-kiem,food,candidate,adult,alcohol / 18+,bar,,,1900,,21.035066,105.851994,amenity=bar,"8B Ta Hien, Hang Buom",Mo-Th 20:00-01:00; Fr-Su 20:30-03:00,,,,,,,https://www.openstreetmap.org/node/9805222023,0.94,
com-tam-sai-gon-thuy-linh-chau,hoan-kiem,food,candidate,ok,,restaurant,,,Cơm Tấm Sài Gòn Thuỷ Linh Châu,,21.027527,105.845762,amenity=restaurant,53 Phố Tràng Thi,,https://com-tam-thuy-linh-chau.business.site,,,,,,https://www.openstreetmap.org/node/6884618306,0.93,
hoa-vien,hoan-kiem,food,candidate,adult,alcohol / 18+,bar,,,Quán Bia Hơi Lan Chín,Hoa Vien,21.018013,105.858464,amenity=pub,,,,,,,,,https://www.openstreetmap.org/node/2367224656,0.92,
ca-phe-la-studio,hoan-kiem,food,candidate,ok,,cafe,,,Cà Phê La Studio,,21.035318,105.852714,amenity=cafe,"P-210, số 15 Ngo Đào Duy Từ",Mo-Su 10:00-20:30,,,,,,,https://www.openstreetmap.org/node/4327575692,0.92,
nha-hang-tam-vi,hoan-kiem,food,candidate,ok,,restaurant,vietnamese,,Nhà hàng Tầm Vị,,21.028775,105.839455,amenity=restaurant,4 Phố Yên Thế,"Mo-Su 11:00-14:30, 17:00-21:30",,,,,,,https://www.openstreetmap.org/node/11218013237,0.92,
highlands-coffee-0723,hoan-kiem,food,candidate,ok,,cafe,"coffee_shop, vietnamese",Highlands Coffee,Highlands Coffee,Highlands Coffee,21.032311,105.839782,amenity=cafe,28 Đường Điện Biên Phủ,07:00-23:00,,,,,,,https://www.openstreetmap.org/way/1302250723,0.9,
o-treecoffe,hoan-kiem,food,candidate,ok,,cafe,,,O TreeCoffe,O TreeCoffe,21.020162,105.842869,amenity=cafe,Nguyễn Du,,,,,,,,https://www.openstreetmap.org/node/4846011326,0.89,
ca-phe-anan-7622,hoan-kiem,food,candidate,ok,,cafe,coffee_shop,,Cà Phê AnAn,,21.035418,105.850505,amenity=cafe,101 Hàng Buồm,Mo-Su 08:00-23:00,http://www.anancoffee.com,,,,,,https://www.openstreetmap.org/node/4898407622,0.89,
nha-hang-ita-food,hoan-kiem,food,candidate,ok,,restaurant,,,Nhà Hàng Ita Food,,21.033427,105.847092,amenity=restaurant,11 Phố Hàng Điếu,Mo-Su 09:00-22:00,,,,,,,https://www.openstreetmap.org/node/6602476516,0.89,
banh-mi-oi,hoan-kiem,food,candidate,ok,,street_food,"coffee_shop, sandwich",,Bánh Mì ơi,,21.034258,105.847983,amenity=fast_food,3 Phố Hàng Phèn,Mo-Su 07:30-22:00,,,,,,,https://www.openstreetmap.org/node/13531364501,0.89,
hybra-ultra-lounge,hoan-kiem,food,candidate,adult,alcohol / 18+,bar,,,Hybra Ultra Lounge,,21.035698,105.853259,amenity=bar,32 Mã Mây,Mo-Su 20:00-2:00,,,,,,,https://www.openstreetmap.org/node/723795544,0.88,
trill-bistro,hoan-kiem,food,candidate,ok,,cafe,,,Trill Bistro,,21.035551,105.850544,amenity=cafe,98 Hàng Buồm,,http://www.trillgroupvn.com,,,,,,https://www.openstreetmap.org/node/6004448485,0.88,
abracado,hoan-kiem,food,candidate,ok,,restaurant,,,Abracado,,21.025181,105.845832,amenity=restaurant,56 Phố Thợ Nhuộm,Mo-Su 08:30-15:30,https://www.facebook.com/abracado.vegan,,,,,,https://www.openstreetmap.org/node/11883624469,0.86,
paolo-chi-pizzeria-old-quarter,hoan-kiem,food,candidate,ok,,restaurant,,,Paolo & Chi Pizzeria Old Quarter,,21.036091,105.852184,amenity=restaurant,48 Hàng Buồm,Mo-Su 11:00-2:00,,,,,,,https://www.openstreetmap.org/node/4355761091,0.85,
namaste-hanoi,hoan-kiem,food,candidate,ok,,restaurant,indian,,Namaste Hanoi,,21.026104,105.845192,amenity=restaurant,46 Phố Thợ Nhuộm,"Mo-Su 11:00-14:30, 18:00-22:30",https://www.namastehanoi.com/,,,,,,https://www.openstreetmap.org/node/4710377590,0.85,
pho-gia-truyen,hoan-kiem,food,candidate,ok,,street_food,"soup, vietnamese, regional",,Phở Gia Truyền,,21.033638,105.846379,amenity=fast_food,49 Bát Đàn,Mo-Su 18:00-22:00,,,,,,,https://www.openstreetmap.org/node/5116302421,0.83,
savoor-the-house-of-panini,hoan-kiem,food,candidate,ok,,restaurant,"panini, european",,Savoor - The House of Panini,,21.029109,105.844438,amenity=restaurant,54 Phố Phùng Hưng,Mo-Su 10:00-20:55,https://www.savoor.com.vn,,,,,,https://www.openstreetmap.org/node/8913119456,0.83,
vejo-the-vege-journey,hoan-kiem,food,candidate,ok,,restaurant,,,VEJO - The Vege Journey,,21.033701,105.846402,amenity=restaurant,46B Phố Bát Đàn,"Mo-Su 11:00-14:00, 17:00-21:00",,,,,,,https://www.openstreetmap.org/node/9998849017,0.83,
vegan-banh-mi,hoan-kiem,food,candidate,ok,,restaurant,,,Vegan Banh Mi,,21.022288,105.848169,amenity=restaurant,66B Phố Trần Hưng Đạo,Mo-Sa 08:00-19:00,,,,,,,https://www.openstreetmap.org/node/7168577369,0.82,
gc-bar,hoan-kiem,food,candidate,adult,alcohol / 18+,bar,,,GC Bar,,21.030407,105.851012,amenity=bar,"3 5A Bao Khanh, Hang Trong",Su-Th 17:00-0:00;Fr-Sa 17:00-2:00,,,,,,,https://www.openstreetmap.org/node/4242866491,0.81,
nha-hang-home-hanoi,hoan-kiem,food,candidate,ok,,restaurant,vietnamese,,Nhà Hàng Home Hanoi,,21.04538,105.84246,amenity=restaurant,34 Phố Châu Long,,http://www.homehanoirestaurant.com,,,,,,https://www.openstreetmap.org/node/6525781986,0.81,
kafa-cafe,hoan-kiem,food,candidate,ok,,cafe,coffee_shop,,Kafa Café,,21.027728,105.844244,amenity=cafe,1 Phố Phan Bội Châu,Mo-Su 07:00-23:00,https://kafa.com.vn/,,,,,,https://www.openstreetmap.org/node/11868107987,0.81,
ta-coffee-4,hoan-kiem,food,candidate,ok,,cafe,coffee_shop,Ta Cà Phê,Ta Cà Phê 4,Ta Coffee 4,21.036398,105.850565,amenity=cafe,4A Ngõ Gạch,,https://www.tacaphe.vn,,,,,,https://www.openstreetmap.org/node/12644649664,0.81,
nha-hang-luk-lak,hoan-kiem,food,candidate,ok,,restaurant,,,Nhà Hàng Luk Lak,,21.022505,105.857528,amenity=restaurant,4A Phố Lê Thánh Tông,Mo-Su 07:30-23:00,,,,,,,https://www.openstreetmap.org/node/7140198385,0.8,
the-east,hoan-kiem,food,candidate,ok,,restaurant,"vietnamese, international, heathy, european",,The East,,21.029729,105.844128,amenity=restaurant,Phố Tống Duy Tân,Mo-Su 10:00-22:00,https://theeast.vn/,,,,,,https://www.openstreetmap.org/node/10179892274,0.8,
cua-hang-burger-street-hanoi,hoan-kiem,food,candidate,ok,,street_food,"american, balkan, burger, international",,Cửa Hàng Burger Street Hanoi,,21.036617,105.850849,amenity=fast_food,5 Phố Hàng Giầy,Mo-Sa 17:00-21:00,https://www.facebook.com/BurgerStreetHanoi/,,,,,,https://www.openstreetmap.org/node/5486606622,0.79,
the-corner-food,hoan-kiem,food,candidate,ok,,restaurant,vietnamese,,The Corner Food,,21.0304,105.850622,amenity=restaurant,,,,,,,,,https://www.openstreetmap.org/node/12995529901,0.79,
banh-mi-25,hoan-kiem,food,candidate,ok,,street_food,sandwich,,Bánh Mì 25,,21.03608,105.848693,amenity=fast_food,25 Hàng Cá,"Mo-Sa 07:00-19:00, Su 07:00-17:00",,,,,,,https://www.openstreetmap.org/node/3514125539,0.78,
conifer-bon-mua-four-seasons,hoan-kiem,food,candidate,ok,,cafe,coffee_shop,,Conifer Bốn Mùa – Four Seasons,,21.026447,105.851802,amenity=cafe,50 Phố Lê Thái Tổ,07:00-23:00,,,,,,,https://www.openstreetmap.org/way/1220299340,0.78,
nha-hang-al-fresco-s,hoan-kiem,food,candidate,ok,,restaurant,,,Nhà Hàng Al Fresco's,,21.028865,105.84978,amenity=restaurant,23L Hai Ba Trung,,https://afg.vn/,,,,,,https://www.openstreetmap.org/node/4790082725,0.77,
polite-co,hoan-kiem,food,candidate,adult,alcohol / 18+,bar,,,Polite & Co,,21.030664,105.850388,amenity=bar,7b Bảo Khánh,Mo-Su 09:00-00:00,,,,,,,https://www.openstreetmap.org/node/6732336485,0.76,
cafe-36,hoan-kiem,food,candidate,ok,,cafe,,,Cà Phê 36,Cafe 36,21.018946,105.841544,amenity=cafe,,,,,,,,,https://www.openstreetmap.org/node/4676484190,0.74,
morning-street-food,hoan-kiem,food,candidate,ok,,restaurant,,,Bún Riêu Gánh,morning street food,21.040628,105.844064,amenity=restaurant,Phố Hàng Bún,,,,,,,,https://www.openstreetmap.org/node/6515867786,0.74,
cafe-bookstore,hoan-kiem,food,candidate,ok,,cafe,coffee_shop,,Cà Phê Cá Chép,Cafe & bookstore,21.029933,105.837311,amenity=cafe,115 Phố Nguyễn Thái Học,,,,,,,,https://www.openstreetmap.org/node/7106090086,0.73,
the-berryfield-coffee-co,hoan-kiem,food,candidate,ok,,cafe,coffee_shop,,The Berryfield Coffee Co.,,21.020198,105.852749,amenity=cafe,10B Nguyễn Chế Nghĩa,Mo-Su 08:30-20:00,,,,,,,https://www.openstreetmap.org/node/7119281385,0.73,
dream-beans-coffee,hoan-kiem,food,candidate,ok,,cafe,coffee_shop,,Dream Beans Coffee,,21.033506,105.844752,amenity=cafe,79 Phố Lý Nam Đế,Mo-Su 07:30-17:00,,,,,,,https://www.openstreetmap.org/node/10241471509,0.73,
banh-trang-phu-cuong-co-so-5,hoan-kiem,food,candidate,ok,,restaurant,vietnamese,,Bánh Tráng Phú Cường cơ sở 5,,21.009213,105.848924,amenity=restaurant,340 Phố Bà Triệu,,https://banhtrangphucuong.vn,,,,,,https://www.openstreetmap.org/node/11015659150,0.73,
xliii-coffee,hoan-kiem,food,candidate,ok,,cafe,coffee_shop,,XLIII Coffee,,21.026737,105.850088,amenity=cafe,Phố Quang Trung,Mo-Su 06:30-22:30,https://xliiicoffee.com/,,,,,,https://www.openstreetmap.org/node/13611295802,0.73,
wanna-waffle,hoan-kiem,food,candidate,ok,,cafe,,,Wanna Waffle?,,21.031981,105.852498,amenity=cafe,Phố Đinh Tiên Hoàng,Mo-Su 09:00-21:00,,,,,,,https://www.openstreetmap.org/node/4255651589,0.72,
ca-phe-dinh-13,hoan-kiem,food,candidate,ok,,cafe,coffee_shop,,Cà Phê Dinh 13,,21.031999,105.852386,amenity=cafe,13 Phố Đinh Tiên Hoàng,Mo-Su 07:00-22:00,,,,,,,https://www.openstreetmap.org/node/4486828192,0.72,
am-thuc-sanh-an,hoan-kiem,food,candidate,ok,,restaurant,"breakfast, deli",,Ẩm Thực Sành Ăn,,21.03756,105.85262,amenity=restaurant,78 Đường Trần Nhật Duật,Mo-Su 06:00-11:30,,,,,,,https://www.openstreetmap.org/node/4713531289,0.72,
pizza-4p-s,hoan-kiem,food,candidate,ok,,restaurant,italian,,Pizza 4P's,,21.031088,105.850166,amenity=restaurant,,,https://pizza4ps.com/,,,,,,https://www.openstreetmap.org/node/6987030985,0.72,
guan-nem-restaurant,hoan-kiem,food,candidate,ok,,restaurant,,,Nhà Hàng Guan Nem,Guan Nem restaurant,21.014529,105.849806,amenity=restaurant,117 Phố Bùi Thị Xuân,,,,,,,,https://www.openstreetmap.org/node/4867426122,0.71,
cau-go,hoan-kiem,food,candidate,ok,,restaurant,vietnamese,,Cau Go,,21.032057,105.852152,amenity=restaurant,,,,,,,,,https://www.openstreetmap.org/node/12149714102,0.71,
pho-hung,hoan-kiem,food,candidate,ok,,restaurant,,,Pho Hùng,,21.025453,105.852954,amenity=restaurant,,Mo-Su 06:00-22:00,,,,,,,https://www.openstreetmap.org/node/6602496036,0.7,
ca-phe-sinh,hoan-kiem,food,candidate,ok,,cafe,,,Cà Phê Sinh,,21.036316,105.847135,amenity=cafe,42 Phố Lò Rèn,Mo-Su 06:30-23:00,,,,,,,https://www.openstreetmap.org/node/13629236501,0.7,
com-van-phong,hoan-kiem,food,candidate,ok,,restaurant,vietnamese,,Cơm Văn Phòng,,21.02887,105.856118,amenity=restaurant,,,,,,,,,https://www.openstreetmap.org/way/1234095160,0.7,
banh-cuon-ba-hanh,hoan-kiem,food,candidate,ok,,restaurant,vietnamese,,Bánh Cuốn Bà Hạnh,,21.029096,105.848748,amenity=restaurant,,,,,,,,,https://www.openstreetmap.org/node/5983124785,0.69,
yellow-holic,hoan-kiem,food,candidate,ok,,cafe,,,Yellow holic,,21.032325,105.851613,amenity=cafe,,"Mo-Th 07:00-22:30; Sa, Su 07:00-23:00",,,,,,,https://www.openstreetmap.org/node/11663157215,0.68,
tadian,hoan-kiem,food,candidate,ok,,restaurant,,,Tadian,,21.036128,105.846596,amenity=restaurant,14 Phố Cổng Đục,"Mo off; Tu-Su 10:00-14:00,18:00-21:00",,,,,,,https://www.openstreetmap.org/node/11802021269,0.68,
o-day-co-ban-caphe,hoan-kiem,food,candidate,ok,,cafe,,,O dây có bán càphê,,21.032358,105.851451,amenity=cafe,116 Phố Cầu Gỗ,Mo-Su 07:00-23:30,,,,,,,https://www.openstreetmap.org/node/4878114221,0.67,
the-red-train-hanoi,hoan-kiem,food,candidate,ok,,cafe,"sandwich, diner, breakfast, coffee_shop, hotdog, tea, sausage, vietnamese",,The Red Train Hanoi,,21.028909,105.842526,amenity=cafe,10 Đường Điện Biên Phủ,Mo-Su 11:00-22:00,https://www.facebook.com/redtrainhn/,,,,,,https://www.openstreetmap.org/node/7114209485,0.67,
quan-an-ngon-3646,hoan-kiem,food,candidate,ok,,restaurant,vietnamese,,Quan An Ngon,,21.040692,105.842514,amenity=restaurant,34 Phố Phan Đình Phùng,,https://ngonhanoi.com.vn/,,,,,,https://www.openstreetmap.org/node/3496893646,0.66,
nha-hang-luna-d-autunno,hoan-kiem,food,candidate,ok,,restaurant,"italian_pizza, italian",,Nhà Hàng Luna D' Autunno,,21.026403,105.842688,amenity=restaurant,27 Nam Ngư,,https://www.lunadautunno.vn/,,,,,,https://www.openstreetmap.org/node/4375604995,0.66,
ca-phe-nang,hoan-kiem,food,candidate,ok,,cafe,coffee_shop,,Cà Phê Nắng,,21.032231,105.854428,amenity=cafe,,Mo-Su 06:00-17:00,,,,,,,https://www.openstreetmap.org/node/4846983321,0.66,
quan-chay-an-binh,hoan-kiem,food,candidate,ok,,street_food,,,Quán Chay An Binh,,21.020442,105.857303,amenity=fast_food,5 Phố Phan Huy Chú,"Th-Fr 07:00-16:00; Sa 07:00-14:00; Mo, We 07:30-16:00; Tu 07:30-16:30",,,,,,,https://www.openstreetmap.org/node/11873275169,0.66,
famichao-52-ngo-tho-quan,hoan-kiem,food,candidate,ok,,restaurant,vietnamese,,FamiCháo - 52 Ngõ Thổ Quan,,21.018235,105.833418,amenity=restaurant,52 Ngõ Thổ Quan,07:00-19:30,https://www.facebook.com/groups/1920660885535836,,,,,,https://www.openstreetmap.org/node/13743071480,0.66,
panam-cuisine,hoan-kiem,food,candidate,ok,,restaurant,"sandwich, regional, french, ice_cream, savory_pancakes, crepe, tea, coffee_shop, pancake, diner, tapas",,Panam' Cuisine,,21.019912,105.848831,amenity=restaurant,26 Trương Hán Siêu,Mo-Su 10:00-22:30,,,,,,,https://www.openstreetmap.org/node/5679069421,0.65,
ca-phe-blackbird,hoan-kiem,food,candidate,ok,,cafe,,,Cà Phê Blackbird,,21.03034,105.84858,amenity=cafe,5 Phố Chân Cầm,Mo-Su 07:00-21:00,,,,,,,https://www.openstreetmap.org/node/6835375013,0.65,
pho-bung-hang-trong,hoan-kiem,food,candidate,ok,,restaurant,"pho, vietnamese",,Phở bưng Hàng Trống,,21.031342,105.849306,amenity=restaurant,8 Phố Hàng Trống,15:00 - 20:00,,,,,,,https://www.openstreetmap.org/node/10298555575,0.65,
nha-hang-hung-phat,hoan-kiem,food,candidate,ok,,restaurant,vietnamese,,Nhà Hàng Hưng Phát,,21.029321,105.842167,amenity=restaurant,7 Đường Điện Biên Phủ,,,,,,,,https://www.openstreetmap.org/node/4486692390,0.64,
halo-coffee-juices,hoan-kiem,food,candidate,ok,,cafe,,,Halo Coffee & Juices,,21.030283,105.856531,amenity=cafe,15 Phố Hàng Vôi,Mo-Su 08:30-21:30,,,,,,,https://www.openstreetmap.org/node/7162750926,0.64,
an-cafe,hoan-kiem,food,candidate,ok,,cafe,"coffee_shop, local, sandwich",,An Café,,21.028433,105.842165,amenity=cafe,04 Phố Đình Ngang,Mo-Su 07:00-21:00,,,,,,,https://www.openstreetmap.org/node/12768414701,0.64,
steakout,hoan-kiem,food,candidate,ok,,restaurant,steak_house,,Steakout,,21.019846,105.856606,amenity=restaurant,24 Phố Trần Hưng Đạo,,www.steakouut.vn,,,,,,https://www.openstreetmap.org/node/4364343294,0.63,
vu-kieu-tu-sen-trang-an-cumulus,hoan-kiem,food,candidate,ok,,restaurant,vietnamese,,Vũ Kiều Tú / Sen Trang An / Cumulus,,21.032773,105.853901,amenity=restaurant,45-47 Phố Hàng Bè,,,,,,,,https://www.openstreetmap.org/node/6882889996,0.63,
ca-phe-lutulata-desserts-and-drinks,hoan-kiem,food,candidate,ok,,cafe,,,Cà Phê Lutulata Desserts and Drinks,,21.03745,105.847236,amenity=cafe,39 Hàng Cót,Mo-Su 08:00-23:00,,,,,,,https://www.openstreetmap.org/node/4962244121,0.62,
sadhu,hoan-kiem,food,candidate,ok,,restaurant,buffet,,Sadhu,,21.025534,105.842446,amenity=restaurant,87 Phố Lý Thường Kiệt,Mo-Su 10:30-22:00,https://sadhu.vn,,,,,,https://www.openstreetmap.org/node/7168561626,0.62,
pho-ga-26,hoan-kiem,food,candidate,ok,,restaurant,vietnamese,,Pho Ga 26,,21.032662,105.850539,amenity=restaurant,,,,,,,,,https://www.openstreetmap.org/node/12394092001,0.62,
son-duong-quan,hoan-kiem,food,candidate,ok,,restaurant,vietnamese,,Son Duong Quan,,21.032078,105.85556,amenity=restaurant,23 Phố Hàng Tre,,,,,,,,https://www.openstreetmap.org/node/4486827794,0.61,
ha-noi-pho-coffee,hoan-kiem,food,candidate,ok,,cafe,,,Hà Nội phố coffee,Ha Noi Pho coffee,21.017498,105.840936,amenity=cafe,28c Đường sắt,,,,,,,,https://www.openstreetmap.org/node/12538510201,0.61,
day-di,hoan-kiem,food,candidate,ok,,cafe,coffee_shop,,Đây Đi,,21.02843,105.85724,amenity=cafe,1C Phố Tông Đản,Mo-Fr 07:30-22:30; Sa-Su 08:30-22:30,,,,,,,https://www.openstreetmap.org/node/13275273171,0.61,
the-little-plan-cafe-ke-hoach-nho-cafe,hoan-kiem,food,candidate,ok,,cafe,coffee,,The Little Plan café - Kế Hoạch Nhỏ café,,21.029929,105.847795,amenity=cafe,11 Phố Phủ Doãn,10:00-22:00,,,,,,,https://www.openstreetmap.org/node/7473461213,0.6,
mien-tron-muc,hoan-kiem,food,candidate,ok,,restaurant,vietnamese,,Miến trộn mực,,21.033326,105.852783,amenity=restaurant,Ngõ Trung Yên,,,,,,,,https://www.openstreetmap.org/node/10298693325,0.6,
good-day,hoan-kiem,food,candidate,ok,,cafe,,,Good Day,,21.024316,105.85199,amenity=cafe,29 Phố Hai Bà Trưng,Mo-Su 07:30-22:30,,,,,,,https://www.openstreetmap.org/node/12054550970,0.6,
highlands-coffee-8529,hoan-kiem,food,candidate,ok,,cafe,"coffee_shop, vietnamese",Highlands Coffee,Highlands Coffee,Highlands Coffee,21.029722,105.841738,amenity=cafe,01 Đường Lê Duẩn,Mo-Su 07:00-23:00,,,,,,,https://www.openstreetmap.org/node/12434838529,0.6,
bun-ziu-ganh,hoan-kiem,food,candidate,ok,,restaurant,vietnamese,,Bún Ziu Gánh,,21.024458,105.836276,amenity=restaurant,,"Mo-Su 10:00-14:30,17:00-21:30",,,,,,,https://www.openstreetmap.org/node/13513730201,0.6,
nha-hang-chay-lien-hoa,hoan-kiem,food,candidate,ok,,restaurant,vietnamese,,Nhà Hàng Chay Liên Hoa,,21.013572,105.846735,amenity=restaurant,,Su-Fr 06:30-20:00; Sa 06:30-16:00,,,,,,,https://www.openstreetmap.org/node/5088092923,0.56,
ca-phe-bar-circle,hoan-kiem,food,candidate,ok,,cafe,,,Cà Phê & Bar Circle,,21.032374,105.848853,amenity=cafe,49;53 Phố Hàng Quạt,08:00-24:00,,,,,,,https://www.openstreetmap.org/node/5237474652,0.56,
cua-hang-bun-cha-huong-lien,hoan-kiem,food,candidate,ok,,restaurant,"deli, vietnamese, grill, seafood, diner",,Cửa Hàng Bún Chả Hương Liên,,21.01805,105.853884,amenity=restaurant,24 Phố Lê Văn Hưu,,https://www.facebook.com/bunchahuonglienobama,,,,,,https://www.openstreetmap.org/node/4272727197,0.54,
xoi-yen,hoan-kiem,food,candidate,ok,,restaurant,,,Xoi Yen,,21.033767,105.854536,amenity=restaurant,35 Phố Nguyễn Hữu Huân,Mo-Su 07:00-23:00,,,,,,,https://www.openstreetmap.org/node/4210706604,0.53,
ca-phe-han,hoan-kiem,food,candidate,ok,,cafe,,,Cà Phê HAN,,21.033873,105.854311,amenity=cafe,4 Phố Hàng Bạc,Mo-Su 06:30-23:30,,,,,,,https://www.openstreetmap.org/node/998227946,0.52,
banh-mi-bami,hoan-kiem,food,candidate,ok,,street_food,,,Bánh Mì Bami,,21.034096,105.851483,amenity=fast_food,,Mo-Su 07:00-22:00,,,,,,,https://www.openstreetmap.org/node/3830708257,0.52,
nha-hang-high-way-4,hoan-kiem,food,candidate,ok,,restaurant,,,Nhà Hàng High Way 4,,21.03363,105.854996,amenity=restaurant,5 Phố Hàng Tre,Mo-Su 17:00-22:00,,,,,,,https://www.openstreetmap.org/node/4806919622,0.52,
o-bun-cha,hoan-kiem,food,candidate,ok,,restaurant,vietnamese,,O Bun Cha,,21.033908,105.854304,amenity=restaurant,,,,,,,,,https://www.openstreetmap.org/node/10734202162,0.52,
pho-cuong,hoan-kiem,food,candidate,ok,,restaurant,vietnamese,,Phở Cường,,21.033934,105.854822,amenity=restaurant,23 Phố Hàng Muối,,,,,,,,https://www.openstreetmap.org/node/2587491495,0.5,
jinju-quan-nuoc-gao-ngon-han-quoc,hoan-kiem,food,candidate,ok,,cafe,"coffee_shop, jinju",,"JINJU, Quán nước gạo ngon Hàn Quốc",,21.03416,105.854487,amenity=cafe,27 Phố Nguyễn Hữu Huân,24/7,,,,,,,https://www.openstreetmap.org/node/9682900196,0.5,
banh-xeo-nem-cuon-quay,hoan-kiem,food,candidate,ok,,restaurant,vietnamese,,Bánh xèo - Nem cuốn - Quẩy,,21.034064,105.849695,amenity=restaurant,22 Phố Hàng Bồ,,,,,,,,https://www.openstreetmap.org/node/6228818585,0.48,
37a-hung-vuong-restaurant,hoan-kiem,food,candidate,ok,,restaurant,,,Nhà hàng 37A Hùng Vương,37A Hung Vuong Restaurant,21.032525,105.83461,amenity=restaurant,37A Đường Hùng Vương,,,,,,,,https://www.openstreetmap.org/way/702790716,0.48,
nha-hang-moto-san,hoan-kiem,food,candidate,ok,,restaurant,japanese,,Nhà Hàng Moto-san,,21.025413,105.857749,amenity=restaurant,4 Lý Đạo Thành,7:30-00:00,,,,,,,https://www.openstreetmap.org/node/3671198536,0.47,
imeatu-korean-bbq,hoan-kiem,food,candidate,ok,,restaurant,asian,,iMeatu Korean BBQ,,21.017397,105.850297,amenity=restaurant,40 Triệu Việt Vương,24/7,https://www.facebook.com/imeatuvn,,,,,,https://www.openstreetmap.org/node/11346186768,0.47,
tuka-cafe,hoan-kiem,food,candidate,ok,,cafe,,,Tuka Cafe,,21.032483,105.840707,amenity=cafe,11 Nguyễn Tri Phương,Mo-Su 07:00-23:00,,,,,,,https://www.openstreetmap.org/node/12805994070,0.47,
ca-phe-cosa-nostra,hoan-kiem,food,candidate,ok,,cafe,coffee_shop,,Cà Phê Cosa Nostra,,21.025509,105.857987,amenity=cafe,24 Phố Tông Đản,08:00-12:00,,,,,,,https://www.openstreetmap.org/node/995391083,0.46,
mien-luon-dong-thinh,hoan-kiem,food,candidate,ok,,restaurant,,,Miến Lươn Đông Thịnh,,21.031853,105.846905,amenity=restaurant,87 Phố Hàng Điếu,Mo-Su 06:30-21:30,,,,,,,https://www.openstreetmap.org/node/4381924889,0.46,
ca-phe-diiing,hoan-kiem,food,candidate,adult,alcohol / 18+,bar,coffee_shop,,Cà Phê Diiing,,21.034623,105.854474,amenity=bar,34 Phố Nguyễn Hữu Huân,24/7,,,,,,,https://www.openstreetmap.org/node/6217765986,0.46,
oc-bong-quan,hoan-kiem,food,candidate,ok,,restaurant,vietnamese,,Ốc Bông Quán,,21.023929,105.856621,amenity=restaurant,,,,,,,,,https://www.openstreetmap.org/node/6611456185,0.45,
giang-nam-restaurant,hoan-kiem,food,candidate,ok,,restaurant,vietnamese,,Giang Nam Restaurant,,21.033708,105.848427,amenity=restaurant,79 Phố Hàng Bồ,,,,,,,,https://www.openstreetmap.org/node/7025533318,0.45,
mr-bay-mien-tay,hoan-kiem,food,candidate,ok,,restaurant,"vietnamese, regional",,Mr. Bảy Miền Tây,,21.032056,105.846906,amenity=restaurant,,Mo-Fr 11:00-23:00; Sa-Su 11:30-23:00,,,,,,,https://www.openstreetmap.org/node/11609602708,0.45,
sixty-six,hoan-kiem,food,candidate,ok,,restaurant,vietnamese,,Sixty Six,,21.033977,105.848697,amenity=restaurant,66 Phố Hàng Bồ,,,,,,,,https://www.openstreetmap.org/node/4550335291,0.44,
xoi-cat-lam,hoan-kiem,food,candidate,ok,,restaurant,vietnamese,,Xoi Cat Lam,,21.032181,105.846734,amenity=restaurant,,,,,,,,,https://www.openstreetmap.org/node/5255356021,0.43,
cafe-bar,hoan-kiem,food,candidate,ok,,cafe,,,CAFE & BAR,,21.02594,105.858808,amenity=cafe,,Mo-Sa 08:00-15:00,,,,,,,https://www.openstreetmap.org/node/12101841706,0.42,
nha-hang,hoan-kiem,food,candidate,ok,,restaurant,vietnamese,,Nhà Háng,,21.033721,105.847809,amenity=restaurant,,,,,,,,,https://www.openstreetmap.org/node/5397611521,0.41,
bun-ngan-bich-beo,hoan-kiem,food,candidate,ok,,restaurant,,,Bún Ngan Bích Béo,,21.034956,105.849493,amenity=restaurant,16 Phố Hàng Cân,Mo-Su 18:00-12:00,,,,,,,https://www.openstreetmap.org/node/5474774306,0.4,
ca-phe,hoan-kiem,food,candidate,ok,,cafe,,,Cà Phê,,21.035258,105.850125,amenity=cafe,Hàng Đường,Mo-Su 09:00-22:00,,,,,,,https://www.openstreetmap.org/node/6735309134,0.39,
brobusta-coffee,hoan-kiem,food,candidate,ok,,cafe,coffee_shop,,Brobusta Coffee,,21.016581,105.849926,amenity=cafe,51 Phố Bùi Thị Xuân,Mo-Su 07:00-23:00,,,,,,,https://www.openstreetmap.org/node/11615961397,0.39,
dong-phu,hoan-kiem,food,candidate,ok,,restaurant,vietnamese,,Dong Phu,,21.033564,105.84709,amenity=restaurant,"12 Hàng Điếu, Cửa Đông, Hoàn Kiếm, Hà Nội, Vietnam",,,,,,,,https://www.openstreetmap.org/node/5242789221,0.38,
soul-specialty-coffee,hoan-kiem,food,candidate,ok,,cafe,,,Soul specialty coffee,,21.032694,105.846354,amenity=cafe,12 P. Đường Thành,Mo-Su 07:30-22:00,,,,,,,https://www.openstreetmap.org/node/13533531976,0.38,
garden-kitchen,hoan-kiem,food,candidate,ok,,restaurant,,,Garden Kitchen,,21.016487,105.849679,amenity=restaurant,34 Phố Bùi Thị Xuân,Mo-Su 09:00-22:00,,,,,,,https://www.openstreetmap.org/way/1248007872,0.38,
shogun,hoan-kiem,food,candidate,ok,,restaurant,japanese,,Shogun,,21.016343,105.850207,amenity=restaurant,72 Phố Triệu Việt Vương,Mo-Su 09:00-22:00,https://shogun.com.vn/,,,,,,https://www.openstreetmap.org/way/1249564975,0.38,
thaos-pub,hoan-kiem,food,candidate,adult,alcohol / 18+,bar,"vietnamese, american",,Thao’s Pub,,21.034055,105.847353,amenity=bar,64 Bát Sứ,Mo-Su 14:00-03:00,http://www.thaospub.com,,,,,,https://www.openstreetmap.org/node/6833591485,0.37,
cat-coffee,hoan-kiem,food,candidate,ok,,cafe,coffee_shop,,Cà Phê Mèo Lizzi,Cat coffee,21.017866,105.836809,amenity=cafe,160 Phố Trung Phụng,,,,,,,,https://www.openstreetmap.org/node/8171537017,0.37,
nga-banh-chuoi-banh-khoai,hoan-kiem,food,candidate,ok,,street_food,"friture, vietnamese",,Nga Bánh Chuối Bánh Khoai,,21.033705,105.847023,amenity=fast_food,2 Phố Hàng Điếu,Mo-Su 14:00-23:00,,,,,,,https://www.openstreetmap.org/node/11672789769,0.37,
kasa-sushi,hoan-kiem,food,candidate,ok,,restaurant,japanese,,Kasa Sushi,,21.01626,105.850536,amenity=restaurant,49 Phố Triệu Việt Vương,,https://kasasushi.vn/,,,,,,https://www.openstreetmap.org/way/1253517141,0.37,
olaf-coffee,hoan-kiem,food,candidate,adult,alcohol / 18+,bar,,,Olag Coffee,Olaf Coffee,21.045116,105.843356,amenity=bar,,,,,,,,,https://www.openstreetmap.org/node/5318081125,0.36,
bo-beo,hoan-kiem,food,candidate,ok,,restaurant,vietnamese,,Bo Beo,,21.035905,105.851555,amenity=restaurant,,,,,,,,,https://www.openstreetmap.org/node/13986170475,0.36,
phi-hong,hoan-kiem,food,candidate,ok,,street_food,vietnamese,,Phi hong,,21.034234,105.847284,amenity=fast_food,,,,,,,,,https://www.openstreetmap.org/node/13688584883,0.35,
may-coffee,hoan-kiem,food,candidate,ok,,cafe,coffee_shop,,Cà phê Tháng Năm,May Coffee,21.035949,105.834036,amenity=cafe,,,,,,,,,https://www.openstreetmap.org/node/11297601823,0.34,
tranquil-books-coffee,hoan-kiem,food,candidate,ok,,cafe,,,Tranquil Books & Coffee,,21.032504,105.845495,amenity=cafe,5 Phố Nguyễn Quang Bích,Mo-Su 08:00-22:30,,,,,,,https://www.openstreetmap.org/node/4596779991,0.33,
shinbashi,hoan-kiem,food,candidate,ok,,restaurant,japanese,,Shinbashi,,21.015782,105.850555,amenity=restaurant,65 Phố Triệu Việt Vương,,https://shinbashi.com.vn/,,,,,,https://www.openstreetmap.org/node/11649693308,0.33,
34-railway,hoan-kiem,food,candidate,ok,,restaurant,vietnamese,,34 Railway,,21.03163,105.844937,amenity=restaurant,34,,,,,,,,https://www.openstreetmap.org/node/12078106240,0.32,
coffee-nhu-y,hoan-kiem,food,candidate,ok,,restaurant,vietnamese,,Coffee Như Ý,,21.03153,105.844914,amenity=restaurant,,,,,,,,,https://www.openstreetmap.org/node/12078106241,0.32,
bun-cha-nem-cua-be,hoan-kiem,food,candidate,ok,,restaurant,vietnamese,,Bún Chả - Nem Cua Bê,,21.034973,105.847555,amenity=restaurant,23 Phố Bát Sứ,,,,,,,,https://www.openstreetmap.org/node/5323152623,0.31,
starbucks,hoan-kiem,food,candidate,ok,,cafe,coffee_shop,Starbucks,Starbucks,Starbucks,21.029213,105.850202,amenity=cafe,,,,,,,,,https://www.openstreetmap.org/node/7176671001,0.31,
pho-thin,hoan-kiem,food,candidate,ok,,restaurant,vietnamese,,Pho Thìn,,21.025192,105.845147,amenity=restaurant,,,,,,,,,https://www.openstreetmap.org/node/7217547685,0.31,
highlands-coffee-5002,hoan-kiem,food,candidate,ok,,cafe,"coffee_shop, vietnamese",Highlands Coffee,Highlands Coffee,Highlands Coffee,21.027028,105.851274,amenity=cafe,,,,,,,,,https://www.openstreetmap.org/node/13039615002,0.31,
25k-vnd-coffee,hoan-kiem,food,candidate,ok,,cafe,,,Cà Phê Kin,25k vnd coffee,21.010721,105.845837,amenity=cafe,,,,,,,,,https://www.openstreetmap.org/node/6393783189,0.3,
vi-lai,hoan-kiem,food,candidate,ok,,restaurant,vietnamese,,Vi Lai,,21.024077,105.845594,amenity=restaurant,,,,,,,,,https://www.openstreetmap.org/node/10676070107,0.29,
sushila,hoan-kiem,food,candidate,ok,,restaurant,japanese,,Sushila,,21.015392,105.849808,amenity=restaurant,78 Phố Bùi Thị Xuân,"Mo-Su 09:30-14:00,17:00-22:00",https://sushila.vn/,,,,,,https://www.openstreetmap.org/node/11591740420,0.29,
tiem-com-thang-nam,hoan-kiem,food,candidate,ok,,restaurant,vietnamese,,Tiệm cơm Tháng Năm,,21.015363,105.849478,amenity=restaurant,62 Phố Tuệ Tĩnh,,,,,,,,https://www.openstreetmap.org/way/1246866121,0.28,
pho-gon,hoan-kiem,food,candidate,ok,,restaurant,vietnamese,,Pho Gon,,21.021305,105.856089,amenity=restaurant,,,,,,,,,https://www.openstreetmap.org/node/10281779509,0.27,
peach-city,hoan-kiem,food,candidate,ok,,cafe,,,Peach City,,21.015345,105.849307,amenity=cafe,131 Phố Bà Triệu,,https://www.tradaodampeachcity.com/,,,,,,https://www.openstreetmap.org/node/11591740425,0.27,
quan-com-chay-bo-de,hoan-kiem,food,candidate,ok,,restaurant,vietnamese,,Quán Cơm Chay Bồ Đề,,21.024206,105.845088,amenity=restaurant,,,,,,,,,https://www.openstreetmap.org/node/4508014325,0.26,
com-chay-nang-tam,hoan-kiem,food,candidate,ok,,restaurant,,,Cơm Chay Nàng Tấm,,21.022343,105.846943,amenity=restaurant,79A Phố Trần Hưng Đạo,"Mo-Su 10:00-14:00, 17:00-21:00",http://nangtam.com.vn,,,,,,https://www.openstreetmap.org/node/4806919623,0.26,
trung-nguyen-coffee-1422,hoan-kiem,food,candidate,ok,,cafe,"coffee_shop, vietnamese",Trung Nguyên,Trung Nguyên Coffee,Trung Nguyên Coffee,21.028536,105.849592,amenity=cafe,,,,,,,,,https://www.openstreetmap.org/node/5043921422,0.26,
cong-cafe,hoan-kiem,food,candidate,ok,,cafe,"coffee_shop, vietnamese",Cộng Cà Phê,Cộng Cà Phê,Cong Cafe,21.028814,105.849647,amenity=cafe,Phố Nhà Thờ,,,,,,,,https://www.openstreetmap.org/node/5133284823,0.26,
uri-dessert,hoan-kiem,food,candidate,ok,,cafe,,,URI Dessert,,21.014969,105.850518,amenity=cafe,85 Phố Triệu Việt Vương,,https://uridessert.com/,,,,,,https://www.openstreetmap.org/node/11500070695,0.26,
papaya-salad,hoan-kiem,food,candidate,ok,,street_food,burger,Lotteria,Lotteria,Papaya Salad,21.031485,105.853448,amenity=fast_food,57c Phố Đinh Tiên Hoàng,,,,,,,,https://www.openstreetmap.org/node/4507417291,0.25,
tam-an-lac,hoan-kiem,food,candidate,ok,,restaurant,vietnamese,,Tâm An Lạc,,21.025689,105.844097,amenity=restaurant,Phố Lý Thường Kiệt,,,,,,,,https://www.openstreetmap.org/node/5411550522,0.25,
tiem-an-ken,hoan-kiem,food,candidate,ok,,restaurant,thai,,Tiệm Ăn Ken,,21.014955,105.850284,amenity=restaurant,110B Phố Triệu Việt Vương,"Mo-Su 08:00-13:45, 17:45-22:00",,,,,,,https://www.openstreetmap.org/node/11491092585,0.25,
citi-coffee,hoan-kiem,food,candidate,ok,,cafe,coffee_shop,,Citi Coffee,,21.015078,105.849315,amenity=cafe,63 Phố Tuệ Tĩnh,,https://citicoffee.vn/,,,,,,https://www.openstreetmap.org/node/11510364562,0.25,
banh-trang-be-my,hoan-kiem,food,candidate,ok,,restaurant,vietnamese,,Bánh Tráng Bé My,,21.021218,105.848494,amenity=restaurant,33 Phố Quang Trung,,,,,,,,https://www.openstreetmap.org/node/12644690080,0.25,
minh-s-jazz-club,hoan-kiem,food,candidate,adult,alcohol / 18+,bar,,,Minh's Jazz Club,,21.02395,105.844896,amenity=pub,65 Quan Su,Mo-Su 21:30-23:00,https://minhjazzvietnam.com/,,,,,,https://www.openstreetmap.org/node/2536164568,0.24,
pho-ganh,hoan-kiem,food,candidate,ok,,restaurant,,,Phở Gánh,,21.036858,105.849503,amenity=restaurant,Phố Hàng Chiếu,Mo-Su 03:30-06:00,,,,,,,https://www.openstreetmap.org/node/7961106585,0.24,
quan-ca-phe-wabi-sabi,hoan-kiem,food,candidate,ok,,cafe,,,Quán cà phê Wabi-Sabi,,21.033366,105.844756,amenity=cafe,79C Lý Nam Đế,Mo-Su 07:00-21:00,,,,,,,https://www.openstreetmap.org/node/9805222044,0.24,
khrua-baan-thai,hoan-kiem,food,candidate,ok,,restaurant,thai,,Khrua Baan Thai,,21.01472,105.850547,amenity=restaurant,89 Phố Triệu Việt Vương,"Mo-Su 10:30-14:30, 17:30-22:30",https://khruabaanthai.com.vn/,,,,,,https://www.openstreetmap.org/node/11500070697,0.24,
unique-bread,hoan-kiem,food,candidate,ok,,street_food,vietnamese,,Unique Bread,,21.045719,105.841458,amenity=fast_food,36 Phố Lạc Chinh,Mo-Su 08:00-19:00,,,,,,,https://www.openstreetmap.org/node/12328253201,0.24,
dung,hoan-kiem,food,candidate,ok,,restaurant,,,Dúng,,21.014783,105.85061,amenity=restaurant,87 Phố Triệu Việt Vương,,https://www.facebook.com/dunglendungxuong/,,,,,,https://www.openstreetmap.org/way/1238050544,0.24,
lofita-drinks,hoan-kiem,food,candidate,adult,alcohol / 18+,bar,,,Lofita Drinks,,21.020407,105.854726,amenity=bar,,Mo-Su 07:30-23:00,,,,,,,https://www.openstreetmap.org/node/11870867769,0.23,
sushi-hokkaido-sachi,hoan-kiem,food,candidate,ok,,restaurant,,,Sushi Hokkaido Sachi,,21.02022,105.854305,amenity=restaurant,33 Phố Trần Hưng Đạo,,https://sushihokkaidosachi.com.vn/,,,,,,https://www.openstreetmap.org/node/721906714,0.22,
banh-cuon-gia-truyen-thanh-van,hoan-kiem,food,candidate,ok,,street_food,,,Bánh Cuốn Gia Truyền Thanh Vân,,21.036053,105.847171,amenity=fast_food,14 Hàng Gà,Mo-Su 08:00-15:00,,,,,,,https://www.openstreetmap.org/node/4504646891,0.22,
mr-big-beef-bo-nuong-tang,hoan-kiem,food,candidate,ok,,restaurant,steak_house,,Mr. Big Beef - Bò Nướng Tảng,,21.014511,105.850009,amenity=restaurant,117 Phố Bùi Thị Xuân,Mo-Su 10:00-23:00,https://bonuongtang.com/,,,,,,https://www.openstreetmap.org/node/11625397943,0.21,
mixue-6869,hoan-kiem,food,candidate,ok,,cafe,"ice_cream, bubble_tea",Mixue Ice Cream & Tea,Mixue,Mixue,21.031675,105.850814,amenity=cafe,,,,,,,,,https://www.openstreetmap.org/node/11834016869,0.21,
hatoyama,hoan-kiem,food,candidate,ok,,restaurant,japanese,,Hatoyama,,21.034137,105.838031,amenity=restaurant,36 Đường Điện Biên Phủ,,https://hatoyama.vn/,,,,,,https://www.openstreetmap.org/way/1218337314,0.21,
nhan-sushi-ha-noi,hoan-kiem,food,candidate,ok,,restaurant,japanese,,Nhan Sushi Ha Noi,,21.014377,105.850599,amenity=restaurant,101 Phố Triệu Việt Vương,,https://nhansushihanoi.com.vn/,,,,,,https://www.openstreetmap.org/way/1238550132,0.21,
the-gioi-hai-san,hoan-kiem,food,candidate,ok,,restaurant,seafood,,Thế Giới Hải Sản,,21.034208,105.83796,amenity=restaurant,36 Đường Điện Biên Phủ,,https://thegioihaisan.vn/,,,,,,https://www.openstreetmap.org/way/1218337313,0.2,
nha-hang-khiem,hoan-kiem,food,candidate,ok,,restaurant,vietnamese,,Nhà Hàng  Khiêm,,21.014317,105.849969,amenity=restaurant,,,,,,,,,https://www.openstreetmap.org/node/12165016301,0.19,
kafebean,hoan-kiem,food,candidate,ok,,cafe,coffee_shop,,Kafebean,,21.028924,105.85629,amenity=cafe,7 Phố Trần Nguyên Hãn,,,,,,,,https://www.openstreetmap.org/way/1234095163,0.19,
pho-that,hoan-kiem,food,candidate,ok,,restaurant,vietnamese,,Phở Thật,,21.038037,105.852219,amenity=restaurant,48 Đường Trần Nhật Duật,,,,,,,,https://www.openstreetmap.org/node/6049182299,0.18,
ca-phe-gather-wellness-complex,hoan-kiem,food,candidate,ok,,cafe,coffee_shop,,Cà Phê Gather Wellness Complex,,21.021287,105.846822,amenity=cafe,28A Xóm Hà Hồi,,http://www.gather.vn/,,,,,,https://www.openstreetmap.org/node/8563466264,0.18,
old-hanoi-restaurant,hoan-kiem,food,candidate,ok,,restaurant,vietnamese,,Old Hanoi Restaurant,,21.029934,105.842667,amenity=restaurant,,,,,,,,,https://www.openstreetmap.org/node/10044381092,0.18,
acid8-speciality-coffee,hoan-kiem,food,candidate,ok,,cafe,,,ACID8 Speciality Coffee,,21.021118,105.84676,amenity=cafe,34 Ngõ Hạ Hồi,Su-Sa 07:00-21:00,https://acid8coffee.com/,,,,,,https://www.openstreetmap.org/node/10715935205,0.17,
koto-van-mieu-restaurant,hoan-kiem,food,candidate,ok,,restaurant,,,KOTO Van Mieu restaurant,,21.028374,105.836429,amenity=restaurant,"35 Van Mieu, Hà Nội, VN 10000",,https://www.koto.com.au/kotovanmieu,,,,,,https://www.openstreetmap.org/node/11430174834,0.17,
quan-bar-ler-mer-lounge,hoan-kiem,food,candidate,adult,alcohol / 18+,bar,,,Quán Bar Ler Mer Lounge,,21.030299,105.856302,amenity=bar,30 Phố Hàng Vôi,,,,,,,,https://www.openstreetmap.org/node/6662719064,0.16,
l-amour-steak-wine,hoan-kiem,food,candidate,ok,,restaurant,steak_house,,L'amour Steak Wine,,21.013867,105.850321,amenity=restaurant,152B Phố Triệu Việt Vương,,https://www.vanhoanggroup.com/,,,,,,https://www.openstreetmap.org/way/1237224661,0.16,
highlands-coffee-6490,hoan-kiem,food,candidate,ok,,cafe,"coffee_shop, vietnamese",Highlands Coffee,Highlands Coffee,Highlands Coffee,21.025214,105.854348,amenity=cafe,,,,,,,,,https://www.openstreetmap.org/node/4364106490,0.15,
nha-hang-ahimsa,hoan-kiem,food,candidate,ok,,restaurant,,,Nhà Hàng Ahimsa,,21.029665,105.842298,amenity=restaurant,84 Đường Điện Biên Phủ,Mo-Su 17:00-22:00,,,,,,,https://www.openstreetmap.org/node/4806921821,0.15,
nom-mai-nga,hoan-kiem,food,candidate,ok,,restaurant,vietnamese,,Nộm Mai Nga,,21.019272,105.852802,amenity=restaurant,25 Phố Hàm Long,,,,,,,,https://www.openstreetmap.org/node/6689625508,0.15,
ca-phe-chum,hoan-kiem,food,candidate,ok,,cafe,,,Cà Phê Chum,,21.041562,105.843548,amenity=cafe,81 Phố Yên Ninh,24/7,,,,,,,https://www.openstreetmap.org/node/5418568322,0.14,
cong-ca-phe,hoan-kiem,food,candidate,ok,,cafe,"coffee_shop, vietnamese",Cộng Cà Phê,Cộng Cà Phê,Cong Ca Phe,21.02517,105.85436,amenity=cafe,,,,,,,,,https://www.openstreetmap.org/node/6027206187,0.14,
trau-ngon-quan,hoan-kiem,food,candidate,ok,,restaurant,,,Trâu Ngon Quán,,21.013637,105.850019,amenity=restaurant,145 Phố Bùi Thị Xuân,,https://traungonquan.vn/,,,,,,https://www.openstreetmap.org/node/11625397934,0.14,
wabi-sabi-sushi,hoan-kiem,food,candidate,ok,,restaurant,japanese,,Wabi Sabi Sushi,,21.013399,105.850923,amenity=restaurant,15 Phố Mai Hắc Đế,"Mo-Su 10:00-14:00, 17:00-22:00",,,,,,,https://www.openstreetmap.org/node/11472430138,0.12,
the-coffee-house,hoan-kiem,food,candidate,ok,,cafe,"coffee_shop, vietnamese",The Coffee House,The Coffee House,The Coffee House,21.01329,105.84976,amenity=cafe,122 Phố Bùi Thị Xuân,Mo-Su 07:30-22:30,https://thecoffeehouse.com/,,,,,,https://www.openstreetmap.org/node/6149039485,0.1,
banh-xeo-bizon-cho-dem-dong-xuan,hoan-kiem,food,candidate,ok,,restaurant,,,Bánh Xèo Bizon - Chợ Đêm Đồng Xuân,,21.038649,105.849329,amenity=restaurant,,,https://m.facebook.com/B%C3%A1nh-X%C3%A8o-Bizon-Ch%E1%BB%A3-%C4%90%C3%AAm-%C4%90%E1%BB%93ng-Xu%C3%A2n-1971803769735201/,,,,,,https://www.openstreetmap.org/node/7023770386,0.09,
oh-bread,hoan-kiem,food,candidate,ok,,restaurant,,,Oh bread,,21.033376,105.853909,amenity=restaurant,21 Hàng Bè,,,,,,,,https://www.openstreetmap.org/node/4320668189,0.08,
ca-phe-fagioli,hoan-kiem,food,candidate,adult,alcohol / 18+,bar,"coffee_shop, breakfast, cake, tea",,Cà Phê Fagioli,,21.03285,105.849993,amenity=bar,2 Phố Tô Tịch,,,,,,,,https://www.openstreetmap.org/node/4737946876,0.08,
quan-banh-cuon-nong-gia-truyen,hoan-kiem,food,candidate,ok,,restaurant,vietnamese,,Quán Bánh Cuốn Nóng Gia Truyền,,21.034455,105.83015,amenity=restaurant,50 Phố Đội Cấn,Mo-Su 06:00-23:45,,,,,,,https://www.openstreetmap.org/node/11676661169,0.08,
the-coffee-house-0322,hoan-kiem,food,candidate,ok,,cafe,"coffee_shop, vietnamese",The Coffee House,The Coffee House,The Coffee House,21.024032,105.853175,amenity=cafe,23M Hai Bà Trưng,,,,,,,,https://www.openstreetmap.org/node/5621040322,0.07,
chon,hoan-kiem,food,candidate,ok,,cafe,coffee_shop,,Chốn,,21.012875,105.849746,amenity=cafe,130 Phố Bùi Thị Xuân,Mo-Su 09:00-22:00,,,,,,,https://www.openstreetmap.org/way/1236553908,0.07,
cafe-68,hoan-kiem,food,candidate,ok,,cafe,"vietnamese, coffee_shop",,Cà Phê 68,Cafe 68,21.048292,105.841916,amenity=cafe,68 Phó Đức Chính,,,,,,,,https://www.openstreetmap.org/node/4458823390,0.06,
com-tam-ty-do,hoan-kiem,food,candidate,ok,,restaurant,vietnamese,,Cơm Tấm Tỷ Đô,,21.012655,105.850582,amenity=restaurant,147 Phố Triệu Việt Vương,,,,,,,,https://www.openstreetmap.org/node/11470110667,0.06,
highlands-coffee-1492,hoan-kiem,food,candidate,ok,,cafe,"coffee_shop, vietnamese",Highlands Coffee,Highlands Coffee,Highlands Coffee,21.033729,105.853712,amenity=cafe,,,,,,,,,https://www.openstreetmap.org/node/7160691492,0.05,
quan-banh-con-thanh-van,hoan-kiem,food,candidate,ok,,restaurant,vietnamese,,Quan banh con Thanh van,,21.018186,105.851912,amenity=restaurant,Phố Lê Văn Hưu,,,,,,,,https://www.openstreetmap.org/node/10557047309,0.05,
kafa,hoan-kiem,food,candidate,ok,,cafe,,,Kafa,,21.037542,105.846019,amenity=cafe,,Mo-Su 09:00-24:00,,,,,,,https://www.openstreetmap.org/node/13691370398,0.05,
takumi,hoan-kiem,food,candidate,ok,,restaurant,japanese,,Takumi,,21.012609,105.850823,amenity=restaurant,98 Phố Mai Hắc Đế,"Mo-Su 10:30-14:00, 17:00-22:30",https://www.takumi.com.vn,,,,,,https://www.openstreetmap.org/way/1235566715,0.05,
sumo-bbq,hoan-kiem,food,candidate,ok,,restaurant,"barbecue, japanese",,Sumo BBQ,,21.013107,105.847896,amenity=restaurant,67 Phố Tô Hiến Thành,Mo-Su 09:00-22:00,https://sumoyakiniku.com.vn/,,,,,,https://www.openstreetmap.org/way/1246805135,0.05,
beer-bac-son,hoan-kiem,food,candidate,ok,,restaurant,,,Bia Bắc Sơn,Beer Bắc Sơn,21.038392,105.83113,amenity=restaurant,,,,,,,,,https://www.openstreetmap.org/node/4557009772,0.03,
pho-mai-anh,hoan-kiem,food,candidate,ok,,restaurant,,,Phở Mai Anh,,21.01801,105.853736,amenity=restaurant,32 Phố Lê Văn Hưu,Mo-Su 07:00-21:30,,,,,,,https://www.openstreetmap.org/node/5384961328,0.03,
local-bread,hoan-kiem,food,candidate,ok,,cafe,"coffee_shop, pastry",,Local Bread,,21.037972,105.84622,amenity=cafe,16C Phùng Hưng,Mo-Su 07:30-22:30,https://localbreadhanoi.com,,,,,,https://www.openstreetmap.org/node/12657775781,0.03,
nha-hang-an-lac-chay,hoan-kiem,food,candidate,ok,,restaurant,vietnamese,,Nhà Hàng An Lạc Chay,,21.023812,105.841962,amenity=restaurant,,,,,,,,,https://www.openstreetmap.org/node/5088087021,0.02,
lau-nuong-andeee-188-pho-duc-chinh,hoan-kiem,food,candidate,ok,,restaurant,"vietnamese, lẩu_nướng, regional",,Lẩu&Nướng Ăndeee - 188 Phó Đức Chính,,21.044265,105.846081,amenity=restaurant,188 Phố Phó Đức Chính,Mo-Su 10:00-22:30,https://www.facebook.com/launuongandeee.hn,,,,,,https://www.openstreetmap.org/node/10158964415,0.02,
highlands-coffee-8989,hoan-kiem,food,candidate,ok,,cafe,"coffee_shop, vietnamese",Highlands Coffee,Highlands Coffee,Highlands Coffee,21.012925,105.858388,amenity=cafe,,Mo-Su 07:00-23:00,,,,,,,https://www.openstreetmap.org/node/4281628989,0.01,
nha-hang-g-grab,hoan-kiem,food,candidate,ok,,restaurant,italian,,Nhà Hàng G-Grab,,21.031216,105.847197,amenity=restaurant,57 Đường Thành,,,,,,,,https://www.openstreetmap.org/node/6012884346,0.01,
bep-thai-koh-yam,hoan-kiem,food,candidate,ok,,restaurant,thai,,Bếp Thái Koh Yam,,21.012437,105.848779,amenity=restaurant,3A Ngõ Bà Triệu,,https://kohyam.vn/,,,,,,https://www.openstreetmap.org/node/12117241051,0.01,
pho-bo-63,hoan-kiem,food,candidate,ok,,restaurant,vietnamese,,Phở Bò 63,,21.047732,105.865203,amenity=restaurant,63 Đường Ngọc Thụy,Mo-Su 09:00-13:00,,,,,,,https://www.openstreetmap.org/node/13508941681,0.01,
cha-coffee-banh-mi-juice-beer-vegetarian-food,hoan-kiem,food,candidate,ok,,street_food,vietnamese,,"Chã - Coffee, Banh Mi, Juice, Beer, Vegetarian Food",,21.024452,105.841505,amenity=fast_food,,,,,,,,,https://www.openstreetmap.org/node/13651666401,0.01,
1919-cuisine,hoan-kiem,food,candidate,ok,,restaurant,,,1919 Cuisine,,21.012171,105.849996,amenity=restaurant,177 Phố Bùi Thị Xuân,,https://nhahang1919.vn/,,,,,,https://www.openstreetmap.org/way/1234867618,0.01,
tokyo-tan-tan,hoan-kiem,food,candidate,ok,,restaurant,japanese,,Tokyo Tan-Tan,,21.012132,105.849686,amenity=restaurant,148B Phố Bùi Thị Xuân,"Mo-Su 10:00-14:00, 17:00-22:00",,,,,,,https://www.openstreetmap.org/node/11476192647,-0.0,
luon-dong-xu-nghe,hoan-kiem,food,candidate,ok,,restaurant,vietnamese,,Lươn đồng xứ Nghệ,,21.0387,105.846693,amenity=restaurant,25 Phố Phùng Hưng,,,,,,,,https://www.openstreetmap.org/node/11675985412,-0.0,
white-coffee,hoan-kiem,food,candidate,ok,,cafe,vietnamese,,White Coffee,,21.038599,105.846672,amenity=cafe,,,,,,,,,https://www.openstreetmap.org/node/11675985413,0.0,
yummy,hoan-kiem,food,candidate,adult,alcohol / 18+,bar,vietnamese,,Yummy,,21.038743,105.84701,amenity=pub,18 Phố Hàng Cót,,,,,,,,https://www.openstreetmap.org/node/11675985429,0.0,
nghien-cafe-museum,hoan-kiem,food,candidate,ok,,cafe,,,Nghien Cafe Museum,,21.023199,105.851428,amenity=cafe,38 Phố Lý Thường Kiệt,,,,,,,,https://www.openstreetmap.org/node/7176677649,-0.01,
nha-hang-qua-tram,hoan-kiem,food,candidate,ok,,restaurant,vietnamese,,Nhà hàng Quả Trám,,21.038787,105.846716,amenity=restaurant,21 Phố Phùng Hưng,,,,,,,,https://www.openstreetmap.org/node/11675985410,-0.01,
ishidaya-the-3rd-generation,hoan-kiem,food,candidate,ok,,restaurant,"japanese, sushi",,ISHIDAYA - The 3rd Generation,,21.030435,105.834279,amenity=restaurant,8A Phố Hàng Cháo,Tu-Su 11:00-22:00,https://ishidaya3.vn/,,,,,,https://www.openstreetmap.org/node/12661290607,-0.02,
nha-hang-dong-doi,hoan-kiem,food,candidate,ok,,restaurant,vietnamese,,Nhà hàng Đồng Đội,,21.039132,105.846782,amenity=restaurant,11C Phố Phùng Hưng,,,,,,,,https://www.openstreetmap.org/node/11675985407,-0.03,
pho-nuong-xu-lang,hoan-kiem,food,candidate,ok,,restaurant,vietnamese,,Phố nướng xứ Lạng,,21.039048,105.846761,amenity=restaurant,15 Phố Phùng Hưng,,,,,,,,https://www.openstreetmap.org/node/11675985408,-0.03,
bun-ca,hoan-kiem,food,candidate,ok,,restaurant,,,Bun ca,,21.029361,105.840103,amenity=restaurant,,Mo-Su 09:30-14:00,,,,,,,https://www.openstreetmap.org/node/13608814803,-0.03,
mai-la-com-viet-tu-trai-tim,hoan-kiem,food,candidate,ok,,restaurant,,,Mái Lá - Cơm Việt từ trái tim,,21.043407,105.842748,amenity=restaurant,74 Phố Nguyễn Trường Tộ,Mo-Su 10:00-22:00,,,,,,,https://www.openstreetmap.org/node/13708168601,-0.03,
mien-banh-da-cua-ly-quoc-su,hoan-kiem,food,candidate,ok,,restaurant,,,Miến & Bánh Đa Cua Lý Quốc Sư,,21.039054,105.846586,amenity=restaurant,6A Phùng Hưng,Mo-Su 07:30-22:00,,,,,,,https://www.openstreetmap.org/node/4777146421,-0.04,
cha-ca-lang-toan-xuan,hoan-kiem,food,candidate,ok,,restaurant,vietnamese,,Chả cá lăng Toàn Xuân,,21.039381,105.846835,amenity=restaurant,7 Phố Phùng Hưng,,,,,,,,https://www.openstreetmap.org/node/11675985403,-0.05,
pizza-4p-s-5280,hoan-kiem,food,candidate,ok,,restaurant,pizza,,Pizza 4P's,,21.011403,105.850716,amenity=restaurant,114 Phố Mai Hắc Đế,Mo-Su 10:30-23:00,https://pizza4ps.com/vn/,,,,,,https://www.openstreetmap.org/node/12098955280,-0.05,
com-cuong,hoan-kiem,food,candidate,ok,,restaurant,vietnamese,,Cơm Cường,,21.017487,105.848416,amenity=restaurant,14 Nguyễn Bỉnh Khiêm,,,,,,,,https://www.openstreetmap.org/node/2366849408,-0.06,
reng-reng-cafe,hoan-kiem,food,candidate,ok,,cafe,,,Reng Reng Café,,21.038478,105.844979,amenity=cafe,,Mo-Fr 07:00-15:00; Sa-Su 07:00-19:00,,,,,,,https://www.openstreetmap.org/node/5374427522,-0.06,
nha-hang-chao-trai,hoan-kiem,food,candidate,ok,,restaurant,,,Nhà Hàng Cháo Trai,,21.017169,105.855076,amenity=restaurant,26 Trần Xuân Soạn,Mo-Su 15:00-21:00,,,,,,,https://www.openstreetmap.org/node/5474790332,-0.06,
ding-tea,hoan-kiem,food,candidate,ok,,cafe,bubble_tea,Ding Tea,Ding Tea,Ding Tea,21.034765,105.854464,amenity=cafe,1 Phố Nguyễn Hữu Huân,,,,,,,,https://www.openstreetmap.org/node/6603990855,-0.06,
bun-dau-gia-cay,hoan-kiem,food,candidate,ok,,restaurant,vietnamese,,"Bún đậu, giả cày",,21.039426,105.846845,amenity=restaurant,5 Phố Phùng Hưng,,,,,,,,https://www.openstreetmap.org/node/11675985402,-0.06,
bun-cha-40k,hoan-kiem,food,candidate,ok,,restaurant,vietnamese,,Bun Cha 40k,,21.029256,105.839687,amenity=restaurant,,,,,,,,,https://www.openstreetmap.org/node/13610849401,-0.06,
quan-bar-lua-craft,hoan-kiem,food,candidate,adult,alcohol / 18+,bar,,,Quán Bar Lua Craft,,21.034867,105.850162,amenity=bar,20 Phố Hàng Ngang,,,,,,,,https://www.openstreetmap.org/node/6936078786,-0.07,
cong-caphe,hoan-kiem,food,candidate,ok,,cafe,"coffee_shop, vietnamese",Cộng Cà Phê,Cộng Cà Phê,Cong Caphe,21.032706,105.846853,amenity=cafe,,,,,,,,,https://www.openstreetmap.org/node/4601307889,-0.08,
cua-hang-hoang-tam-xoi,hoan-kiem,food,candidate,ok,,restaurant,vietnamese,,Cửa Hàng Hoàng Tâm Xôi,,21.040277,105.848189,amenity=restaurant,Phố Hàng Đậu,,,,,,,,https://www.openstreetmap.org/node/4936488121,-0.08,
nem-phung-nem-chua,hoan-kiem,food,candidate,ok,,restaurant,vietnamese,,Nem Phùng - Nem Chua,,21.016732,105.851164,amenity=restaurant,1B Phố Trần Nhân Tông,,,,,,,,https://www.openstreetmap.org/node/12106408165,-0.08,
loving-vegetarian-restaurant,hoan-kiem,food,candidate,ok,,restaurant,vietnamese,,Loving Vegetarian Restaurant,,21.028108,105.839564,amenity=restaurant,,,,,,,,,https://www.openstreetmap.org/node/13463740401,-0.08,
pho-thin-9465,hoan-kiem,food,candidate,ok,,restaurant,,,Pho Thin,,21.017035,105.855996,amenity=restaurant,13 Phố Lò Đúc,Mo-Su 06:00-20:30,,,,,,,https://www.openstreetmap.org/node/4186819465,-0.09,
com-rang-pho-bun-chao,hoan-kiem,food,candidate,ok,,restaurant,vietnamese,,Cơm Rang - Phở - Bún Cháo,,21.016709,105.849758,amenity=restaurant,26 Phố Bùi Thị Xuân,,,,,,,,https://www.openstreetmap.org/node/11601645095,-0.1,
bun-cha-nem-ran,hoan-kiem,food,candidate,ok,,restaurant,vietnamese,,Bún Chả - Nem Rán,,21.016659,105.849879,amenity=restaurant,47 Phố Bùi Thị Xuân,,,,,,,,https://www.openstreetmap.org/node/11615961396,-0.1,
the-coffee-house-3823,hoan-kiem,food,candidate,ok,,cafe,"coffee_shop, vietnamese",The Coffee House,The Coffee House,The Coffee House,21.022359,105.850348,amenity=cafe,56 Phố Bà Triệu,,,,,,,,https://www.openstreetmap.org/way/863793823,-0.1,
nha-hang-luc-thuy,hoan-kiem,food,candidate,ok,,restaurant,,,Nhà hàng Lục Thuỷ,,21.028634,105.851235,amenity=restaurant,,,,,,,,,https://www.openstreetmap.org/node/4749010039,-0.11,
hoa-vien-craft-brewery,hoan-kiem,food,candidate,ok,,restaurant,,,Hoa Viên Craft Brewery,,21.01778,105.858718,amenity=restaurant,1A Phố Tăng Bạt Hổ,Mo-Su 10:00-22:00,,,,,,,https://www.openstreetmap.org/node/12393379604,-0.11,
tet-bar,hoan-kiem,food,candidate,adult,alcohol / 18+,bar,,,TẾT BAR,,21.03579,105.851807,amenity=bar,1 Phố Tạ Hiện,,,,,,,,https://www.openstreetmap.org/node/7130142718,-0.12,
tra-chanh-pho-co,hoan-kiem,food,candidate,ok,,cafe,,,Trà Chanh Phô cô,,21.035883,105.853219,amenity=cafe,25 Đào Duy Từ,,,,,,,,https://www.openstreetmap.org/node/4770510621,-0.13,
tet-bar-2,hoan-kiem,food,candidate,adult,alcohol / 18+,bar,,,TẾT BAR 2,,21.03581,105.851903,amenity=bar,1A Phố Tạ Hiện,,,,,,,,https://www.openstreetmap.org/node/7130142719,-0.13,
cua-hang-bun-cha-huong-lien-6897,hoan-kiem,food,candidate,ok,,restaurant,,,Cửa Hàng Bún Chả Hương Liên,,21.035994,105.851812,amenity=restaurant,38 Hàng Buồm,,,,,,,,https://www.openstreetmap.org/node/4566446897,-0.14,
nha-hang-abc,hoan-kiem,food,candidate,ok,,restaurant,,,Nhà Hàng ABC,,21.021604,105.852489,amenity=restaurant,53A Hang Bai,,,,,,,,https://www.openstreetmap.org/node/4664490692,-0.14,
hieu-com-viet-nam,hoan-kiem,food,candidate,ok,,restaurant,vietnamese,,Hiệu Cơm Việt Nam,,21.01619,105.849752,amenity=restaurant,48 Phố Bùi Thị Xuân,,,,,,,,https://www.openstreetmap.org/node/11601353643,-0.14,
hao-chi-dimsum-taipei,hoan-kiem,food,candidate,ok,,restaurant,chinese,,Hao Chi - Dimsum Taipei,,21.01039,105.85119,amenity=restaurant,3 Phố Thái Phiên,,http://haochidimsum.vn/,,,,,,https://www.openstreetmap.org/node/11697674110,-0.14,
bun-ca-huong-thuy,hoan-kiem,food,candidate,ok,,restaurant,"diner, fish",,Bún cá Hương Thủy,,21.041063,105.848368,amenity=restaurant,14 Phố Nguyễn Trung Trực,Mo-Su 17:30-13:30,,,,,,,https://www.openstreetmap.org/node/11726901669,-0.14,
tra-bat-bao-tuan-beo,hoan-kiem,food,candidate,ok,,cafe,,,Trà Bát Bảo Tuấn Béo,,21.028,105.832654,amenity=cafe,6 Phố Bích Câu,Mo-Su 19:00-23:00,,,,,,,https://www.openstreetmap.org/node/4437978297,-0.15,
banh-cuon-86,hoan-kiem,food,candidate,ok,,restaurant,vietnamese,,Bánh Cuốn 86,,21.016014,105.850227,amenity=restaurant,86 Phố Triệu Việt Vương,,,,,,,,https://www.openstreetmap.org/node/11613547722,-0.15,
quan-com-minh-hien,hoan-kiem,food,candidate,ok,,restaurant,vietnamese,,Quán cơm Minh Hiền,,21.01607,105.849966,amenity=restaurant,75 Phố Bùi Thị Xuân,,,,,,,,https://www.openstreetmap.org/node/11615961404,-0.15,
havana-pub,hoan-kiem,food,candidate,adult,alcohol / 18+,bar,,,Havana Pub,,21.036108,105.852897,amenity=bar,1B,,,,,,,,https://www.openstreetmap.org/node/11655769803,-0.15,
sua-chua-tran-chau-ha-long,hoan-kiem,food,candidate,ok,,cafe,frozen_yogurt,,Sữa Chua Trân Châu Hạ Long,,21.010392,105.850446,amenity=ice_cream,19 Phố Thái Phiên,,https://suachuatranchauhalong.vn/,,,,,,https://www.openstreetmap.org/node/11672849022,-0.15,
ca-phe-giang,hoan-kiem,food,candidate,ok,,cafe,,,Cà Phê Giang,,21.041456,105.848997,amenity=cafe,106 Đường Yên Phụ,"7:00-12:00, 14:30-22:00",,,,,,,https://www.openstreetmap.org/node/2523425211,-0.16,
highlands-coffee-9878,hoan-kiem,food,candidate,ok,,cafe,"coffee_shop, vietnamese",Highlands Coffee,Highlands Coffee,Highlands Coffee,21.024731,105.859145,amenity=cafe,,,,,,,,,https://www.openstreetmap.org/node/13271879878,-0.16,
bun-cha-viet-khiem,hoan-kiem,food,candidate,ok,,restaurant,"vietnamese, noodle",,Bún chả Việt Khiêm,,21.043592,105.86466,amenity=restaurant,Chợ Ẩm Thực Ngọc Lâm,Mo-Su 11:00-14:00,,,,,,,https://www.openstreetmap.org/node/13473985979,-0.16,
nha-hang-heritage,hoan-kiem,food,candidate,ok,,restaurant,regional,,Nhà Hàng Heritage,,21.033114,105.83914,amenity=restaurant,19 Đường Hoàng Diệu,07:00-23:00,,,,,,,https://www.openstreetmap.org/node/4576672189,-0.17,
the-ramen-mafia,hoan-kiem,food,candidate,ok,,restaurant,japanese,,The Ramen Mafia,,21.010105,105.850639,amenity=restaurant,118 Phố Mai Hắc Đế,"Mo-Su 10:00-14:00,17:00-22:00",,,,,,,https://www.openstreetmap.org/node/12098955278,-0.17,
kem-tuoi-p-lo,hoan-kiem,food,candidate,ok,,cafe,,,Kem tươi P'lo,,21.030362,105.85125,amenity=ice_cream,,,,,,,,,https://www.openstreetmap.org/way/1220085078,-0.17,
stamp-coffee,hoan-kiem,food,candidate,ok,,cafe,,,Stamp Coffee,,21.027175,105.853745,amenity=cafe,75 Phố Đinh Tiên Hoàng,,,,,,,,https://www.openstreetmap.org/node/4485511691,-0.18,
coffee-binh-minh,hoan-kiem,food,candidate,ok,,cafe,,,Coffee Bình Minh,,21.032012,105.845024,amenity=cafe,12A,,,,,,,,https://www.openstreetmap.org/node/12078106230,-0.18,
the-imperial-book-cafe,hoan-kiem,food,candidate,ok,,cafe,,,The Imperial Book Cafe,,21.03653,105.840928,amenity=cafe,,Mo-Su 09:00-17:00,,,,,,,https://www.openstreetmap.org/node/12692502183,-0.18,
quan-bar-factory,hoan-kiem,food,candidate,adult,alcohol / 18+,bar,,,Quán Bar Factory,,21.030133,105.850717,amenity=bar,11a Bảo Khánh,,,,,,,,https://www.openstreetmap.org/node/4242817790,-0.19,
banh-cuon-nong-117-ba-trieu,hoan-kiem,food,candidate,ok,,restaurant,vietnamese,,Bánh cuốn nóng 117 Bà Triệu,,21.015792,105.849425,amenity=restaurant,117 Phố Bà Triệu,,,,,,,,https://www.openstreetmap.org/node/11598930306,-0.19,
chicken-zozo,hoan-kiem,food,candidate,ok,,street_food,,,Chicken Zozo,,21.036565,105.851879,amenity=fast_food,13,,,,,,,,https://www.openstreetmap.org/node/11671757252,-0.19,
gia-thanh-hu-tieu-banh-canh-com-tam,hoan-kiem,food,candidate,ok,,restaurant,vietnamese,,"Gia Thành - Hủ Tiếu, Bánh Canh, Cơm Tấm",,21.015471,105.850802,amenity=restaurant,36C Phố Mai Hắc Đế,,,,,,,,https://www.openstreetmap.org/way/1253312189,-0.19,
tuen-an,hoan-kiem,food,candidate,ok,,restaurant,,,Tuên an,,21.030202,105.850564,amenity=restaurant,,,,,,,,,https://www.openstreetmap.org/node/4944084523,-0.2,
cua-hang-bun-cha-34,hoan-kiem,food,candidate,ok,,restaurant,,,Cửa Hàng Bún Chả 34,,21.041312,105.84723,amenity=restaurant,34 Phố Hàng Than,Mo-Su 08:30-17:00,,,,,,,https://www.openstreetmap.org/node/5609443523,-0.2,
aha,hoan-kiem,food,candidate,ok,,cafe,,,Aha,,21.030315,105.8507,amenity=cafe,,,,,,,,,https://www.openstreetmap.org/node/10120064768,-0.2,
midori-house,hoan-kiem,food,candidate,ok,,restaurant,salad,,Midori House,,21.0098,105.850116,amenity=restaurant,20 Phố Lê Đại Hành,,https://midorihouse.vn,,,,,,https://www.openstreetmap.org/node/11672848992,-0.2,
umoya-liquid,hoan-kiem,food,candidate,ok,,cafe,,,Umoya.liquid,,21.045572,105.842594,amenity=cafe,23 Phố Châu Long,Mo-Su 09:00-22:00,,,,,,,https://www.openstreetmap.org/node/13947176204,-0.2,
ca-phe-runam,hoan-kiem,food,candidate,ok,,cafe,,,Cà Phê Runam,,21.029132,105.849947,amenity=cafe,,,,,,,,,https://www.openstreetmap.org/node/4683465390,-0.21,
ca-phe-affett,hoan-kiem,food,candidate,ok,,cafe,,,Cà Phê Affett,,21.029824,105.850279,amenity=cafe,71b4 Phố Hàng Trống,,,,,,,,https://www.openstreetmap.org/node/6914357685,-0.21,
panzerotti-hn,hoan-kiem,food,candidate,ok,,restaurant,italian,,Panzerotti.hn,,21.045714,105.842619,amenity=restaurant,13a Phố Châu Long,Mo-Su 11:00-22:00,,,,,,,https://www.openstreetmap.org/node/12230186584,-0.21,
nha-hang-mediterraneo,hoan-kiem,food,candidate,ok,,restaurant,,,Nhà Hàng Mediterraneo,,21.028895,105.849878,amenity=restaurant,,,,,,,,,https://www.openstreetmap.org/node/723671523,-0.22,
banh-cuon-gia-truyen-thanh-van-0419,hoan-kiem,food,candidate,ok,,restaurant,vietnamese,,Bánh cuốn gia truyền Thanh Vân,,21.015305,105.849811,amenity=restaurant,48 Phố Tuệ Tĩnh,,,,,,,,https://www.openstreetmap.org/node/11591740419,-0.22,
kem-thuy-ta,hoan-kiem,food,candidate,ok,,cafe,,,Kem Thủy Tạ,,21.030935,105.851115,amenity=ice_cream,,,,,,,,,https://www.openstreetmap.org/way/1220183632,-0.22,
nha-hang-8393-hanoi,hoan-kiem,food,candidate,ok,,restaurant,,,Nhà Hàng 8393 Hanoi,,21.030529,105.850426,amenity=restaurant,,,,,,,,,https://www.openstreetmap.org/node/4780440024,-0.23,
nha-hang-kaiba-sushi,hoan-kiem,food,candidate,ok,,restaurant,"sushi, japanese",,Nhà Hàng Kaiba Sushi,,21.021189,105.85565,amenity=restaurant,16 Phố Phan Chu Trinh,,,,,,,,https://www.openstreetmap.org/node/6656456339,-0.23,
refined,hoan-kiem,food,candidate,ok,,cafe,coffee_shop,,Refined,,21.029087,105.849746,amenity=cafe,17 Phố Nhà Thờ,,,,,,,,https://www.openstreetmap.org/node/13617118603,-0.23,
b-ross-brewery-bross-taproom,hoan-kiem,food,candidate,adult,alcohol / 18+,bar,,,B'Ross Brewery Bross Taproom,,21.030483,105.850381,amenity=pub,,,,,,,,,https://www.openstreetmap.org/node/13744465701,-0.23,
quan-nhau-tu-do,hoan-kiem,food,candidate,ok,,restaurant,,,Quán Nhậu Tự Do,,21.00943,105.850531,amenity=restaurant,8 Phố Lê Đại Hành,Mo-Su 09:00-24:00,https://quannhautudo.com/,,,,,,https://www.openstreetmap.org/way/1255503501,-0.23,
raw-juicery,hoan-kiem,food,candidate,ok,,cafe,,,Raw Juicery,,21.029037,105.849645,amenity=cafe,,,,,,,,,https://www.openstreetmap.org/node/4328960193,-0.24,
nha-hang-chay-aumee,hoan-kiem,food,candidate,ok,,restaurant,,,Nhà Hàng Chay Aumee,,21.046021,105.842596,amenity=restaurant,26 Phố Châu Long,Mo-Su 10:00-21:30,https://aummee.com/,,,,,,https://www.openstreetmap.org/node/4460198090,-0.24,
ca-phe-j-adore,hoan-kiem,food,candidate,ok,,cafe,,,Cà Phê J'Adore,,21.031166,105.853907,amenity=cafe,,,,,,,,,https://www.openstreetmap.org/node/4485441589,-0.24,
ca-phe-e-paso,hoan-kiem,food,candidate,ok,,cafe,,,Cà Phê E-Paso,,21.029042,105.849586,amenity=cafe,,,,,,,,,https://www.openstreetmap.org/node/6480695787,-0.24,
ca-phe-tra-chanh,hoan-kiem,food,candidate,ok,,cafe,,,Cà Phê Trà Chanh,,21.029029,105.849619,amenity=cafe,26 Phố Nhà Thờ,,,,,,,,https://www.openstreetmap.org/node/6480695791,-0.24,
ca-phe-hanoi-house,hoan-kiem,food,candidate,ok,,cafe,,,Cà Phê Hanoi House,,21.029155,105.849521,amenity=cafe,2/F 47a Phố Lý Quốc Sư,,,,,,,,https://www.openstreetmap.org/node/4301927190,-0.25,
cua-hang-banh-mi-pho,hoan-kiem,food,candidate,ok,,street_food,,,Cửa Hàng Bánh Mì Phố,,21.031431,105.853467,amenity=fast_food,,,,,,,,,https://www.openstreetmap.org/node/7043719985,-0.25,
yu-tang,hoan-kiem,food,candidate,ok,,restaurant,,,Yu Tang,,21.031132,105.85078,amenity=restaurant,6 Phố Lê Thái Tổ,,,,,,,,https://www.openstreetmap.org/node/10120064773,-0.25,
mixue-1669,hoan-kiem,food,candidate,ok,,cafe,"ice_cream, bubble_tea",Mixue Ice Cream & Tea,Mixue,Mixue,21.037201,105.85198,amenity=cafe,,,,,,,,,https://www.openstreetmap.org/node/11832141669,-0.25,
bun-dau-met-tuan-troc,hoan-kiem,food,candidate,ok,,restaurant,vietnamese,,Bún Đậu Mẹt Tuấn Trọc,,21.041391,105.845743,amenity=restaurant,23 Phố Phan Huy Ích,,,,,,,,https://www.openstreetmap.org/node/12659367887,-0.25,
the-balcony,hoan-kiem,food,candidate,ok,,cafe,,,The Balcony,,21.031385,105.850922,amenity=cafe,4 Phố Lê Thái Tổ,,,,,,,,https://www.openstreetmap.org/node/4485547089,-0.26,
nha-hang-kieu-gia,hoan-kiem,food,candidate,ok,,restaurant,,,Nhà Hàng Kiếu Gia,,21.029491,105.861614,amenity=restaurant,46 Chương Đương Độ,,,,,,,,https://www.openstreetmap.org/node/4750266796,-0.26,
ca-phe-liah-s,hoan-kiem,food,candidate,ok,,cafe,,,Cà Phê Liah's,,21.028705,105.849398,amenity=cafe,,,,,,,,,https://www.openstreetmap.org/node/6046688530,-0.26,
hidden-alley,hoan-kiem,food,candidate,ok,,cafe,,,Hidden Alley,,21.030791,105.850267,amenity=cafe,9B Ngõ Bảo Khánh,,,,,,,,https://www.openstreetmap.org/node/6490182686,-0.26,
cong-caphe-1385,hoan-kiem,food,candidate,ok,,cafe,"coffee_shop, vietnamese",Cộng Cà Phê,Cộng Cà Phê,Cong Caphe,21.021402,105.857147,amenity=cafe,Phố Lý Thường Kiệt,,,,,,,,https://www.openstreetmap.org/node/7099271385,-0.26,
ca-phe-helio,hoan-kiem,food,candidate,ok,,cafe,,,Cà Phê Helio,,21.031628,105.853383,amenity=cafe,,,,,,,,,https://www.openstreetmap.org/node/7178813096,-0.26,
giao-mua-coffee,hoan-kiem,food,candidate,ok,,cafe,,,Giao Mua Coffee,,21.031374,105.85394,amenity=cafe,77 Phố Lò Sũ,,,,,,,,https://www.openstreetmap.org/node/12076522969,-0.26,
manzi-art-space-and-cafe,hoan-kiem,food,candidate,ok,,cafe,coffee_shop,,Manzi Art Space and Cafe,,21.041488,105.84559,amenity=cafe,14 Phan Huy Ích,Mo-Su 08:00-19:00,https://www.manziart.space/,,,,,,https://www.openstreetmap.org/node/3575190009,-0.27,
ca-phe-canopee,hoan-kiem,food,candidate,ok,,cafe,,,Cà Phê Canopee,,21.030395,105.849672,amenity=cafe,,,,,,,,,https://www.openstreetmap.org/node/4150312989,-0.27,
quang-minh,hoan-kiem,food,candidate,ok,,restaurant,,,quang minh,,21.026779,105.850152,amenity=restaurant,2c Phố Quang Trung,,,,,,,,https://www.openstreetmap.org/node/4774193722,-0.27,
quan-goc-da,hoan-kiem,food,candidate,ok,,restaurant,,,Quán Goc Da,,21.029304,105.849296,amenity=restaurant,,,,,,,,,https://www.openstreetmap.org/node/4944084524,-0.27,
vivienne,hoan-kiem,food,candidate,ok,,restaurant,"international, pizza, asian",,Vivienne,,21.029158,105.84926,amenity=restaurant,,,,,,,,,https://www.openstreetmap.org/node/6255746085,-0.27,
ca-phe-kalina,hoan-kiem,food,candidate,ok,,cafe,,,Cà Phê Kalina,,21.025867,105.851535,amenity=cafe,2 Phố Bà Triệu,,,,,,,,https://www.openstreetmap.org/node/7176657654,-0.27,
tocotoco,hoan-kiem,food,candidate,ok,,cafe,,,Tocotoco,,21.036715,105.848755,amenity=cafe,31 Phố Hàng Mã,,,,,,,,https://www.openstreetmap.org/node/12064276069,-0.27,
ca-phe-la-place,hoan-kiem,food,candidate,ok,,cafe,coffee_shop,,Cà Phê La Place,,21.029128,105.849202,amenity=cafe,,,,,,,,,https://www.openstreetmap.org/node/4516705495,-0.28,
quan-bun-dau-viet,hoan-kiem,food,candidate,ok,,restaurant,,,Quán Bún Đậu Việt,,21.025721,105.852173,amenity=restaurant,,,,,,,,,https://www.openstreetmap.org/node/9252326518,-0.28,
quan-gocda,hoan-kiem,food,candidate,ok,,street_food,,,Quan Gocda,,21.029568,105.849247,amenity=fast_food,,,,,,,,,https://www.openstreetmap.org/node/12555926213,-0.28,
ha-noi-homebrew-local-craft-beer,hoan-kiem,food,candidate,adult,alcohol / 18+,bar,,,Ha Noi HomeBrew - Local Craft Beer,,21.031518,105.854307,amenity=pub,,,,,,,,,https://www.openstreetmap.org/node/13744133901,-0.28,
peachy-craft-beer-coffee,hoan-kiem,food,candidate,adult,alcohol / 18+,bar,,,Peachy Craft Beer & Coffee,,21.031948,105.852759,amenity=pub,,,,,,,,,https://www.openstreetmap.org/node/13744150701,-0.28,
ca-phe-apple-tart,hoan-kiem,food,candidate,ok,,cafe,,,Cà Phê Apple Tart,,21.03116,105.850155,amenity=cafe,Hàng Hành,,,,,,,,https://www.openstreetmap.org/node/4240313697,-0.29,
cua-hang-banh-goi,hoan-kiem,food,candidate,ok,,restaurant,,,Cửa Hàng Bánh Gối,,21.0297,105.84917,amenity=restaurant,,,,,,,,,https://www.openstreetmap.org/node/4296008295,-0.29,
ca-phe-loft-stop,hoan-kiem,food,candidate,ok,,cafe,,,Cà Phê Loft Stop,,21.031185,105.850132,amenity=cafe,,,,,,,,,https://www.openstreetmap.org/node/4456468089,-0.29,
the-note-coffee,hoan-kiem,food,candidate,ok,,cafe,"cake, coffee_shop",,The Note Coffee,,21.031621,105.850845,amenity=cafe,64 Phố Lương Văn Can,,,,,,,,https://www.openstreetmap.org/node/4486254298,-0.29,
nha-hang-hanoi-tan-tan,hoan-kiem,food,candidate,ok,,restaurant,,,Nhà Hàng Hanoi Tan Tan,,21.025506,105.852525,amenity=restaurant,,,,,,,,,https://www.openstreetmap.org/node/5309704611,-0.29,
bun-cha-nem-cua-be-5785,hoan-kiem,food,candidate,ok,,street_food,,,Bún Chả - Nem Cua Bê,,21.031312,105.854793,amenity=fast_food,,,,,,,,,https://www.openstreetmap.org/node/7090725785,-0.29,
ca-phe-lofita,hoan-kiem,food,candidate,ok,,cafe,,,Cà Phê Lofita,,21.029034,105.848986,amenity=cafe,Phố Ấu Triệu,,,,,,,,https://www.openstreetmap.org/node/7176660014,-0.29,
nha-hang-la-chapelle,hoan-kiem,food,candidate,ok,,restaurant,,,Nhà Hàng La Chapelle,,21.029031,105.848979,amenity=restaurant,12-14 Phố Ấu Triệu,,,,,,,,https://www.openstreetmap.org/node/7176669037,-0.29,
bamichao,hoan-kiem,food,candidate,ok,,street_food,,,Bamichao,,21.037641,105.851909,amenity=fast_food,1,,,,,,,,https://www.openstreetmap.org/node/11655341876,-0.29,
nem-nuong-nha-trang-que-hoa,hoan-kiem,food,candidate,ok,,restaurant,,,Nem Nướng Nha Trang Quế Hoa,,21.032009,105.85324,amenity=restaurant,Phố Hồ Hoàn Kiếm,,,,,,,,https://www.openstreetmap.org/node/13338530701,-0.29,
bun-dau,hoan-kiem,food,candidate,ok,,restaurant,,,Bun Dau,,21.025559,105.852221,amenity=restaurant,27B Phố Hàng Khay,,,,,,,,https://www.openstreetmap.org/node/14054774703,-0.29,
thai-village,hoan-kiem,food,candidate,ok,,restaurant,thai,,Thai Village,,21.032008,105.851213,amenity=restaurant,3B Phố Lê Thái Tổ,,,,,,,,https://www.openstreetmap.org/node/963611886,-0.3,
cama-atk,hoan-kiem,food,candidate,adult,alcohol / 18+,bar,,,Cama ATK,,21.014241,105.851195,amenity=bar,Phố Mai Hắc Đế,,http://www.cama-atk.com,,,,,,https://www.openstreetmap.org/node/4125653866,-0.3,
pinky-moon,hoan-kiem,food,candidate,adult,alcohol / 18+,bar,,,Pinky Moon,,21.031439,105.850226,amenity=bar,,,,,,,,,https://www.openstreetmap.org/node/4424369790,-0.3,
ca-phe-l-etage,hoan-kiem,food,candidate,ok,,cafe,,,Cà Phê L'étage,,21.025481,105.852819,amenity=cafe,,,,,,,,,https://www.openstreetmap.org/node/4485546292,-0.3,
nha-hang-chusa,hoan-kiem,food,candidate,ok,,restaurant,,,Nhà Hàng Chusa,,21.028967,105.848851,amenity=restaurant,Phố Ấu Triệu,,,,,,,,https://www.openstreetmap.org/node/6873081198,-0.3,
ca-phe-leetee,hoan-kiem,food,candidate,ok,,cafe,,,Cà Phê Leetee,,21.032174,105.852217,amenity=cafe,,,,,,,,,https://www.openstreetmap.org/node/7176894910,-0.3,
sua-chua-tran-chau-ha-long-5445,hoan-kiem,food,candidate,ok,,street_food,juice,,Sữa chua trân châu Hạ Long,,21.02953,105.83686,amenity=fast_food,11 Phố Văn Miếu,"Mo-Su,PH 07:00-22:00",,,,,,,https://www.openstreetmap.org/node/8736185445,-0.3,
lam-cafe,hoan-kiem,food,candidate,ok,,cafe,,,Lam Café,,21.031562,105.854657,amenity=cafe,95,,,,,,,,https://www.openstreetmap.org/node/9931538819,-0.3,
bread-factory,hoan-kiem,food,candidate,ok,,cafe,cake,,BREAD FACTORY,,21.025455,105.852889,amenity=cafe,,,,,,,,,https://www.openstreetmap.org/node/12151158201,-0.3,
long-vi-dung-gia-truyen,hoan-kiem,food,candidate,ok,,street_food,,,Long Vi Dung - Gia Truyen,,21.032121,105.853238,amenity=fast_food,,,,,,,,,https://www.openstreetmap.org/node/13266767124,-0.3,
quan-bar-le-petit-bruxelles,hoan-kiem,food,candidate,adult,alcohol / 18+,bar,,,Quán Bar Le Petit Bruxelles,,21.030183,105.84909,amenity=bar,,,,,,,,,https://www.openstreetmap.org/node/5455622566,-0.31,
smile-coffee,hoan-kiem,food,candidate,ok,,cafe,,,Smile coffee,,21.03232,105.852309,amenity=cafe,Phố Cầu Gỗ,,,,,,,,https://www.openstreetmap.org/node/5838270900,-0.31,
the-little-hanoi-caffe-and-tea,hoan-kiem,food,candidate,ok,,cafe,"tea, cake, irish, coffee_shop",,The Little Hanoi Caffe and tea,,21.030924,105.849502,amenity=cafe,19 Hàng Trống,,,,,,,,https://www.openstreetmap.org/node/6402581685,-0.31,
la-viet-coffee,hoan-kiem,food,candidate,ok,,cafe,coffee_shop,,Là Việt Coffee,,21.041883,105.845327,amenity=cafe,3 Ngõ Hàng Bún,Mo-Su 07:00-22:00,,,,,,,https://www.openstreetmap.org/node/11832123091,-0.31,
cafe-mai-huong,hoan-kiem,food,candidate,ok,,cafe,coffee_shop,,Café Mai Hương,,21.028916,105.856179,amenity=cafe,,,,,,,,,https://www.openstreetmap.org/way/1234095161,-0.31,
sago,hoan-kiem,food,candidate,adult,alcohol / 18+,bar,,,Sago,,21.032329,105.852043,amenity=bar,Phố Cầu Gỗ,,,,,,,,https://www.openstreetmap.org/node/977668070,-0.32,
ca-phe-ufs,hoan-kiem,food,candidate,adult,alcohol / 18+,bar,,,Cà Phê Œufs,,21.032223,105.851166,amenity=bar,,,,,,,,,https://www.openstreetmap.org/node/4455938190,-0.32,
ca-phe-conifer,hoan-kiem,food,candidate,ok,,cafe,,,Cà Phê Conifer,,21.032349,105.851968,amenity=cafe,,,,,,,,,https://www.openstreetmap.org/node/5757794021,-0.32,
nha-dau-coffee,hoan-kiem,food,candidate,ok,,cafe,,,Nha Đấu Coffee,,21.032233,105.853777,amenity=cafe,,,,,,,,,https://www.openstreetmap.org/node/9931482773,-0.32,
pho-ha-noi,hoan-kiem,food,candidate,ok,,restaurant,noodle,,Phở hà nội,,21.025324,105.851692,amenity=restaurant,11 Phố Bà Triệu,,,,,,,,https://www.openstreetmap.org/node/10298717234,-0.32,
moo-coffee,hoan-kiem,food,candidate,ok,,cafe,,,Moo Coffee,,21.031287,105.855254,amenity=cafe,,,,,,,,,https://www.openstreetmap.org/node/12155433304,-0.32,
hem-vegan,hoan-kiem,food,candidate,ok,,restaurant,,,Hẻm Vegan,,21.032347,105.853413,amenity=restaurant,,,,,,,,,https://www.openstreetmap.org/node/13439745601,-0.32,
c-brewmaster-x-the-brewtique-craft-beer,hoan-kiem,food,candidate,adult,alcohol / 18+,bar,,,C-Brewmaster x The Brewtique Craft Beer,,21.031835,105.854616,amenity=pub,,,,,,,,,https://www.openstreetmap.org/node/13745856602,-0.32,
nha-hang-little-hanoi,hoan-kiem,food,candidate,ok,,restaurant,,,Nhà Hàng Little Hanoi,,21.03219,105.850937,amenity=restaurant,21 Phố Hàng Gai,,,,,,,,https://www.openstreetmap.org/node/721788305,-0.33,
cafe-pho-co,hoan-kiem,food,candidate,ok,,cafe,"coffee_shop, crepe, vietnamese",,Cafè Phố Cổ,,21.032236,105.851068,amenity=cafe,11 Phố Hàng Gai,,,,,,,,https://www.openstreetmap.org/node/5004266348,-0.33,
ca-phe-dream-beans,hoan-kiem,food,candidate,ok,,cafe,,,Cà Phê Dream Beans,,21.029087,105.848576,amenity=cafe,22 Thọ Xương,,,,,,,,https://www.openstreetmap.org/node/6112241785,-0.33,
ca-phe-mayfaire,hoan-kiem,food,candidate,ok,,cafe,,,Cà Phê Mayfaire,,21.025594,105.854441,amenity=cafe,,,,,,,,,https://www.openstreetmap.org/node/6385048454,-0.33,
nha-hang-gia-dinh-au-lac,hoan-kiem,food,candidate,ok,,restaurant,,,Nhà Hàng Gia Đình Âu Lạc,,21.029487,105.848628,amenity=restaurant,,,,,,,,,https://www.openstreetmap.org/node/7673780895,-0.33,
dream-catchers,hoan-kiem,food,candidate,ok,,restaurant,"american, asian",,Dream catchers,,21.028975,105.848518,amenity=restaurant,,,,,,,,,https://www.openstreetmap.org/node/12106756164,-0.33,
banh-mi-33,hoan-kiem,food,candidate,ok,,street_food,,,Bánh mì 33,,21.032424,105.851842,amenity=fast_food,,,,,,,,,https://www.openstreetmap.org/node/13413376902,-0.33,
ca-phe-mvtts,hoan-kiem,food,candidate,ok,,cafe,,,Cà Phê MVTTS,,21.028499,105.848419,amenity=cafe,5 Nhà Thờ,,,,,,,,https://www.openstreetmap.org/node/1308439468,-0.34,
colette,hoan-kiem,food,candidate,ok,,restaurant,french,,Colette,,21.031367,105.855593,amenity=restaurant,,,,,,,,,https://www.openstreetmap.org/node/10222614647,-0.34,
ca-phe-lam,hoan-kiem,food,candidate,ok,,cafe,,,Cà Phê Lam,,21.032182,105.854499,amenity=cafe,,,,,,,,,https://www.openstreetmap.org/node/11481532729,-0.34,
rue-lamblot,hoan-kiem,food,candidate,ok,,restaurant,,,Rue Lamblot,,21.030621,105.848774,amenity=restaurant,6 Phố Lý Quốc Sư,,,,,,,,https://www.openstreetmap.org/node/4176320992,-0.35,
nha-hang-lotus-blanc,hoan-kiem,food,candidate,ok,,restaurant,,,Nhà Hàng Lotus Blanc,,21.030607,105.848745,amenity=restaurant,2 Phố Chân Cầm,,,,,,,,https://www.openstreetmap.org/node/4193558991,-0.35,
banh-xeo-zon,hoan-kiem,food,candidate,ok,,restaurant,,,Bánh Xèo Zòn,,21.031202,105.855777,amenity=restaurant,,,,,,,,,https://www.openstreetmap.org/node/4264066489,-0.35,
quan-bar-la-bomba-latina,hoan-kiem,food,candidate,adult,alcohol / 18+,bar,,,Quán Bar La Bomba Latina,,21.02943,105.848348,amenity=bar,46 Ngõ Huyện,,,,,,,,https://www.openstreetmap.org/node/4547730290,-0.35,
hanh-rieu-cua-oc,hoan-kiem,food,candidate,ok,,restaurant,,,Hạnh Riêu Cua Ốc,,21.030776,105.848872,amenity=restaurant,7 Phố Lý Quốc Sư,,,,,,,,https://www.openstreetmap.org/node/6094494886,-0.35,
pablo-coffee,hoan-kiem,food,candidate,ok,,cafe,,,Pablo Coffee,,21.032471,105.850831,amenity=cafe,,,,,,,,,https://www.openstreetmap.org/node/7170633138,-0.35,
attic,hoan-kiem,food,candidate,adult,alcohol / 18+,bar,,,Attic,,21.025372,105.854617,amenity=bar,,,,,,,,,https://www.openstreetmap.org/node/9931502585,-0.35,
a-good-day,hoan-kiem,food,candidate,ok,,cafe,"coffee_shop, tea",,A Good Day,,21.025445,105.85462,amenity=cafe,,,,,,,,,https://www.openstreetmap.org/node/11869288169,-0.35,
nha-hang-gecko,hoan-kiem,food,candidate,ok,,restaurant,,,Nhà Hàng Gecko,,21.031452,105.849185,amenity=restaurant,,,,,,,,,https://www.openstreetmap.org/node/4158540590,-0.36,
nha-hang-green-tangerine,hoan-kiem,food,candidate,ok,,restaurant,,,Nhà Hàng Green Tangerine,,21.032687,105.853758,amenity=restaurant,,,,,,,,,https://www.openstreetmap.org/node/4178588390,-0.36,
khach-san-haneul,hoan-kiem,food,candidate,ok,,restaurant,korean,,Khách Sạn Haneul,,21.014083,105.847949,amenity=restaurant,11a Thể Giao,09:00-23:00,,,,,,,https://www.openstreetmap.org/node/4205271789,-0.36,
the-hut,hoan-kiem,food,candidate,adult,alcohol / 18+,bar,,,The Hut,,21.03074,105.848712,amenity=bar,,,,,,,,,https://www.openstreetmap.org/node/4502649692,-0.36,
vuvuzela,hoan-kiem,food,candidate,ok,,restaurant,,,Vuvuzela,,21.026657,105.848774,amenity=restaurant,,,,,,,,,https://www.openstreetmap.org/node/4740988545,-0.36,
ca-phe-alo,hoan-kiem,food,candidate,ok,,cafe,,,Cà Phê Alo,,21.028946,105.856799,amenity=cafe,8 Phố Ngô Quyền,,,,,,,,https://www.openstreetmap.org/node/4759123029,-0.36,
cua-hang-mihimihi,hoan-kiem,food,candidate,ok,,restaurant,,,Cửa Hàng Mihimihi,,21.031096,105.848943,amenity=restaurant,,,,,,,,,https://www.openstreetmap.org/node/6402570088,-0.36,
aha-cafe,hoan-kiem,food,candidate,ok,,cafe,coffee_shop,,Aha Cafe,,21.013614,105.850527,amenity=cafe,26 Phố Tô Hiến Thành,,https://ahacafe.vn/,,,,,,https://www.openstreetmap.org/node/11625397940,-0.36,
king-roti,hoan-kiem,food,candidate,ok,,restaurant,,,King Roti,,21.032434,105.850578,amenity=restaurant,,,,,,,,,https://www.openstreetmap.org/node/12343630750,-0.36,
trang-anh,hoan-kiem,food,candidate,ok,,cafe,,,Trang Anh,,21.03299,105.852831,amenity=cafe,,,,,,,,,https://www.openstreetmap.org/node/970139638,-0.37,
nha-hang-duy-le-malraux,hoan-kiem,food,candidate,ok,,restaurant,,,Nhà Hàng Duy Lê Malraux,,21.031339,105.848948,amenity=restaurant,2 Phố Hàng Bông,,,,,,,,https://www.openstreetmap.org/node/977647355,-0.37,
cua-hang-bia-minh,hoan-kiem,food,candidate,ok,,restaurant,,,Cửa Hàng Bia Minh,,21.032923,105.851848,amenity=restaurant,7a Đinh Liệt,,,,,,,,https://www.openstreetmap.org/node/4748084125,-0.37,
nha-hang-le-beaulieu,hoan-kiem,food,candidate,ok,,restaurant,,,Nhà Hàng Le Beaulieu,,21.025942,105.855744,amenity=restaurant,,,,,,,,,https://www.openstreetmap.org/node/6053037215,-0.37,
ca-phe-nha-hang-downtown,hoan-kiem,food,candidate,ok,,restaurant,,,Cà Phê & Nhà Hàng Downtown,,21.032989,105.852924,amenity=restaurant,17-19 Gia Ngư,,,,,,,,https://www.openstreetmap.org/node/6176888285,-0.37,
quinza-15a-ngoc-thuy,hoan-kiem,food,candidate,ok,,restaurant,"italian_pizza, savory_pancakes, chicken, crepe, diner, tapas, fish_and_chips, italian, sandwich, sausage, ice_cream, barbecue, pizza, burger, cake, pasta, french, grill",,Quinza - 15A Ngoc Thuy,,21.046322,105.864989,amenity=restaurant,15A Ngọc Thụy,Tu-Su 11:00-22:00,,,,,,,https://www.openstreetmap.org/node/7231903687,-0.37,
le-faubourg,hoan-kiem,food,candidate,ok,,cafe,coffee_shop,,Le Faubourg,,21.025384,105.855089,amenity=cafe,14 Phố Ngô Quyền,,,,,,,,https://www.openstreetmap.org/node/11449243270,-0.37,
nha-hang-gia-ngu,hoan-kiem,food,candidate,ok,,restaurant,,,Nhà Hàng Gia Ngu,,21.033104,105.852529,amenity=restaurant,Gia Ngư,,,,,,,,https://www.openstreetmap.org/node/4242831484,-0.38,
timeline,hoan-kiem,food,candidate,ok,,cafe,,,Timeline,,21.033012,105.852021,amenity=cafe,,,,,,,,,https://www.openstreetmap.org/node/4381861689,-0.38,
nha-hang-net-hue,hoan-kiem,food,candidate,ok,,restaurant,,,Nhà Hàng Nét Huế,,21.032707,105.854384,amenity=restaurant,,,,,,,,,https://www.openstreetmap.org/node/4800023939,-0.38,
ca-phe-co-hoa-com,hoan-kiem,food,candidate,ok,,cafe,,,Cà Phê Cô Hoa Cơm,,21.028952,105.857122,amenity=cafe,1c Phố Tông Đản,,,,,,,,https://www.openstreetmap.org/node/4914175221,-0.38,
swensons,hoan-kiem,food,candidate,ok,,cafe,,,Swensons,,21.032915,105.853762,amenity=ice_cream,,,,,,,,,https://www.openstreetmap.org/node/5066631522,-0.38,
banh-cuon-ba-hoanh,hoan-kiem,food,candidate,ok,,street_food,vietnamese,,Bánh Cuốn Bà Hoanh,,21.013543,105.849564,amenity=fast_food,66 Phố Tô Hiến Thành,,,,,,,,https://www.openstreetmap.org/node/5384962122,-0.38,
nha-hang-96,hoan-kiem,food,candidate,ok,,restaurant,,,Nhà Hàng 96,,21.033105,105.852437,amenity=restaurant,,,,,,,,,https://www.openstreetmap.org/node/6187334685,-0.38,
the-coffee,hoan-kiem,food,candidate,ok,,cafe,,,The Coffee,,21.028326,105.85704,amenity=cafe,,,,,,,,,https://www.openstreetmap.org/node/7162755064,-0.38,
ho-lo,hoan-kiem,food,candidate,ok,,cafe,,,Ho Lo,,21.033033,105.851866,amenity=ice_cream,,,,,,,,,https://www.openstreetmap.org/node/9671666164,-0.38,
chat-coffee-drinks,hoan-kiem,food,candidate,ok,,cafe,,,Chất Coffee & Drinks,,21.031159,105.84871,amenity=cafe,,,,,,,,,https://www.openstreetmap.org/node/9931533820,-0.38,
katze,hoan-kiem,food,candidate,ok,,restaurant,,,Katze,,21.03282,105.85388,amenity=restaurant,,,,,,,,,https://www.openstreetmap.org/node/12402867901,-0.38,
ca-phe-1988,hoan-kiem,food,candidate,ok,,cafe,,,Cà Phê 1988,,21.029127,105.84787,amenity=cafe,Ngõ Huyện,,,,,,,,https://www.openstreetmap.org/node/6393817286,-0.39,
nha-hang-khazaana-indian,hoan-kiem,food,candidate,ok,,restaurant,,,Nhà Hàng Khazaana Indian,,21.028674,105.857296,amenity=restaurant,,,,,,,,,https://www.openstreetmap.org/node/721906718,-0.4,
ca-phe-an,hoan-kiem,food,candidate,ok,,cafe,"sandwich, coffee_shop, tea, vietnamese, ice_cream",,Cà Phê An,,21.029833,105.847864,amenity=cafe,,,,,,,,,https://www.openstreetmap.org/node/7019049229,-0.4,
chayfood,hoan-kiem,food,candidate,ok,,restaurant,,,Chayfood,,21.032963,105.854424,amenity=restaurant,,,,,,,,,https://www.openstreetmap.org/node/10826886505,-0.4,
lam-dien,hoan-kiem,food,candidate,ok,,restaurant,,,Lam Diên,,21.028369,105.857251,amenity=restaurant,,,,,,,,,https://www.openstreetmap.org/node/13276630905,-0.4,
nha-hang-garden-house,hoan-kiem,food,candidate,ok,,restaurant,"vietnamese, burger",,Nhà Hàng Garden House,,21.033197,105.853923,amenity=restaurant,,,,,,,,,https://www.openstreetmap.org/node/5491288621,-0.41,
coffee-golf-gach,hoan-kiem,food,candidate,ok,,cafe,coffee_shop,,Coffee Golf Gach,,21.030637,105.841745,amenity=cafe,38 Phố Trần Phú,,,,,,,,https://www.openstreetmap.org/node/10048501032,-0.41,
aha-cafe-7105,hoan-kiem,food,candidate,ok,,cafe,,,aha Cafe,,21.027113,105.847882,amenity=cafe,,,,,,,,,https://www.openstreetmap.org/node/12533367105,-0.41,
isushi,hoan-kiem,food,candidate,ok,,restaurant,japanese,,iSushi,,21.013085,105.850246,amenity=restaurant,158 Phố Triệu Việt Vương,,https://isushi.com.vn/,,,,,,https://www.openstreetmap.org/way/1234955616,-0.41,
gogi-house,hoan-kiem,food,candidate,ok,,restaurant,korean,,Gogi House,,21.013113,105.850028,amenity=restaurant,151 Phố Bùi Thị Xuân,Mo-Su 09:00-22:00,https://gogi.com.vn/,,,,,,https://www.openstreetmap.org/way/1234955627,-0.41,
quan-bar-bamboo,hoan-kiem,food,candidate,adult,alcohol / 18+,bar,,,Quán Bar Bamboo,,21.025727,105.856302,amenity=bar,60 Phố Lý Thái Tổ,,,,,,,,https://www.openstreetmap.org/node/2313983420,-0.42,
tiem-banh-mi,hoan-kiem,food,candidate,ok,,restaurant,,,tiem banh mi,,21.024822,105.855295,amenity=restaurant,,,,,,,,,https://www.openstreetmap.org/node/5288964825,-0.42,
com-chay-tu-hao,hoan-kiem,food,candidate,ok,,restaurant,,,Cơm Chay Tú Hảo,,21.024272,105.854127,amenity=restaurant,,,,,,,,,https://www.openstreetmap.org/node/5388603121,-0.42,
pho-ga-nguyet,hoan-kiem,food,candidate,ok,,restaurant,,,Pho Ga Nguyet,,21.030291,105.847648,amenity=restaurant,5 Phố Phủ Doãn,,,,,,,,https://www.openstreetmap.org/node/5920353327,-0.42,
ca-phe-brother-s,hoan-kiem,food,candidate,ok,,cafe,,,Cà Phê Brother's,,21.028891,105.841435,amenity=cafe,26 Phố Nguyễn Thái Học,,,,,,,,https://www.openstreetmap.org/node/6361078887,-0.42,
the-sipping-bar,hoan-kiem,food,candidate,ok,,cafe,coffee_shop,,The Sipping Bar,,21.008409,105.844919,amenity=cafe,Đường Đại Cồ Việt,Mo-Su 09:00-21:30,,,,,,,https://www.openstreetmap.org/node/9669902669,-0.42,
sua-chua-thach-la-nep,hoan-kiem,food,candidate,ok,,street_food,,,Sữa chua thạch lá nếp,,21.033451,105.852023,amenity=fast_food,,,,,,,,,https://www.openstreetmap.org/node/10669108706,-0.42,
caffe-italia,hoan-kiem,food,candidate,ok,,cafe,coffee_shop,,Caffè Italia,,21.026094,105.856701,amenity=cafe,18 Phố Lê Phụng Hiểu,,,,,,,,https://www.openstreetmap.org/node/11449677581,-0.42,
cafe-muoi,hoan-kiem,food,candidate,ok,,cafe,coffee_shop,,Cafe Muối,,21.02744,105.857302,amenity=cafe,12 Phố Tông Đản,,,,,,,,https://www.openstreetmap.org/way/1233838152,-0.42,
nha-hang-green-mango,hoan-kiem,food,candidate,ok,,restaurant,,,Nhà Hàng Green Mango,,21.032964,105.849817,amenity=restaurant,18 Hàng Quạt,,,,,,,,https://www.openstreetmap.org/node/998227583,-0.43,
al-fresco-s,hoan-kiem,food,candidate,ok,,restaurant,american,,Al Fresco's,,21.024047,105.85323,amenity=restaurant,,,,,,,,,https://www.openstreetmap.org/node/4659379693,-0.43,
ca-phe-34,hoan-kiem,food,candidate,ok,,cafe,,,Cà Phê 34,,21.033102,105.850181,amenity=cafe,Lương Văn Can,,,,,,,,https://www.openstreetmap.org/node/5183252822,-0.43,
ca-phe-kafa,hoan-kiem,food,candidate,ok,,cafe,,,Cà Phê Kafa,,21.032704,105.855536,amenity=cafe,15 Phố Hàng Tre,,,,,,,,https://www.openstreetmap.org/node/5729394302,-0.43,
tokyo-deli,hoan-kiem,food,candidate,ok,,restaurant,,,Tokyo deli,,21.02456,105.854909,amenity=restaurant,18 Phố Ngô Quyền,,,,,,,,https://www.openstreetmap.org/node/6924038649,-0.43,
mixue-5369,hoan-kiem,food,candidate,ok,,cafe,"ice_cream, bubble_tea",Mixue Ice Cream & Tea,Mixue,Mixue,21.038507,105.848381,amenity=cafe,,,,,,,,,https://www.openstreetmap.org/node/11830565369,-0.43,
bep-chai-hue-nhien,hoan-kiem,food,candidate,ok,,restaurant,,,Bep Chai Hue Nhien,,21.032592,105.849245,amenity=restaurant,,,,,,,,,https://www.openstreetmap.org/node/13164780805,-0.43,
banh-mi-chay-sq,hoan-kiem,food,candidate,ok,,restaurant,"sandwich, vietnamese",,Bánh Mì Chay SQ,,21.027381,105.841436,amenity=restaurant,,,,,,,,,https://www.openstreetmap.org/node/13981943861,-0.43,
tandoor-indian-cuisine,hoan-kiem,food,candidate,ok,,restaurant,,,Tandoor Indian Cuisine,,21.033579,105.853735,amenity=restaurant,Phố Hàng Bè,,,,,,,,https://www.openstreetmap.org/node/721906721,-0.44,
nha-hang-kaiser-kaffee,hoan-kiem,food,candidate,ok,,restaurant,german,,Nhà Hàng Kaiser Kaffee,,21.024023,105.850997,amenity=restaurant,,,,,,,,,https://www.openstreetmap.org/node/5365206721,-0.44,
pho-tu-lun-5822,hoan-kiem,food,candidate,ok,,restaurant,,,Phở Tư Lùn,,21.023961,105.853787,amenity=restaurant,23C Hai Bà Trưng,,,,,,,,https://www.openstreetmap.org/node/5459555822,-0.44,
nha-hang-chay-tam-an,hoan-kiem,food,candidate,ok,,restaurant,"vietnamese, coffee_shop",,Nhà Hàng Chay Tâm An,,21.011925,105.837642,amenity=restaurant,Ngõ 180 Kim Hoa,,https://www.chaytaman.com/,,,,,,https://www.openstreetmap.org/node/6174044986,-0.44,
club-america-latina,hoan-kiem,food,candidate,ok,,restaurant,,,Club América Latina,,21.026175,105.856964,amenity=restaurant,12 Phố Lê Phụng Hiểu,,,,,,,,https://www.openstreetmap.org/node/11449677587,-0.44,
hanoi-corner-madame-yen,hoan-kiem,food,candidate,ok,,restaurant,,,"Hanoi Corner, Madame Yen",,21.033518,105.853883,amenity=restaurant,,,,,,,,,https://www.openstreetmap.org/node/12289120139,-0.44,
thai-dat,hoan-kiem,food,candidate,ok,,restaurant,barbecue,,Thai Dat,,21.030347,105.847458,amenity=restaurant,,,,,,,,,https://www.openstreetmap.org/node/12539089098,-0.44,
bun-cha-que-tre,hoan-kiem,food,candidate,ok,,restaurant,vietnamese,,Bún chả que tre,,21.043744,105.845876,amenity=restaurant,,,,,,,,,https://www.openstreetmap.org/node/12657776443,-0.44,
hanoi-corner,hoan-kiem,food,candidate,ok,,restaurant,,,Hanoï Corner,,21.033787,105.852897,amenity=restaurant,,,,,,,,,https://www.openstreetmap.org/node/13390938833,-0.44,
vie-coffee-and-tea,hoan-kiem,food,candidate,ok,,cafe,,,Vie Coffee and Tea,,21.033282,105.850263,amenity=cafe,,,,,,,,,https://www.openstreetmap.org/node/13633101424,-0.44,
nha-hang-goodfellas,hoan-kiem,food,candidate,ok,,restaurant,,,Nhà Hàng Goodfellas,,21.032502,105.84878,amenity=restaurant,,,,,,,,,https://www.openstreetmap.org/node/4810840721,-0.45,
orchid,hoan-kiem,food,candidate,ok,,restaurant,,,orchid,,21.033799,105.853162,amenity=restaurant,,,,,,,,,https://www.openstreetmap.org/node/4973295321,-0.45,
quan-oc-nong-ha-trang,hoan-kiem,food,candidate,ok,,restaurant,,,Quán Ốc Nóng Hà Trang,,21.033794,105.852086,amenity=restaurant,,,,,,,,,https://www.openstreetmap.org/node/5342538321,-0.45,
ly-club,hoan-kiem,food,candidate,ok,,restaurant,,,Lý Club,,21.02617,105.857112,amenity=restaurant,12 Phố Lê Phụng Hiểu,,,,,,,,https://www.openstreetmap.org/node/11449677586,-0.45,
nha-hang-mum-s,hoan-kiem,food,candidate,ok,,restaurant,,,Nhà Hàng Mum's,,21.033838,105.85395,amenity=restaurant,,,,,,,,,https://www.openstreetmap.org/node/4355692621,-0.46,
quan-beer-new-gentry,hoan-kiem,food,candidate,adult,alcohol / 18+,bar,,,Quán Beer New Gentry,,21.032107,105.848282,amenity=pub,,,,,,,,,https://www.openstreetmap.org/node/7041298285,-0.46,
bun-bo-hue-o-xuan,hoan-kiem,food,candidate,ok,,restaurant,,,Bún Bò Huế O Xuân,,21.024524,105.849432,amenity=restaurant,3A Phố Quang Trung,,,,,,,,https://www.openstreetmap.org/node/7213953186,-0.46,
nha-hang-khue,hoan-kiem,food,candidate,ok,,restaurant,,,Nhà Hàng Khuê,,21.043186,105.843971,amenity=restaurant,"Tầng 12, Le Jardin Hotel & Spa, 46A Nguyễn Trường Tộ",Mo-Su 06:30-23:00,,,,,,,https://www.openstreetmap.org/node/9805222042,-0.46,
bun-ngon,hoan-kiem,food,candidate,ok,,restaurant,noodle,,Bún Ngon,,21.012543,105.850516,amenity=restaurant,149 Phố Triệu Việt Vương,Mo-Sa 06:00-22:00,,,,,,,https://www.openstreetmap.org/node/11468718410,-0.46,
190-bami,hoan-kiem,food,candidate,ok,,restaurant,,,190.Bami,,21.03231,105.848357,amenity=restaurant,,,,,,,,,https://www.openstreetmap.org/node/12529008404,-0.46,
nang-tuong,hoan-kiem,food,candidate,ok,,cafe,,,Nang Tuong,,21.03382,105.853749,amenity=cafe,,,,,,,,,https://www.openstreetmap.org/node/13092516850,-0.46,
local-craft-beer-tony-vu-brewing,hoan-kiem,food,candidate,adult,alcohol / 18+,bar,,,Local Craft Beer - Tony Vu Brewing,,21.030551,105.847329,amenity=pub,,,,,,,,,https://www.openstreetmap.org/node/13744156401,-0.46,
son-thanh,hoan-kiem,food,candidate,ok,,restaurant,,,Son Thanh,,21.030781,105.847204,amenity=restaurant,38 Đường Thành,,,,,,,,https://www.openstreetmap.org/node/977668089,-0.47,
nha-hang-yakiniku-shiki,hoan-kiem,food,candidate,ok,,restaurant,,,Nhà Hàng Yakiniku Shiki,,21.033606,105.854826,amenity=restaurant,8a Phố Hàng Tre,,,,,,,,https://www.openstreetmap.org/node/993037617,-0.47,
nun-changed-dac-kim,hoan-kiem,food,candidate,ok,,restaurant,,,Nun Changed Dac Kim-분짜,,21.03226,105.848219,amenity=restaurant,1 Phố Hàng Mành,,,,,,,,https://www.openstreetmap.org/node/4242941489,-0.47,
roast-pork,hoan-kiem,food,candidate,ok,,restaurant,,,Roast Pork,,21.032258,105.848184,amenity=restaurant,,,,,,,,,https://www.openstreetmap.org/node/4589196789,-0.47,
phieu,hoan-kiem,food,candidate,ok,,cafe,,,Phiêu,,21.024879,105.841586,amenity=cafe,101 Lê Duẩn,,,,,,,,https://www.openstreetmap.org/node/6602470279,-0.47,
banh-cuon-nong-101-ba-trieu,hoan-kiem,food,candidate,ok,,restaurant,vietnamese,,Bánh cuốn nóng 101 Bà Triệu,,21.012338,105.850518,amenity=restaurant,155 Phố Triệu Việt Vương,,,,,,,,https://www.openstreetmap.org/node/11468718378,-0.47,
the-hanoi-cafe,hoan-kiem,food,candidate,ok,,restaurant,,,The Hanoi Cafe,,21.032137,105.848056,amenity=restaurant,,,,,,,,,https://www.openstreetmap.org/node/11609617209,-0.47,
coconut-cafe,hoan-kiem,food,candidate,ok,,cafe,juice,,Coconut Café,,21.032289,105.848173,amenity=cafe,,,,,,,,,https://www.openstreetmap.org/node/13039615001,-0.47,
c-o-c-legacy,hoan-kiem,food,candidate,ok,,cafe,,,C.O.C Legacy,,21.034052,105.8517,amenity=cafe,84 Phố Hàng Bạc,,,,,,,,https://www.openstreetmap.org/node/14054791601,-0.47,
quan-pub-mika,hoan-kiem,food,candidate,adult,alcohol / 18+,bar,,,Quán Pub Mika,,21.024114,105.849533,amenity=pub,,,,,,,,,https://www.openstreetmap.org/node/610739909,-0.48,
ca-phe-nola,hoan-kiem,food,candidate,ok,,cafe,,,Cà Phê Nola,,21.034072,105.853586,amenity=cafe,,,,,,,,,https://www.openstreetmap.org/node/721836730,-0.48,
tamarind-cafe,hoan-kiem,food,candidate,ok,,restaurant,,,Tamarind Cafe,,21.034159,105.85331,amenity=restaurant,,,,,,,,,https://www.openstreetmap.org/node/723642373,-0.48,
nha-hang-new-york-sports-bar,hoan-kiem,food,candidate,ok,,restaurant,burger,,Nhà Hàng New York Sports Bar,,21.023641,105.850856,amenity=restaurant,38 Phố Bà Triệu,,,,,,,,https://www.openstreetmap.org/node/4748803213,-0.48,
ca-phe-39-ta-hien,hoan-kiem,food,candidate,ok,,cafe,,,Cà Phê 39 Tạ Hiển,,21.034218,105.852172,amenity=cafe,39 Tạ Hiện,,,,,,,,https://www.openstreetmap.org/node/5402627723,-0.48,
nha-hang-bun-cha-nem-cua-be,hoan-kiem,food,candidate,ok,,restaurant,,,Nhà Hàng Bún Chả - Nem Cua Bê,,21.031089,105.847263,amenity=restaurant,,,,,,,,,https://www.openstreetmap.org/node/5616462621,-0.48,
nha-hang-1946,hoan-kiem,food,candidate,ok,,restaurant,regional,,Nhà Hàng 1946,,21.042882,105.843037,amenity=restaurant,,,https://1946.vn,,,,,,https://www.openstreetmap.org/node/6036440285,-0.48,
veggie-castle,hoan-kiem,food,candidate,ok,,restaurant,vietnamese,,Veggie castle,,21.043698,105.844686,amenity=restaurant,,,,,,,,,https://www.openstreetmap.org/node/6127555185,-0.48,
nha-hang-mam,hoan-kiem,food,candidate,ok,,restaurant,,,Nhà Hàng Mắm,,21.03376,105.854728,amenity=restaurant,,,,,,,,,https://www.openstreetmap.org/node/6361078788,-0.48,
quan-nuong-abeo,hoan-kiem,food,candidate,ok,,restaurant,"vietnamese, nướng, grill",,Quán Nướng ABéo,,21.032663,105.829008,amenity=restaurant,10 Phố Kim Mã,Mo-Su 17:00-23:00,https://www.facebook.com/quannuongabeo,,,,,,https://www.openstreetmap.org/node/6640901648,-0.48,
quan-bar-cyclo,hoan-kiem,food,candidate,adult,alcohol / 18+,bar,,,Quán Bar Cyclo,,21.034168,105.852028,amenity=pub,,,,,,,,,https://www.openstreetmap.org/node/7176883501,-0.48,
masterchef,hoan-kiem,food,candidate,ok,,restaurant,,,MasterChef,,21.015381,105.833451,amenity=restaurant,404 Phố Xã Đàn,Mo-Su 09:00-22:00,https://masterchef.vn/,,,,,,https://www.openstreetmap.org/node/11301609147,-0.48,
giang-my,hoan-kiem,food,candidate,ok,,restaurant,,,Giang My,,21.023681,105.850725,amenity=restaurant,,,,,,,,,https://www.openstreetmap.org/node/12281937801,-0.48,
ba-ba-son-dong,hoan-kiem,food,candidate,ok,,restaurant,seafood,,Ba Ba Sơn Đông,,21.015597,105.833258,amenity=restaurant,416 Phố Xã Đàn,Mo-Su 08:00-22:30,https://www.babasondong.com/,,,,,,https://www.openstreetmap.org/way/1219438153,-0.48,
xoi-van-anh,hoan-kiem,food,candidate,ok,,restaurant,,,Xoi Van Anh,,21.033942,105.854606,amenity=restaurant,,,,,,,,,https://www.openstreetmap.org/node/721836727,-0.49,
red-bean,hoan-kiem,food,candidate,ok,,restaurant,,,Red bean,,21.034241,105.853318,amenity=restaurant,94 Mã Mây,,,,,,,,https://www.openstreetmap.org/node/997997620,-0.49,
ca-phe-align,hoan-kiem,food,candidate,ok,,cafe,,,Cà Phê Align,,21.034187,105.853736,amenity=cafe,,,,,,,,,https://www.openstreetmap.org/node/5259710923,-0.49,
bbb-cafe,hoan-kiem,food,candidate,ok,,cafe,,,BBB Cafe,,21.033809,105.854907,amenity=cafe,9 Phố Hàng Mắm,,,,,,,,https://www.openstreetmap.org/node/9671588399,-0.49,
ebi-coffee,hoan-kiem,food,candidate,ok,,cafe,coffee_shop,,Ebi Coffee,,21.027466,105.858176,amenity=cafe,,,,,,,,,https://www.openstreetmap.org/node/11452175822,-0.49,
le-s-path,hoan-kiem,food,candidate,ok,,cafe,,,Lê's Path,,21.042861,105.842751,amenity=cafe,63 Phố Cửa Bắc,07:30-22:30,,,,,,,https://www.openstreetmap.org/node/13273639874,-0.49,
van-viet-cafe,hoan-kiem,food,candidate,ok,,cafe,,,Van Viet Cafe,,21.023179,105.851674,amenity=cafe,36 Lý Thường Kiệt,,,,,,,,https://www.openstreetmap.org/node/993037588,-0.5,
ca-phe-dose,hoan-kiem,food,candidate,ok,,cafe,,,Cà Phê Dose,,21.034126,105.854275,amenity=cafe,27 Phố Nguyễn Hữu Huân,,,,,,,,https://www.openstreetmap.org/node/4735784822,-0.5,
taste-tea,hoan-kiem,food,candidate,ok,,cafe,,,Taste Tea,,21.011744,105.836894,amenity=cafe,204 Phố Xã Đàn,Mo-Su 08:00-23:00,,,,,,,https://www.openstreetmap.org/node/5485700946,-0.5,
bun-mien-ngan,hoan-kiem,food,candidate,ok,,restaurant,,,Bun Mien Ngan,,21.03384,105.855179,amenity=restaurant,3,,,,,,,,https://www.openstreetmap.org/node/9671606211,-0.5,
trada-cafe,hoan-kiem,food,candidate,ok,,cafe,,,Trada Cafe,,21.033839,105.855158,amenity=cafe,3,,,,,,,,https://www.openstreetmap.org/node/9671622118,-0.5,
bun-cha-17-chuong-duong-do,hoan-kiem,food,candidate,ok,,street_food,,,Bún chả 17 Chương Dương Độ,,21.029507,105.858446,amenity=fast_food,,,,,,,,,https://www.openstreetmap.org/node/10653571405,-0.5,
nha-hang-essence,hoan-kiem,food,candidate,ok,,restaurant,,,Nhà Hàng Essence,,21.034527,105.852037,tourism=hotel,22 Ngô Hai Tuong,,,,,,,,https://www.openstreetmap.org/node/2256217991,-0.51,
ca-phe-26,hoan-kiem,food,candidate,ok,,cafe,,,Cà Phê 26,,21.031275,105.846935,amenity=cafe,,,,,,,,,https://www.openstreetmap.org/node/4292145190,-0.51,
ca-phe-giang-1795,hoan-kiem,food,candidate,ok,,cafe,,,Cà Phê Giang,,21.034271,105.854499,amenity=cafe,39 Phố Nguyễn Hữu Huân,,,,,,,,https://www.openstreetmap.org/node/4306911795,-0.51,
nha-hang-lanterne,hoan-kiem,food,candidate,ok,,restaurant,,,Nhà Hàng Lanterne,,21.034417,105.853481,amenity=restaurant,,,,,,,,,https://www.openstreetmap.org/node/6696115885,-0.51,
cua-hang-banh-mi-pho-7481,hoan-kiem,food,candidate,ok,,street_food,,,Cửa Hàng Bánh Mì Phố,,21.029529,105.846438,amenity=fast_food,,,,,,,,,https://www.openstreetmap.org/node/7076707481,-0.51,
ca-phe-aha,hoan-kiem,food,candidate,ok,,cafe,,,Cà Phê Aha,,21.031218,105.846955,amenity=cafe,,,,,,,,,https://www.openstreetmap.org/node/7176669284,-0.51,
s-cafe,hoan-kiem,food,candidate,ok,,restaurant,,,S cafe,,21.034452,105.851847,amenity=restaurant,,,,,,,,,https://www.openstreetmap.org/node/7244252685,-0.51,
cafe-nghia,hoan-kiem,food,candidate,ok,,cafe,,,Cafe Nghĩa,,21.030978,105.846765,amenity=cafe,16 Hàng Da,,,,,,,,https://www.openstreetmap.org/node/9673349122,-0.51,
the-gourmet-corner,hoan-kiem,food,candidate,ok,,restaurant,,,The Gourmet Corner,,21.034558,105.852107,amenity=restaurant,,,,,,,,,https://www.openstreetmap.org/node/10728843553,-0.51,
yi-he-tang,hoan-kiem,food,candidate,ok,,cafe,bubble_tea,,Yi He Tang,,21.012008,105.849916,amenity=cafe,179B Phố Bùi Thị Xuân,,https://yihetang.vn/,,,,,,https://www.openstreetmap.org/node/11462471455,-0.51,
che-ngon-quan-nuoc-ep-trai-cay-cafe,hoan-kiem,food,candidate,ok,,cafe,,,Chè Ngon Quán Nước Ép Trái Cây - Cafe,,21.039349,105.848129,amenity=cafe,33 Phố Hàng Giấy,,,,,,,,https://www.openstreetmap.org/node/11873418469,-0.51,
tadioto-bar,hoan-kiem,food,candidate,adult,alcohol / 18+,bar,,,Tadioto Bar,,21.025689,105.857821,amenity=bar,24b Phố Tông Đản,,,,,,,,https://www.openstreetmap.org/node/3671278938,-0.52,
ca-phe-kufu,hoan-kiem,food,candidate,ok,,cafe,,,Cà Phê Kufu,,21.029611,105.846331,amenity=cafe,107 Phố Hàng Bông,,,,,,,,https://www.openstreetmap.org/node/4664835790,-0.52,
nha-hang-trung-tam-rooftop-bar,hoan-kiem,food,candidate,ok,,restaurant,,,Nhà Hàng Trung Tâm Rooftop Bar,,21.03083,105.846607,amenity=restaurant,,,,,,,,,https://www.openstreetmap.org/node/6155720189,-0.52,
an-vat-me-sua,hoan-kiem,food,candidate,ok,,cafe,,,Ăn Vặt Mẹ Sữa,,21.025205,105.857372,amenity=cafe,3 Phố Lý Đạo Thành,,,,,,,,https://www.openstreetmap.org/node/11452175807,-0.52,
kimmy-house,hoan-kiem,food,candidate,ok,,cafe,coffee_shop,,Kimmy House,,21.025258,105.857433,amenity=cafe,3 Phố Lý Đạo Thành,,,,,,,,https://www.openstreetmap.org/node/11452175808,-0.52,
pho-thin-1979,hoan-kiem,food,candidate,ok,,restaurant,vietnamese,,Phở Thìn 1979,,21.03379,105.835029,amenity=restaurant,35 Đường Hùng Vương,,,,,,,,https://www.openstreetmap.org/node/11663033697,-0.52,
cultra-taproom-rooftop-bar,hoan-kiem,food,candidate,adult,alcohol / 18+,bar,,,Cultra Taproom - Rooftop Bar,,21.030525,105.846509,amenity=pub,,,,,,,,,https://www.openstreetmap.org/node/13744465502,-0.52,
nha-hang-new-day,hoan-kiem,food,candidate,ok,,restaurant,,,Nhà Hàng New Day,,21.034654,105.853359,amenity=restaurant,72 Mã Mây,,,,,,,,https://www.openstreetmap.org/node/721788307,-0.53,
quan-the-pub,hoan-kiem,food,candidate,adult,alcohol / 18+,bar,,,Quan The Pub,,21.034699,105.852019,amenity=pub,45a,,,,,,,,https://www.openstreetmap.org/node/4496401189,-0.53,
ca-phe-cong-nghe,hoan-kiem,food,candidate,ok,,restaurant,,,Cà Phê Công Nghệ,,21.028288,105.846139,amenity=restaurant,,,,,,,,,https://www.openstreetmap.org/node/4586483090,-0.53,
quan-beer-2ku,hoan-kiem,food,candidate,adult,alcohol / 18+,bar,,,Quán Beer 2ku,,21.034694,105.851354,amenity=bar,,,,,,,,,https://www.openstreetmap.org/node/7162739588,-0.53,
ca-phe-sach,hoan-kiem,food,candidate,ok,,cafe,,,Cà Phê Sách,,21.024645,105.847861,amenity=cafe,,,,,,,,,https://www.openstreetmap.org/node/7176633879,-0.53,
bia-loi-beo,hoan-kiem,food,candidate,adult,alcohol / 18+,bar,,,Bia Loi Beo,,21.03475,105.852111,amenity=bar,,,,,,,,,https://www.openstreetmap.org/node/10044570364,-0.53,
boom,hoan-kiem,food,candidate,adult,alcohol / 18+,bar,,,Boom,,21.034772,105.851792,amenity=bar,51,,,,,,,,https://www.openstreetmap.org/node/11671828513,-0.53,
bia-45,hoan-kiem,food,candidate,adult,alcohol / 18+,bar,,,Bia 45,,21.034715,105.851966,amenity=bar,45,,,,,,,,https://www.openstreetmap.org/node/11671847621,-0.53,
the-king-cafe,hoan-kiem,food,candidate,ok,,restaurant,,,The King Cafe,,21.034847,105.85159,amenity=restaurant,,,,,,,,,https://www.openstreetmap.org/node/723642233,-0.54,
nha-hang-gecko-2244,hoan-kiem,food,candidate,ok,,restaurant,,,Nhà Hàng Gecko,,21.03482,105.852566,amenity=restaurant,,,,,,,,,https://www.openstreetmap.org/node/723642244,-0.54,
prague-pub,hoan-kiem,food,candidate,adult,alcohol / 18+,bar,,,Prague Pub,,21.034852,105.851773,amenity=bar,38,,,,,,,,https://www.openstreetmap.org/node/4984643121,-0.54,
nha-hang-matto,hoan-kiem,food,candidate,ok,,restaurant,,,Nhà Hàng Matto,,21.034786,105.853127,amenity=restaurant,,,,,,,,,https://www.openstreetmap.org/node/5227122539,-0.54,
ca-phe-trung,hoan-kiem,food,candidate,ok,,cafe,,,Cà Phê Trung,,21.028093,105.846086,amenity=cafe,50 Phố Quán Sứ,,,,,,,,https://www.openstreetmap.org/node/5402607721,-0.54,
beer-mexico,hoan-kiem,food,candidate,adult,alcohol / 18+,bar,,,Beer Mexico,,21.034802,105.851969,amenity=bar,34,,,,,,,,https://www.openstreetmap.org/node/7178319245,-0.54,
bia-23,hoan-kiem,food,candidate,ok,,restaurant,,,Bia 23,,21.03487,105.852166,amenity=restaurant,23,,,,,,,,https://www.openstreetmap.org/node/11671779518,-0.54,
local,hoan-kiem,food,candidate,adult,alcohol / 18+,bar,,,Local,,21.034891,105.852062,amenity=bar,16,,,,,,,,https://www.openstreetmap.org/node/11671806551,-0.54,
hai-yen,hoan-kiem,food,candidate,ok,,restaurant,,,Hai Yen,,21.034911,105.852149,amenity=restaurant,21,,,,,,,,https://www.openstreetmap.org/node/11671828321,-0.54,
pow,hoan-kiem,food,candidate,adult,alcohol / 18+,bar,,,PoW,,21.034898,105.85206,amenity=bar,14,,,,,,,,https://www.openstreetmap.org/node/11671832254,-0.54,
quan-bar-18,hoan-kiem,food,candidate,adult,alcohol / 18+,bar,,,Quan Bar 18+,,21.034837,105.852074,amenity=bar,18,,,,,,,,https://www.openstreetmap.org/node/11671849773,-0.54,
np-green,hoan-kiem,food,candidate,ok,,restaurant,,,NP Green,,21.03489,105.853879,amenity=restaurant,,,,,,,,,https://www.openstreetmap.org/node/3304244852,-0.55,
quan-bun-bo-nam-bo,hoan-kiem,food,candidate,ok,,restaurant,,,Quán Bún Bò Nam Bộ,,21.03208,105.846922,amenity=restaurant,,,,,,,,,https://www.openstreetmap.org/node/4784122321,-0.55,
quan-bar-blues,hoan-kiem,food,candidate,adult,alcohol / 18+,bar,,,Quán Bar Blues,,21.034891,105.853762,amenity=bar,,,,,,,,,https://www.openstreetmap.org/node/6466509648,-0.55,
nha-hang-dimsum-hongkong,hoan-kiem,food,candidate,ok,,restaurant,,,Nhà Hàng Dimsum Hongkong,,21.03483,105.853684,amenity=restaurant,,,,,,,,,https://www.openstreetmap.org/node/6466509649,-0.55,
quan-bar-gabby,hoan-kiem,food,candidate,adult,alcohol / 18+,bar,,,Quán Bar Gabby,,21.034825,105.853826,amenity=bar,,,,,,,,,https://www.openstreetmap.org/node/6466509650,-0.55,
v-cuisine,hoan-kiem,food,candidate,ok,,restaurant,,,V-Cuisine,,21.03492,105.851309,amenity=restaurant,29 Phố Hàng Giầy,,,,,,,,https://www.openstreetmap.org/node/6466626246,-0.55,
bia-nam-trung,hoan-kiem,food,candidate,adult,alcohol / 18+,bar,,,Bia Nam Trung,,21.034928,105.853166,amenity=bar,,,,,,,,,https://www.openstreetmap.org/node/6715062086,-0.55,
teddy-s,hoan-kiem,food,candidate,ok,,restaurant,american,,Teddy's,,21.023647,105.848851,amenity=restaurant,,,,,,,,,https://www.openstreetmap.org/node/7176625569,-0.55,
hai-xe,hoan-kiem,food,candidate,ok,,street_food,donut,,Hải Xệ,,21.03484,105.853869,amenity=fast_food,5p Phố Lương Ngọc Quyến,,,,,,,,https://www.openstreetmap.org/node/10298693326,-0.55,
hay,hoan-kiem,food,candidate,adult,alcohol / 18+,bar,,,Hay,,21.034948,105.852042,amenity=bar,12,,,,,,,,https://www.openstreetmap.org/node/11671847842,-0.55,
bun-bo-nam-bo,hoan-kiem,food,candidate,ok,,restaurant,,,Bun Bo Nam Bo,,21.032145,105.846918,amenity=restaurant,75 Phố Hàng Điếu,,,,,,,,https://www.openstreetmap.org/node/14049103301,-0.55,
com-tam-oc-sai-gon,hoan-kiem,food,candidate,ok,,restaurant,vietnamese,,Cơm tấm Ốc Sài Gòn,,21.011758,105.848394,amenity=restaurant,21 Phố Đoàn Trần Nghiệp,,,,,,,,https://www.openstreetmap.org/way/904729846,-0.55,
nha-hang-half-man-half-noodle,hoan-kiem,food,candidate,ok,,restaurant,,,Nhà Hàng Half Man Half Noodle,,21.035047,105.853004,amenity=restaurant,,,,,,,,,https://www.openstreetmap.org/node/723795403,-0.56,
nha-hang-banana-tree,hoan-kiem,food,candidate,ok,,restaurant,,,Nhà Hàng Banana Tree,,21.035056,105.85314,amenity=restaurant,62 Đào Duy Từ,,,,,,,,https://www.openstreetmap.org/node/4341891090,-0.56,
sieu-thi-qua-vat,hoan-kiem,food,candidate,ok,,restaurant,,,Sieu Thi Qua Vat,,21.035124,105.852028,amenity=restaurant,,,,,,,,,https://www.openstreetmap.org/node/4346678690,-0.56,
cua-hang-doner-kebab,hoan-kiem,food,candidate,ok,,street_food,kebab,,Cửa Hàng Doner Kebab,,21.034889,105.853966,amenity=fast_food,,,,,,,,,https://www.openstreetmap.org/node/6348643186,-0.56,
nha-hang-eat-list,hoan-kiem,food,candidate,ok,,restaurant,"indian, north_indian",,Nhà Hàng Eat List,,21.033423,105.847975,amenity=restaurant,23 Phố Hàng Thiếc,,,,,,,,https://www.openstreetmap.org/node/7114448486,-0.56,
trumpet,hoan-kiem,food,candidate,ok,,cafe,,,Trumpet,,21.034923,105.854194,amenity=cafe,,,,,,,,,https://www.openstreetmap.org/node/9931482774,-0.56,
the-qk,hoan-kiem,food,candidate,adult,alcohol / 18+,bar,,,The QK,,21.035136,105.8521,amenity=bar,,,,,,,,,https://www.openstreetmap.org/node/11653012643,-0.56,
olive,hoan-kiem,food,candidate,ok,,cafe,,,Olive,,21.035035,105.852115,amenity=cafe,17,,,,,,,,https://www.openstreetmap.org/node/11671779517,-0.56,
double-one,hoan-kiem,food,candidate,adult,alcohol / 18+,bar,,,Double One,,21.035118,105.852095,amenity=bar,11,,,,,,,,https://www.openstreetmap.org/node/11671813066,-0.56,
thinh-vuong,hoan-kiem,food,candidate,ok,,restaurant,,,Thinh Vuong,,21.0351,105.8521,amenity=restaurant,13,,,,,,,,https://www.openstreetmap.org/node/11671842647,-0.56,
quan-pub-finnegan-s-irish,hoan-kiem,food,candidate,adult,alcohol / 18+,bar,,,Quán Pub Finnegan's Irish,,21.032354,105.846803,amenity=pub,,,,,,,,,https://www.openstreetmap.org/node/723642258,-0.57,
quan-pub-irish-wolfhound,hoan-kiem,food,candidate,adult,alcohol / 18+,bar,,,Quán Pub Irish Wolfhound,,21.035038,105.853795,amenity=pub,,,,,,,,,https://www.openstreetmap.org/node/723642261,-0.57,
roots-reggae-bar,hoan-kiem,food,candidate,adult,alcohol / 18+,bar,,,Roots Reggae bar,,21.035038,105.854159,amenity=bar,,,,,,,,,https://www.openstreetmap.org/node/723795406,-0.57,
orick-coffee,hoan-kiem,food,candidate,ok,,cafe,,,Orick Coffee,,21.024286,105.8476,amenity=cafe,46 Phố Lý Thường Kiệt,,,,,,,,https://www.openstreetmap.org/node/993037575,-0.57,
nha-hang-hot-pot-bbq,hoan-kiem,food,candidate,ok,,restaurant,,,Nhà Hàng Hot Pot BBQ,,21.035198,105.851993,amenity=restaurant,,,,,,,,,https://www.openstreetmap.org/node/4295458892,-0.57,
bach-phuong-bun-bo-nam-bo,hoan-kiem,food,candidate,ok,,restaurant,noodle,,Bách Phương - Bún Bò Nam Bộ,,21.032245,105.846782,amenity=restaurant,73 Phố Hàng Điếu,,,,,,,,https://www.openstreetmap.org/node/4557999389,-0.57,
kebab-co,hoan-kiem,food,candidate,ok,,street_food,,,Kebab & Co,,21.035179,105.85311,amenity=fast_food,,,,,,,,,https://www.openstreetmap.org/node/5395627822,-0.57,
phuc-lam,hoan-kiem,food,candidate,ok,,restaurant,,,Phuc Lam,,21.035187,105.852077,amenity=restaurant,,,,,,,,,https://www.openstreetmap.org/node/7164305620,-0.57,
xoai-xoai,hoan-kiem,food,candidate,ok,,restaurant,,,Xoài Xoài,,21.035218,105.852096,amenity=restaurant,,,,,,,,,https://www.openstreetmap.org/node/7164329169,-0.57,
tocotoco-8108,hoan-kiem,food,candidate,ok,,cafe,,,Tocotoco,,21.031961,105.846565,amenity=cafe,,,,,,,,,https://www.openstreetmap.org/node/7168918108,-0.57,
shop-34,hoan-kiem,food,candidate,ok,,cafe,,,Shop 34,,21.035095,105.851134,amenity=cafe,34,,,,,,,,https://www.openstreetmap.org/node/7176898622,-0.57,
tony-vu-s-brewing,hoan-kiem,food,candidate,adult,alcohol / 18+,bar,,,Tony Vu's Brewing,,21.032492,105.846951,amenity=pub,,,,,,,,,https://www.openstreetmap.org/node/13458318101,-0.57,
nyna-cafe-24-7,hoan-kiem,food,candidate,ok,,cafe,,,Nyna Cafe 24/7,,21.023044,105.85545,amenity=cafe,,,,,,,,,https://www.openstreetmap.org/node/13687660701,-0.57,
nha-hang-am-thuc-ba-mien,hoan-kiem,food,candidate,ok,,restaurant,,,Nhà Hàng Ẩm Thực Ba Miền,,21.035316,105.852042,amenity=restaurant,Tạ Hiện,,,,,,,,https://www.openstreetmap.org/node/5144954321,-0.58,
banh-cuon-thanh-van,hoan-kiem,food,candidate,ok,,restaurant,local,,Bánh Cuốn Thanh Vân,,21.04351,105.841926,amenity=restaurant,119 Phố Nguyễn Trường Tộ,Mo-Su 07:00-18:00,,,,,,,https://www.openstreetmap.org/node/5474624643,-0.58,
paris-deli,hoan-kiem,food,candidate,ok,,cafe,,,Paris Deli,,21.023557,105.856584,amenity=cafe,Phan Chu Trinh,,,,,,,,https://www.openstreetmap.org/node/5484083323,-0.58,
nha-hang-hanoi-1983,hoan-kiem,food,candidate,ok,,restaurant,,,Nhà Hàng Hanoi 1983,,21.035306,105.852131,amenity=restaurant,,,,,,,,,https://www.openstreetmap.org/node/6356358445,-0.58,
mr-kebab,hoan-kiem,food,candidate,ok,,street_food,,,Mr. Kebab,,21.035262,105.852044,amenity=fast_food,,,,,,,,,https://www.openstreetmap.org/node/11652991633,-0.58,
jail-pub,hoan-kiem,food,candidate,adult,alcohol / 18+,bar,,,Jail Pub,,21.035277,105.853024,amenity=bar,43,,,,,,,,https://www.openstreetmap.org/node/11670927182,-0.58,
dookki,hoan-kiem,food,candidate,ok,,restaurant,korean,,Dookki,,21.011228,105.849383,amenity=restaurant,191 Phố Bà Triệu,,https://dookkivietnam.com/,,,,,,https://www.openstreetmap.org/node/12098955282,-0.58,
kichi-kichi,hoan-kiem,food,candidate,ok,,restaurant,,,Kichi-Kichi,,21.011253,105.84963,amenity=restaurant,191 Phố Bà Triệu,Mo-Su 09:00-22:00,https://kichi.com.vn/,,,,,,https://www.openstreetmap.org/node/12098955283,-0.58,
bun-mien-ngan-pho-bo,hoan-kiem,food,candidate,ok,,restaurant,,,Bún Miến Ngan Phở Bò,,21.017104,105.849006,amenity=restaurant,42 Phố Trần Nhân Tông,,,,,,,,https://www.openstreetmap.org/node/12164856802,-0.58,
ayup,hoan-kiem,food,candidate,ok,,cafe,coffee_shop,,Ayup,,21.043297,105.841592,amenity=cafe,Ngõ Châu Long,Mo-Su 08:00-18:30,,,,,,,https://www.openstreetmap.org/node/12659358187,-0.58,
ivegan,hoan-kiem,food,candidate,ok,,restaurant,,,iVegan,,21.03269,105.846879,amenity=restaurant,,,,,,,,,https://www.openstreetmap.org/node/13485169201,-0.58,
ca-phe-hue-organic,hoan-kiem,food,candidate,ok,,cafe,,,Cà Phê Huế Organic,,21.035325,105.851038,amenity=cafe,26 Phố Hàng Giầy,,,,,,,,https://www.openstreetmap.org/node/4496363513,-0.59,
kem-xoi-thu-nga,hoan-kiem,food,candidate,ok,,restaurant,,,Kem Xôi Thu Nga,,21.023347,105.85654,amenity=restaurant,8 Phan Chu Trinh,,,,,,,,https://www.openstreetmap.org/node/4740905221,-0.59,
quan-bun-long-a-cay,hoan-kiem,food,candidate,ok,,restaurant,,,Quán Bún Lòng A Cay,,21.023033,105.84902,amenity=restaurant,,,,,,,,,https://www.openstreetmap.org/node/5354677369,-0.59,
nha-hang-local,hoan-kiem,food,candidate,ok,,restaurant,,,Nhà Hàng Local,,21.035364,105.853064,amenity=restaurant,,,,,,,,,https://www.openstreetmap.org/node/6640326787,-0.59,
thuc-pham-chay-au-lac,hoan-kiem,food,candidate,ok,,street_food,,,Thực Phẩm Chay Âu Lạc,,21.032303,105.846499,amenity=food_court,,,,,,,,,https://www.openstreetmap.org/node/7192525585,-0.59,
coco-bar,hoan-kiem,food,candidate,adult,alcohol / 18+,bar,,,Coco Bar,,21.035432,105.851875,amenity=bar,,,,,,,,,https://www.openstreetmap.org/node/11671847988,-0.59,
meiwei,hoan-kiem,food,candidate,ok,,restaurant,chinese,,Meiwei,,21.011099,105.849579,amenity=restaurant,191 Phố Bà Triệu,,https://meiwei.vn/,,,,,,https://www.openstreetmap.org/node/12098955284,-0.59,
pho-bo,hoan-kiem,food,candidate,ok,,restaurant,,,Phở bò,,21.017111,105.84875,amenity=restaurant,46 Phố Trần Nhân Tông,,,,,,,,https://www.openstreetmap.org/node/12164856901,-0.59,
family-ramen,hoan-kiem,food,candidate,ok,,restaurant,"ramen, sushi",,Family Ramen,,21.035221,105.854202,amenity=restaurant,,,,,,,,,https://www.openstreetmap.org/node/13947450701,-0.59,
vinacafe,hoan-kiem,food,candidate,ok,,cafe,,,Vinacafe,,21.034006,105.834151,amenity=cafe,,,https://www.vinacafebienhoa.com/,,,,,,https://www.openstreetmap.org/way/1301715443,-0.59,
the-hill-station,hoan-kiem,food,candidate,adult,alcohol / 18+,bar,,,The Hill Station,,21.035562,105.851985,amenity=pub,,,,,,,,,https://www.openstreetmap.org/node/4910464323,-0.6,
ca-phe-vui,hoan-kiem,food,candidate,ok,,cafe,,,Cà Phê Vui,,21.035475,105.853519,amenity=cafe,,,,,,,,,https://www.openstreetmap.org/node/5379859323,-0.6,
taco-king,hoan-kiem,food,candidate,ok,,street_food,mexican,,Taco King,,21.033694,105.847458,amenity=fast_food,Bát Đàn,,,,,,,,https://www.openstreetmap.org/node/5490223222,-0.6,
ding-tea-1628,hoan-kiem,food,candidate,ok,,cafe,bubble_tea,Ding Tea,Ding Tea,Ding Tea,21.017396,105.847242,amenity=cafe,,,,,,,,,https://www.openstreetmap.org/node/5662831628,-0.6,
quan-pub-king-pirates,hoan-kiem,food,candidate,adult,alcohol / 18+,bar,,,Quán Pub King Pirates,,21.035419,105.851,amenity=bar,24B Phố Hàng Giầy,,,,,,,,https://www.openstreetmap.org/node/7176898623,-0.6,
auden-coffee,hoan-kiem,food,candidate,ok,,cafe,,,Auden Coffee,,21.018298,105.836862,amenity=cafe,,Mo-Su 09:00-22:00,,,,,,,https://www.openstreetmap.org/node/9805222030,-0.6,
bun-oc-co-ha-noi,hoan-kiem,food,candidate,ok,,restaurant,noodle,,Bún Ốc Cổ Hà Nội,,21.016757,105.849763,amenity=restaurant,26 Phố Bùi Thị Xuân,,,,,,,,https://www.openstreetmap.org/node/11601645100,-0.6,
manh-ca-phe,hoan-kiem,food,candidate,ok,,cafe,coffee_shop,,Mành Cà phê,,21.016555,105.850441,amenity=cafe,41B Phố Triệu Việt Vương,,,,,,,,https://www.openstreetmap.org/node/11653040789,-0.6,
the-blues-bar,hoan-kiem,food,candidate,adult,alcohol / 18+,bar,,,The Blues Bar,,21.035558,105.851844,amenity=bar,2,,,,,,,,https://www.openstreetmap.org/node/11671786855,-0.6,
babylon2,hoan-kiem,food,candidate,adult,alcohol / 18+,bar,,,Babylon2,,21.03548,105.851997,amenity=bar,,,,,,,,,https://www.openstreetmap.org/node/11671798250,-0.6,
cua-hang-banh-mi-aha,hoan-kiem,food,candidate,ok,,street_food,,,Cửa Hàng Bánh Mì Aha,,21.033791,105.847433,amenity=fast_food,Bát Đàn,,,,,,,,https://www.openstreetmap.org/node/4352140189,-0.61,
pho-ga,hoan-kiem,food,candidate,ok,,restaurant,,,Pho Ga,,21.035433,105.850563,amenity=restaurant,,,,,,,,,https://www.openstreetmap.org/node/4366360798,-0.61,
phong-kham-da-koa,hoan-kiem,food,candidate,ok,,street_food,,,phong kham da koa,,21.035459,105.850633,amenity=fast_food,,,,,,,,,https://www.openstreetmap.org/node/4386749689,-0.61,
ca-phe-countryside,hoan-kiem,food,candidate,ok,,cafe,,,Cà Phê Countryside,,21.033688,105.84729,amenity=cafe,Bát Đàn,,,,,,,,https://www.openstreetmap.org/node/4460217491,-0.61,
ca-phe-kim-lai,hoan-kiem,food,candidate,ok,,cafe,,,Cà Phê Kim Lài,,21.035476,105.850688,amenity=cafe,99 Hàng Buồm,,,,,,,,https://www.openstreetmap.org/node/4773733664,-0.61,
smile-coffee-0911,hoan-kiem,food,candidate,ok,,cafe,"vietnamese, coffee_shop",,Smile Coffee,,21.03369,105.847343,amenity=cafe,28 Bát Đàn,,,,,,,,https://www.openstreetmap.org/node/6751770911,-0.61,
nha-hang-jackbo,hoan-kiem,food,candidate,ok,,restaurant,,,Nhà Hàng Jackbo,,21.033693,105.847427,amenity=restaurant,Bát Đàn,,,,,,,,https://www.openstreetmap.org/node/7013061485,-0.61,
nha-hang-minh-chay,hoan-kiem,food,candidate,ok,,restaurant,,,Nhà Hàng Minh Chay,,21.035649,105.853456,amenity=restaurant,,,,,,,,,https://www.openstreetmap.org/node/7168579669,-0.61,
saits,hoan-kiem,food,candidate,ok,,street_food,,,Saits,,21.035509,105.850793,amenity=fast_food,,,,,,,,,https://www.openstreetmap.org/node/7176888410,-0.61,
chan-con-cong-vintage-store,hoan-kiem,food,candidate,adult,alcohol / 18+,bar,,,Chăn Con Công - Vintage Store,,21.03558,105.853456,amenity=bar,,,,,,,,,https://www.openstreetmap.org/node/9841007617,-0.61,
purple-blues,hoan-kiem,food,candidate,adult,alcohol / 18+,bar,,,Purple Blues,,21.035616,105.852984,amenity=bar,35,,,,,,,,https://www.openstreetmap.org/node/11659961146,-0.61,
aoki,hoan-kiem,food,candidate,adult,alcohol / 18+,bar,,,Aoki,,21.035586,105.851844,amenity=bar,2,,,,,,,,https://www.openstreetmap.org/node/11671786854,-0.61,
movitas,hoan-kiem,food,candidate,ok,,restaurant,"burger, coffee_shop",,Movitas,,21.035202,105.849964,amenity=restaurant,,,,,,,,,https://www.openstreetmap.org/node/13955136101,-0.61,
nha-hang-ladybird,hoan-kiem,food,candidate,ok,,restaurant,,,Nhà Hàng Ladybird,,21.035754,105.851563,amenity=restaurant,,,,,,,,,https://www.openstreetmap.org/node/723642240,-0.62,
ca-phe-linh,hoan-kiem,food,candidate,ok,,cafe,,,Cà Phê Linh,,21.035699,105.85139,amenity=cafe,65 Hàng Buồm,,,,,,,,https://www.openstreetmap.org/node/2256217985,-0.62,
cua-hang-bit-tet-hai-ty,hoan-kiem,food,candidate,ok,,restaurant,,,Cửa Hàng Bít Tết Hai Tý,,21.03565,105.850865,amenity=restaurant,,,,,,,,,https://www.openstreetmap.org/node/4279240691,-0.62,
nha-hang-cari-truong,hoan-kiem,food,candidate,ok,,restaurant,,,Nhà Hàng Cari Trường,,21.035739,105.851817,amenity=restaurant,,,,,,,,,https://www.openstreetmap.org/node/4327575691,-0.62,
manh,hoan-kiem,food,candidate,ok,,cafe,"coffee_shop, tea, sandwich",,Mành,,21.035574,105.850605,amenity=cafe,,,,,,,,,https://www.openstreetmap.org/node/4750519422,-0.62,
nha-hang-apron-up,hoan-kiem,food,candidate,ok,,restaurant,,,Nhà Hàng Apron Up,,21.03396,105.847435,amenity=restaurant,,,,,,,,,https://www.openstreetmap.org/node/4753094285,-0.62,
coffee-a,hoan-kiem,food,candidate,ok,,cafe,,,Coffee A,,21.035342,105.849859,amenity=cafe,2 Lãn Ông,,,,,,,,https://www.openstreetmap.org/node/4759244736,-0.62,
ca-phe-mystic,hoan-kiem,food,candidate,ok,,cafe,coffee_shop,,Cà Phê Mystic,,21.035643,105.853865,amenity=cafe,,,,,,,,,https://www.openstreetmap.org/node/5380097221,-0.62,
secret-local-pub-2nd-floor,hoan-kiem,food,candidate,adult,alcohol / 18+,bar,,,Secret local pub (2nd floor),,21.035739,105.851923,amenity=bar,,,,,,,,,https://www.openstreetmap.org/node/6247153385,-0.62,
thit-quay-van-thanh,hoan-kiem,food,candidate,ok,,restaurant,,,Thịt Quay Vạn Thanh,,21.035481,105.850307,amenity=restaurant,108 Hàng Buồm,,,,,,,,https://www.openstreetmap.org/node/6520665188,-0.62,
nha-hang-mai-ly-63,hoan-kiem,food,candidate,ok,,restaurant,,,Nhà Hàng Mai Ly 63,,21.03572,105.851457,amenity=restaurant,,,,,,,,,https://www.openstreetmap.org/node/7012076142,-0.62,
nha-hang-green-farm,hoan-kiem,food,candidate,ok,,restaurant,,,Nhà Hàng Green Farm,,21.03575,105.852808,amenity=restaurant,,,,,,,,,https://www.openstreetmap.org/node/7164330038,-0.62,
ca-phe-lalang,hoan-kiem,food,candidate,ok,,cafe,,,Cà Phê Lalang,,21.035559,105.850912,amenity=cafe,85,,,,,,,,https://www.openstreetmap.org/node/7176899124,-0.62,
le-splendid,hoan-kiem,food,candidate,ok,,restaurant,,,Le Splendid,,21.021984,105.854033,amenity=restaurant,,,,,,,,,https://www.openstreetmap.org/node/9662382909,-0.62,
hanoi-croissant-coffee,hoan-kiem,food,candidate,ok,,cafe,,,Hanoi Croissant & Coffee,,21.035216,105.849598,amenity=cafe,19 Phố Lãn Ông,,,,,,,,https://www.openstreetmap.org/node/11422445327,-0.62,
thai-street-food,hoan-kiem,food,candidate,ok,,restaurant,thai,,Thai Street Food,,21.016427,105.849975,amenity=restaurant,57 Phố Bùi Thị Xuân,,,,,,,,https://www.openstreetmap.org/way/1249564999,-0.62,
quan-bar-dragonfly,hoan-kiem,food,candidate,adult,alcohol / 18+,bar,,,Quán Bar Dragonfly,,21.035829,105.852227,amenity=bar,,,,,,,,,https://www.openstreetmap.org/node/723795404,-0.63,
quan-ruou-dan-toc,hoan-kiem,food,candidate,adult,alcohol / 18+,bar,,,Quán rượu Dân tộc,,21.021703,105.85288,amenity=pub,,,,,,,,,https://www.openstreetmap.org/node/2302090842,-0.63,
nha-hang-linh-s-kitchen,hoan-kiem,food,candidate,ok,,restaurant,,,Nhà Hàng Linh's Kitchen,,21.035829,105.853249,amenity=restaurant,,,,,,,,,https://www.openstreetmap.org/node/4150844990,-0.63,
cua-hang-banh-mi-hoi-an,hoan-kiem,food,candidate,ok,,street_food,,,Cửa Hàng Bánh Mì Hội An,,21.03571,105.850935,amenity=fast_food,,,,,,,,,https://www.openstreetmap.org/node/5274931721,-0.63,
nha-hang-ca-phe-joc,hoan-kiem,food,candidate,ok,,restaurant,,,Nhà Hàng & Cà Phê Joc,,21.024598,105.858548,amenity=restaurant,,,,,,,,,https://www.openstreetmap.org/node/6811824695,-0.63,
ca-phe-8,hoan-kiem,food,candidate,ok,,cafe,,,Cà Phê 8,,21.031428,105.845503,amenity=cafe,,,,,,,,,https://www.openstreetmap.org/node/7140635331,-0.63,
nha-hang-nam-bit-tet,hoan-kiem,food,candidate,ok,,restaurant,,,Nhà Hàng Nam Bít Tết,,21.035758,105.850902,amenity=restaurant,,,,,,,,,https://www.openstreetmap.org/node/7177118185,-0.63,
tasty-time,hoan-kiem,food,candidate,ok,,cafe,,,Tasty Time,,21.035702,105.85405,amenity=cafe,,,,,,,,,https://www.openstreetmap.org/node/9931536429,-0.63,
ivegan-supershop,hoan-kiem,food,candidate,ok,,restaurant,,,IVEGAN Supershop,,21.035347,105.849629,amenity=restaurant,6-8 Phố Lãn Ông,,,,,,,,https://www.openstreetmap.org/node/11422445326,-0.63,
ho-lo-quan,hoan-kiem,food,candidate,ok,,restaurant,,,Hồ Lô Quán,,21.016239,105.850212,amenity=restaurant,76 Phố Triệu Việt Vương,,,,,,,,https://www.openstreetmap.org/node/11615961387,-0.63,
factory-47,hoan-kiem,food,candidate,adult,alcohol / 18+,bar,,,Factory 47,,21.035809,105.851712,amenity=bar,47,,,,,,,,https://www.openstreetmap.org/node/11671841284,-0.63,
sportivo,hoan-kiem,food,candidate,adult,alcohol / 18+,bar,,,Sportivo,,21.03586,105.851854,amenity=bar,39,,,,,,,,https://www.openstreetmap.org/node/11671849021,-0.63,
bonbagu-vegan,hoan-kiem,food,candidate,ok,,street_food,,,Bonbagu vegan,,21.03433,105.84782,amenity=fast_food,,,,,,,,,https://www.openstreetmap.org/node/13169500606,-0.63,
k5-coffee,hoan-kiem,food,candidate,ok,,cafe,,,K5 Coffee,,21.025013,105.858937,amenity=cafe,,,,,,,,,https://www.openstreetmap.org/node/13271879880,-0.63,
nosan,hoan-kiem,food,candidate,ok,,cafe,coffee_shop,,Nosan,,21.034377,105.847789,amenity=cafe,8 Hàng Phèn,,,,,,,,https://www.openstreetmap.org/node/13531432207,-0.63,
nha-hang-foodshop-45-indian-cuisine,hoan-kiem,food,candidate,ok,,restaurant,,,Nhà Hàng Foodshop 45 - Indian Cuisine,,21.036016,105.851895,amenity=restaurant,32 Hàng Buồm,,,,,,,,https://www.openstreetmap.org/node/4358622593,-0.64,
ca-phe-glamour,hoan-kiem,food,candidate,ok,,cafe,,,Cà Phê Glamour,,21.035929,105.852071,amenity=cafe,,,,,,,,,https://www.openstreetmap.org/node/4358629195,-0.64,
temple-bar,hoan-kiem,food,candidate,adult,alcohol / 18+,bar,,,Temple Bar,,21.035993,105.852729,amenity=bar,,,,,,,,,https://www.openstreetmap.org/node/4402476990,-0.64,
nha-hang-amato,hoan-kiem,food,candidate,ok,,restaurant,"italian, tapas, french",,Nhà Hàng Amato,,21.024163,105.858337,amenity=restaurant,,,,,,,,,https://www.openstreetmap.org/node/4851083723,-0.64,
nha-hang-grandma-s,hoan-kiem,food,candidate,ok,,restaurant,,,Nhà Hàng Grandma's,,21.032899,105.846154,amenity=restaurant,,,,,,,,,https://www.openstreetmap.org/node/5795904835,-0.64,
valhalla-grill,hoan-kiem,food,candidate,ok,,street_food,,,Valhalla grill,,21.036013,105.852593,amenity=fast_food,,,,,,,,,https://www.openstreetmap.org/node/6136355785,-0.64,
banhmi-station,hoan-kiem,food,candidate,ok,,street_food,,,Banhmi Station,,21.036021,105.852832,amenity=fast_food,,,,,,,,,https://www.openstreetmap.org/node/11662252388,-0.64,
com-nien-viet,hoan-kiem,food,candidate,ok,,restaurant,,,Com Nien Viet,,21.03533,105.849273,amenity=restaurant,26,,,,,,,,https://www.openstreetmap.org/node/11671848849,-0.64,
beeznees-1920s,hoan-kiem,food,candidate,adult,alcohol / 18+,bar,,,Beeznees 1920s,,21.031347,105.845285,amenity=bar,163 Phố Phùng Hưng,,,,,,,,https://www.openstreetmap.org/node/12076519269,-0.64,
banh-mi-17,hoan-kiem,food,candidate,ok,,street_food,,,Bánh Mì 17,,21.036027,105.852437,amenity=fast_food,,,,,,,,,https://www.openstreetmap.org/node/13459713601,-0.64,
kepp,hoan-kiem,food,candidate,ok,,street_food,asian,,Kepp.,,21.035879,105.85148,amenity=fast_food,,,,,,,,,https://www.openstreetmap.org/node/13986170474,-0.64,
nha-hang-kamasutra,hoan-kiem,food,candidate,ok,,restaurant,,,Nhà Hàng Kamasutra,,21.034349,105.847499,amenity=restaurant,,,,,,,,,https://www.openstreetmap.org/node/3678371141,-0.65,
ca-phe-aha-2291,hoan-kiem,food,candidate,ok,,cafe,,,Cà Phê Aha,,21.036144,105.852693,amenity=cafe,2,,,,,,,,https://www.openstreetmap.org/node/4383692291,-0.65,
quan-bia-hoi-corner,hoan-kiem,food,candidate,adult,alcohol / 18+,bar,,,Quán Bia Hơi Corner,,21.036145,105.852835,amenity=bar,,,,,,,,,https://www.openstreetmap.org/node/5523872521,-0.65,
nha-hang-garden-house-2,hoan-kiem,food,candidate,ok,,restaurant,,,Nhà Hàng Garden House 2,,21.036102,105.852481,amenity=restaurant,,,,,,,,,https://www.openstreetmap.org/node/6142520285,-0.65,
vegetarian-banh-my-15k,hoan-kiem,food,candidate,ok,,street_food,"asian, sandwich, local",,Vegetarian Banh My 15k,,21.036087,105.852581,amenity=fast_food,,,,,,,,,https://www.openstreetmap.org/node/6348643089,-0.65,
nha-hang-bodhi,hoan-kiem,food,candidate,ok,,restaurant,,,Nhà Hàng Bodhi,,21.021819,105.850093,amenity=restaurant,,,,,,,,,https://www.openstreetmap.org/node/6975785986,-0.65,
rajbhog,hoan-kiem,food,candidate,ok,,restaurant,indian,,Rajbhog,,21.035269,105.848914,amenity=restaurant,45,,,,,,,,https://www.openstreetmap.org/node/11652644710,-0.65,
ramkrishna,hoan-kiem,food,candidate,ok,,restaurant,indian,,Ramkrishna,,21.036057,105.852139,amenity=restaurant,26,,,,,,,,https://www.openstreetmap.org/node/11652724264,-0.65,
kafa-cafe-4177,hoan-kiem,food,candidate,ok,,cafe,coffee_shop,,Kafa Café,,21.010504,105.849441,amenity=cafe,38 Phố Lê Đại Hành,,https://kafa.com.vn/,,,,,,https://www.openstreetmap.org/node/11662204177,-0.65,
m-8-te,hoan-kiem,food,candidate,ok,,cafe,coffee_shop,,M(8)te,,21.04434,105.841748,amenity=cafe,Phố Trấn Vũ,Mo-Su 08:00-22:00,,,,,,,https://www.openstreetmap.org/node/11886893369,-0.65,
unicb-eatery,hoan-kiem,food,candidate,ok,,restaurant,asian,,UnicB Eatery,,21.01613,105.849689,amenity=restaurant,50 Phố Bùi Thị Xuân,,,,,,,,https://www.openstreetmap.org/way/1247540221,-0.65,
pateta,hoan-kiem,food,candidate,ok,,restaurant,,,Pateta,,21.036177,105.852817,amenity=restaurant,,,,,,,,,https://www.openstreetmap.org/node/4295603189,-0.66,
nhat-long-coffe,hoan-kiem,food,candidate,ok,,cafe,,,Nhat Long Coffe,,21.034542,105.847497,amenity=cafe,,,,,,,,,https://www.openstreetmap.org/node/5987797085,-0.66,
nha-hang-gimbap-house,hoan-kiem,food,candidate,ok,,restaurant,,,Nhà Hàng Gimbap House,,21.026799,105.844855,amenity=restaurant,,,,,,,,,https://www.openstreetmap.org/node/7176643237,-0.66,
savor,hoan-kiem,food,candidate,ok,,street_food,,,Savor,,21.027359,105.844704,amenity=fast_food,,,,,,,,,https://www.openstreetmap.org/node/7176652317,-0.66,
che-sau-lien,hoan-kiem,food,candidate,ok,,cafe,dessert,,Chè Sầu Liên,,21.026609,105.844888,amenity=cafe,,,,,,,,,https://www.openstreetmap.org/node/9931530763,-0.66,
bun-dau-thanh-hang,hoan-kiem,food,candidate,ok,,street_food,,,Bún đậu Thanh Hằng,,21.036171,105.8531,amenity=fast_food,,,,,,,,,https://www.openstreetmap.org/node/10648787605,-0.66,
lau-cua-dong-hoa-lac,hoan-kiem,food,candidate,ok,,restaurant,,,Lẩu cua đồng Hòa Lạc,,21.015922,105.850213,amenity=restaurant,90 Phố Triệu Việt Vương,,,,,,,,https://www.openstreetmap.org/node/11613547721,-0.66,
taipei-express,hoan-kiem,food,candidate,ok,,restaurant,chinese,,Taipei Express,,21.010348,105.849675,amenity=restaurant,34 Phố Lê Đại Hành,"Tu-Su 10:00-14:00,17:00-21:00",,,,,,,https://www.openstreetmap.org/node/11659995710,-0.66,
pho-thanh,hoan-kiem,food,candidate,ok,,restaurant,"pho, vietnamese",,Phở Thành,,21.025724,105.845267,amenity=restaurant,,,,,,,,,https://www.openstreetmap.org/node/13027900308,-0.66,
mom-s,hoan-kiem,food,candidate,ok,,street_food,,,Mom's,,21.033711,105.846484,amenity=fast_food,,,,,,,,,https://www.openstreetmap.org/node/13391091702,-0.66,
ca-phe-aha-8929,hoan-kiem,food,candidate,ok,,cafe,,,Cà Phê Aha,,21.034328,105.847107,amenity=cafe,,,,,,,,,https://www.openstreetmap.org/node/2272708929,-0.67,
ca-phe-aroi,hoan-kiem,food,candidate,ok,,cafe,,,Cà Phê Aroi,,21.034493,105.847134,amenity=cafe,79 Phố Hàng Gà,,,,,,,,https://www.openstreetmap.org/node/2308781230,-0.67,
cau-man,hoan-kiem,food,candidate,ok,,restaurant,,,Cau man,,21.036322,105.852641,amenity=restaurant,Phố Đào Duy Từ,,,,,,,,https://www.openstreetmap.org/node/10779680205,-0.67,
eggyolk,hoan-kiem,food,candidate,ok,,cafe,,,Eggyolk,,21.021291,105.853274,amenity=cafe,,,,,,,,,https://www.openstreetmap.org/node/12067360419,-0.67,
coffee-40,hoan-kiem,food,candidate,ok,,cafe,,,Coffee 40,,21.031486,105.844904,amenity=cafe,40,,,,,,,,https://www.openstreetmap.org/node/12078122269,-0.67,
cafe-bap-42,hoan-kiem,food,candidate,ok,,cafe,,,Cafe Bắp 42,,21.031454,105.844897,amenity=cafe,42,,,,,,,,https://www.openstreetmap.org/node/12078122270,-0.67,
ms-huong-ly,hoan-kiem,food,candidate,ok,,cafe,,,Ms Hương Ly,,21.031417,105.844889,amenity=cafe,44,,,,,,,,https://www.openstreetmap.org/node/12078122271,-0.67,
ann-coffee-tea,hoan-kiem,food,candidate,ok,,cafe,,,Ann Coffee & Tea,,21.031301,105.844857,amenity=cafe,52,,,,,,,,https://www.openstreetmap.org/node/12078122273,-0.67,
cat-coffee-2274,hoan-kiem,food,candidate,ok,,cafe,,,Cat Coffee,,21.031275,105.844851,amenity=cafe,54,,,,,,,,https://www.openstreetmap.org/node/12078122274,-0.67,
coffee-54-58,hoan-kiem,food,candidate,ok,,cafe,,,Coffee 54 - 58,,21.031246,105.844836,amenity=cafe,,,,,,,,,https://www.openstreetmap.org/node/12078122275,-0.67,
coffee-san-ga,hoan-kiem,food,candidate,ok,,cafe,,,Coffee - Sân Ga,,21.031172,105.844804,amenity=cafe,62,,,,,,,,https://www.openstreetmap.org/node/12078122276,-0.67,
coffee-64,hoan-kiem,food,candidate,ok,,cafe,,,Coffee 64,,21.031122,105.844784,amenity=cafe,64,,,,,,,,https://www.openstreetmap.org/node/12078122277,-0.67,
sixty-six-coffee,hoan-kiem,food,candidate,ok,,cafe,,,Sixty Six Coffee,,21.031091,105.844765,amenity=cafe,66,,,,,,,,https://www.openstreetmap.org/node/12078122278,-0.67,
the-train-since-1881,hoan-kiem,food,candidate,ok,,cafe,,,The Train Since 1881,,21.03105,105.844747,amenity=cafe,68,,,,,,,,https://www.openstreetmap.org/node/12078122279,-0.67,
cofee-70,hoan-kiem,food,candidate,ok,,cafe,,,Cofee 70,,21.031013,105.844731,amenity=cafe,70,,,,,,,,https://www.openstreetmap.org/node/12078122280,-0.67,
ga-dong-duong,hoan-kiem,food,candidate,ok,,cafe,,,Ga Đông Dương,,21.030611,105.844638,amenity=cafe,,,,,,,,,https://www.openstreetmap.org/node/12078134479,-0.67,
hao-hao-coffee,hoan-kiem,food,candidate,ok,,cafe,,,Hảo Hảo Coffee,,21.030766,105.844732,amenity=cafe,,,,,,,,,https://www.openstreetmap.org/node/12078134482,-0.67,
cafe-van,hoan-kiem,food,candidate,ok,,cafe,,,Càfê Vân,,21.030833,105.844765,amenity=cafe,,,,,,,,,https://www.openstreetmap.org/node/12078134483,-0.67,
76-train-street,hoan-kiem,food,candidate,ok,,cafe,,,76 Train Street,,21.030866,105.844779,amenity=cafe,,,,,,,,,https://www.openstreetmap.org/node/12078134484,-0.67,
74-train-street,hoan-kiem,food,candidate,ok,,cafe,,,74 Train Street,,21.030895,105.844791,amenity=cafe,,,,,,,,,https://www.openstreetmap.org/node/12078134485,-0.67,
72-train-street,hoan-kiem,food,candidate,ok,,cafe,,,72 Train Street,,21.03092,105.844802,amenity=cafe,,,,,,,,,https://www.openstreetmap.org/node/12078134486,-0.67,
70-train-street,hoan-kiem,food,candidate,ok,,cafe,,,70 Train Street,,21.030951,105.844815,amenity=cafe,,,,,,,,,https://www.openstreetmap.org/node/12078134487,-0.67,
cofeli,hoan-kiem,food,candidate,ok,,cafe,coffee_shop,,Cofeli,,21.025206,105.84536,amenity=cafe,,,,,,,,,https://www.openstreetmap.org/node/13033490185,-0.67,
cafe-do,hoan-kiem,food,candidate,ok,,cafe,,,Cafe Dô,,21.033336,105.846001,amenity=cafe,,,,,,,,,https://www.openstreetmap.org/node/13389926201,-0.67,
local-restaurant,hoan-kiem,food,candidate,ok,,restaurant,,,Local restaurant,,21.034929,105.847756,amenity=restaurant,5 Phố Hàng Bút,,,,,,,,https://www.openstreetmap.org/node/13611774001,-0.67,
nha-hang-classico,hoan-kiem,food,candidate,ok,,restaurant,,,Nhà Hàng Classico,,21.025414,105.84514,amenity=restaurant,,,,,,,,,https://www.openstreetmap.org/node/723671525,-0.68,
cua-hang-bia-hoi-ha-noi,hoan-kiem,food,candidate,ok,,restaurant,,,Cửa Hàng Bia Hơi Hà Nội,,21.03368,105.846228,amenity=restaurant,Bát Đàn,,,,,,,,https://www.openstreetmap.org/node/4226766214,-0.68,
nha-hang-highway-4,hoan-kiem,food,candidate,ok,,restaurant,"chicken, vietnamese, curry, asian",,Nhà Hàng Highway 4,,21.034875,105.847533,amenity=restaurant,,,,,,,,,https://www.openstreetmap.org/node/4358971989,-0.68,
ca-phe-no-1,hoan-kiem,food,candidate,ok,,cafe,,,Cà Phê No.1,,21.036268,105.85074,amenity=cafe,1 Ngõ Gạch,,,,,,,,https://www.openstreetmap.org/node/4791005121,-0.68,
hanoian,hoan-kiem,food,candidate,ok,,cafe,,,Hanoian,,21.032072,105.845037,amenity=cafe,10A,,,,,,,,https://www.openstreetmap.org/node/12078106229,-0.68,
giaos-coffee,hoan-kiem,food,candidate,ok,,cafe,,,Giao’s Coffee,,21.031974,105.845015,amenity=cafe,14,,,,,,,,https://www.openstreetmap.org/node/12078106232,-0.68,
coffee-station-16,hoan-kiem,food,candidate,ok,,cafe,,,Coffee Station 16,,21.031952,105.84501,amenity=cafe,16,,,,,,,,https://www.openstreetmap.org/node/12078106233,-0.68,
mincolin,hoan-kiem,food,candidate,ok,,cafe,,,mincolin,,21.031927,105.845004,amenity=cafe,18,,,,,,,,https://www.openstreetmap.org/node/12078106234,-0.68,
20-railway,hoan-kiem,food,candidate,ok,,cafe,,,20 Railway,,21.0319,105.844998,amenity=cafe,20,,,,,,,,https://www.openstreetmap.org/node/12078106235,-0.68,
24-the-small-station,hoan-kiem,food,candidate,ok,,cafe,,,24 The Small Station,,21.03185,105.844987,amenity=cafe,,,,,,,,,https://www.openstreetmap.org/node/12078106236,-0.68,
coffee-cold-beer,hoan-kiem,food,candidate,ok,,cafe,,,Coffee - Cold Beer,,21.031796,105.844975,amenity=cafe,28,,,,,,,,https://www.openstreetmap.org/node/12078106237,-0.68,
gold-coffee,hoan-kiem,food,candidate,ok,,cafe,,,Gold Coffee,,21.031684,105.844949,amenity=cafe,32,,,,,,,,https://www.openstreetmap.org/node/12078106239,-0.68,
coffee-van-78,hoan-kiem,food,candidate,ok,,cafe,,,Coffee Vân 78,,21.030825,105.844631,amenity=cafe,78,,,,,,,,https://www.openstreetmap.org/node/12078122283,-0.68,
coffee-bends-84,hoan-kiem,food,candidate,ok,,cafe,,,Coffee Bends 84,,21.030723,105.844565,amenity=cafe,84,,,,,,,,https://www.openstreetmap.org/node/12078122286,-0.68,
railway-tuan-cafe,hoan-kiem,food,candidate,ok,,cafe,,,Railway Tuan Cafe,,21.030362,105.84443,amenity=cafe,,,,,,,,,https://www.openstreetmap.org/node/12078134473,-0.68,
nha-le,hoan-kiem,food,candidate,ok,,cafe,,,Nhà Lê,,21.030454,105.844516,amenity=cafe,,,,,,,,,https://www.openstreetmap.org/node/12078134475,-0.68,
choo-choo-coffee,hoan-kiem,food,candidate,ok,,cafe,,,Choo Choo Coffee,,21.030501,105.844555,amenity=cafe,,,,,,,,,https://www.openstreetmap.org/node/12078134476,-0.68,
coffee-chill-96,hoan-kiem,food,candidate,ok,,cafe,,,Coffee Chill 96,,21.030535,105.844585,amenity=cafe,,,,,,,,,https://www.openstreetmap.org/node/12078134477,-0.68,
katinat,hoan-kiem,food,candidate,ok,,cafe,,,Katinat,,21.025053,105.845331,amenity=cafe,,,,,,,,,https://www.openstreetmap.org/node/13039615010,-0.68,
r-r-tavern,hoan-kiem,food,candidate,adult,alcohol / 18+,bar,,,R&R Tavern,,21.027487,105.844365,amenity=pub,,,,,,,,,https://www.openstreetmap.org/node/723671512,-0.69,
san-ho,hoan-kiem,food,candidate,ok,,restaurant,,,San Ho,,21.024903,105.84526,amenity=restaurant,,,,,,,,,https://www.openstreetmap.org/node/3189922817,-0.69,
nhat-mon,hoan-kiem,food,candidate,ok,,restaurant,,,Nhat Mon,,21.036456,105.851475,amenity=restaurant,,,,,,,,,https://www.openstreetmap.org/node/4570650495,-0.69,
nha-hang-don-duck,hoan-kiem,food,candidate,ok,,restaurant,,,Nhà Hàng Don Duck,,21.036431,105.850906,amenity=restaurant,,,,,,,,,https://www.openstreetmap.org/node/4580702592,-0.69,
banh-my-lanh-ong,hoan-kiem,food,candidate,ok,,street_food,,,Banh My Lanh Ong,,21.035843,105.849075,amenity=fast_food,,,,,,,,,https://www.openstreetmap.org/node/9931504435,-0.69,
quan-co-nhan,hoan-kiem,food,candidate,ok,,restaurant,noodle,,Quán Cô Nhàn,,21.036465,105.851543,amenity=restaurant,36 Nguyễn Siêu,,,,,,,,https://www.openstreetmap.org/node/10298693327,-0.69,
coffee-man,hoan-kiem,food,candidate,ok,,cafe,coffee_shop,,Coffee Mặn,,21.01556,105.850848,amenity=cafe,34 Phố Mai Hắc Đế,,,,,,,,https://www.openstreetmap.org/node/11649543062,-0.69,
warning-reggae-pub,hoan-kiem,food,candidate,adult,alcohol / 18+,bar,,,Warning Reggae Pub,,21.036439,105.851447,amenity=bar,29,,,,,,,,https://www.openstreetmap.org/node/11671720190,-0.69,
briques,hoan-kiem,food,candidate,ok,,street_food,,,Briques,,21.036276,105.850426,amenity=fast_food,9,,,,,,,,https://www.openstreetmap.org/node/11671757415,-0.69,
bami-king,hoan-kiem,food,candidate,ok,,street_food,sandwich,,Bami King,,21.040553,105.845565,amenity=fast_food,56 Phố Quán Thánh,,,,,,,,https://www.openstreetmap.org/node/11829544969,-0.69,
bia-hoi-ha-noi,hoan-kiem,food,candidate,adult,alcohol / 18+,bar,,,Bia Hơi Hà Nội,,21.040522,105.845617,amenity=bar,54 Phố Quán Thánh,,,,,,,,https://www.openstreetmap.org/node/11832300270,-0.69,
1977-station-cafe,hoan-kiem,food,candidate,ok,,cafe,,,1977 Station Cafe,,21.032161,105.845057,amenity=cafe,6,,,,,,,,https://www.openstreetmap.org/node/12078106227,-0.69,
huyen-coffee,hoan-kiem,food,candidate,ok,,cafe,,,Huyền Coffee,,21.032131,105.845051,amenity=cafe,8,,,,,,,,https://www.openstreetmap.org/node/12078106228,-0.69,
90-duong-tau,hoan-kiem,food,candidate,ok,,cafe,,,90 Đường Tàu,,21.030591,105.844462,amenity=cafe,90,,,,,,,,https://www.openstreetmap.org/node/12078122289,-0.69,
an-an-coffee,hoan-kiem,food,candidate,ok,,cafe,,,An An Coffee,,21.030453,105.844341,amenity=cafe,102,,,,,,,,https://www.openstreetmap.org/node/12078122293,-0.69,
eisenbahn-kaffee,hoan-kiem,food,candidate,ok,,cafe,,,Eisenbahn Kaffee,,21.03023,105.844277,amenity=cafe,4 Phố Trần Phú,,,,,,,,https://www.openstreetmap.org/node/12078134470,-0.69,
ca-phe-ga-dong-duong,hoan-kiem,food,candidate,ok,,cafe,regional,,Cà Phê Ga Đông Dương,,21.030267,105.844315,amenity=cafe,,,,,,,,,https://www.openstreetmap.org/node/12078134471,-0.69,
egg-coffee-more,hoan-kiem,food,candidate,ok,,cafe,,,Egg coffee & more,,21.034708,105.847102,amenity=cafe,,,,,,,,,https://www.openstreetmap.org/node/13690375426,-0.69,
bross-craft-beer,hoan-kiem,food,candidate,adult,alcohol / 18+,bar,,,Bross Craft Beer,,21.028353,105.844195,amenity=pub,,,,,,,,,https://www.openstreetmap.org/node/13744156501,-0.69,
nha-hang-nam-phuong,hoan-kiem,food,candidate,ok,,restaurant,,,Nhà hàng Nam Phương,,21.021755,105.856386,amenity=restaurant,,,,,,,,,https://www.openstreetmap.org/node/442030367,-0.7,
kem-trung-ba-khanh,hoan-kiem,food,candidate,ok,,cafe,regional,,Kem Trung Bà Khanh,,21.026718,105.844378,amenity=cafe,55b Hai Bà Trưng,,,,,,,,https://www.openstreetmap.org/node/7966613194,-0.7,
highlands-coffee-5107,hoan-kiem,food,candidate,ok,,cafe,,,Highlands coffee,,21.021339,105.855108,amenity=cafe,,,,,,,,,https://www.openstreetmap.org/node/11152625107,-0.7,
don-duck,hoan-kiem,food,candidate,ok,,restaurant,,,Don Duck,,21.036601,105.851686,amenity=restaurant,Nguyễn Siêu,,,,,,,,https://www.openstreetmap.org/node/11490090670,-0.7,
pho-suong-co-muoi,hoan-kiem,food,candidate,ok,,restaurant,noodle,,Phở Sướng Cô Mười,,21.01539,105.850854,amenity=restaurant,36B Phố Mai Hắc Đế,,,,,,,,https://www.openstreetmap.org/node/11649543061,-0.7,
dream-beans-coffee-9725,hoan-kiem,food,candidate,ok,,cafe,coffee_shop,,Dream Beans Coffee,,21.036614,105.852015,amenity=cafe,11 A,,,,,,,,https://www.openstreetmap.org/node/11662619725,-0.7,
ha-noi-cheers,hoan-kiem,food,candidate,adult,alcohol / 18+,bar,,,Ha Noi Cheers,,21.036645,105.853042,amenity=bar,,,,,,,,,https://www.openstreetmap.org/node/11668897333,-0.7,
hanoi-bami,hoan-kiem,food,candidate,ok,,street_food,,,Hanoi Bami,,21.036384,105.85008,amenity=fast_food,21,,,,,,,,https://www.openstreetmap.org/node/11671738915,-0.7,
may-hanoi-cafe,hoan-kiem,food,candidate,ok,,cafe,,,May Hanoi Cafe,,21.030367,105.844257,amenity=cafe,110,,,,,,,,https://www.openstreetmap.org/node/12078112267,-0.7,
railways-tuan-cafe,hoan-kiem,food,candidate,ok,,cafe,,,Railways Tuan Café,,21.030345,105.844235,amenity=cafe,112,,,,,,,,https://www.openstreetmap.org/node/12078112268,-0.7,
pub-viet-streaming-formula-1,hoan-kiem,food,candidate,adult,alcohol / 18+,bar,,,Pub Viet (Streaming Formula 1),,21.036702,105.852866,amenity=bar,15C Phố Chợ Gạo,,,,,,,,https://www.openstreetmap.org/node/12373245565,-0.7,
mexican-fusion-bites,hoan-kiem,food,candidate,ok,,restaurant,,,Mexican Fusion Bites,,21.029661,105.844074,amenity=restaurant,,,,,,,,,https://www.openstreetmap.org/node/13351377859,-0.7,
bo-to-quan-moc,hoan-kiem,food,candidate,ok,,restaurant,,,Bò tơ quán Mộc,,21.010181,105.84767,amenity=restaurant,2 Phố Hoa Lư,,https://botoquanmoc.com/,,,,,,https://www.openstreetmap.org/way/1214358075,-0.7,
gent-steak,hoan-kiem,food,candidate,ok,,restaurant,steak_house,,Gent Steak+,,21.015559,105.850006,amenity=restaurant,95 Phố Bùi Thị Xuân,,,,,,,,https://www.openstreetmap.org/way/1248885731,-0.7,
solace,hoan-kiem,food,candidate,adult,alcohol / 18+,bar,,,Solace,,21.030131,105.860928,amenity=bar,,,,,,,,,https://www.openstreetmap.org/node/723795408,-0.71,
nha-hang-net-hue-9425,hoan-kiem,food,candidate,ok,,restaurant,,,Nhà Hàng Nét Huế,,21.028719,105.843996,amenity=restaurant,198 Phố Hàng Bông,,,,,,,,https://www.openstreetmap.org/node/4740929425,-0.71,
nha-hang-chicken-street,hoan-kiem,food,candidate,ok,,restaurant,vietnamese,,Nhà Hàng Chicken Street,,21.031337,105.832103,amenity=restaurant,Lý Văn Phúc,,,,,,,,https://www.openstreetmap.org/node/4810696421,-0.71,
ca-phe-aha-7085,hoan-kiem,food,candidate,ok,,cafe,,,Cà Phê Aha,,21.024865,105.845111,amenity=cafe,,,,,,,,,https://www.openstreetmap.org/node/7098077085,-0.71,
tiem-banh-mi-5573,hoan-kiem,food,candidate,ok,,street_food,,,Tiem Banh Mi,,21.035498,105.847912,amenity=fast_food,,,,,,,,,https://www.openstreetmap.org/node/7189825573,-0.71,
banh-my-pate,hoan-kiem,food,candidate,ok,,street_food,,,Bánh Mỳ Patê,,21.036056,105.848955,amenity=fast_food,11 Phố Hàng Cá,,,,,,,,https://www.openstreetmap.org/node/9931517984,-0.71,
banh-mi-mama,hoan-kiem,food,candidate,ok,,cafe,,,Banh Mi Mama,,21.0368,105.852355,amenity=cafe,2,,,,,,,,https://www.openstreetmap.org/node/11671750165,-0.71,
a-ga-dong-duong,hoan-kiem,food,candidate,ok,,cafe,,,A Ga Đông Dương,,21.030235,105.844111,amenity=cafe,,,,,,,,,https://www.openstreetmap.org/node/13272057352,-0.71,
banh-mi,hoan-kiem,food,candidate,ok,,street_food,,,Bánh mì,,21.034971,105.847087,amenity=fast_food,,,,,,,,,https://www.openstreetmap.org/node/13415150801,-0.71,
kieu-quan,hoan-kiem,food,candidate,ok,,restaurant,,,Kiều Quán,,21.015509,105.849686,amenity=restaurant,74 Phố Bùi Thị Xuân,,,,,,,,https://www.openstreetmap.org/way/1247335541,-0.71,
ca-phe-goethe,hoan-kiem,food,candidate,ok,,cafe,german,,Cà Phê Goethe,,21.030058,105.83782,amenity=cafe,56 Phố Nguyễn Thái Học,,,,,,,,https://www.openstreetmap.org/node/3679951225,-0.72,
nha-hang-hanoi-taco-bar,hoan-kiem,food,candidate,ok,,restaurant,,,Nhà Hàng Hanoi Taco Bar,,21.036864,105.852547,amenity=restaurant,,,,,,,,,https://www.openstreetmap.org/node/5822647453,-0.72,
kafa-cafe-5685,hoan-kiem,food,candidate,ok,,cafe,,,Kafa Cafe,,21.036167,105.848884,amenity=cafe,6B,,,,,,,,https://www.openstreetmap.org/node/6432355685,-0.72,
ca-phe-kadi,hoan-kiem,food,candidate,ok,,cafe,,,Cà Phê Kadi,,21.034108,105.845879,amenity=cafe,,,,,,,,,https://www.openstreetmap.org/node/7176674340,-0.72,
cafe-ha,hoan-kiem,food,candidate,ok,,cafe,,,Cafe Hà,,21.040808,105.84536,amenity=cafe,66 Phố Quán Thánh,,,,,,,,https://www.openstreetmap.org/node/12135488901,-0.72,
chay-via-he,hoan-kiem,food,candidate,ok,,restaurant,vietnamese,,Chay Vỉa Hè,,21.045773,105.842627,amenity=restaurant,,,,,,,,,https://www.openstreetmap.org/node/13592363601,-0.72,
ding-tea-6991,hoan-kiem,food,candidate,ok,,cafe,bubble_tea,Ding Tea,Ding Tea,Ding Tea,21.041823,105.847346,amenity=cafe,27 Phố Hàng Than,,,,,,,,https://www.openstreetmap.org/node/4580736991,-0.73,
ca-phe-cu-bao,hoan-kiem,food,candidate,ok,,cafe,,,Cà Phê Cu Bảo,,21.031595,105.844232,amenity=cafe,Phố Lý Nam Đế,,,,,,,,https://www.openstreetmap.org/node/5424118323,-0.73,
cafe-tu-anh,hoan-kiem,food,candidate,ok,,cafe,,,Café Tú Anh,,21.02231,105.84721,amenity=cafe,,,,,,,,,https://www.openstreetmap.org/node/10867386005,-0.73,
bun-bo-hue-o-xuan-0701,hoan-kiem,food,candidate,ok,,restaurant,noodle,,Bún bò Huế O Xuân,,21.015078,105.850567,amenity=restaurant,25 Phố Tuệ Tĩnh,,,,,,,,https://www.openstreetmap.org/node/11500070701,-0.73,
pizza-via-he,hoan-kiem,food,candidate,ok,,street_food,,,Pizza via he,,21.032329,105.844499,amenity=fast_food,89a Phố Lý Nam Đế,,,,,,,,https://www.openstreetmap.org/node/13608814601,-0.73,
ca-bop-eggcoffee-art-corner,hoan-kiem,food,candidate,ok,,cafe,,,Cà Bóp - Eggcoffee & Art Corner,,21.036074,105.848304,amenity=cafe,,,,,,,,,https://www.openstreetmap.org/node/13632947701,-0.73,
nha-hang-chay-phuong-nam,hoan-kiem,food,candidate,ok,,restaurant,,,Nhà Hàng Chay Phương Nam,,21.022232,105.84695,amenity=restaurant,,,,,,,,,https://www.openstreetmap.org/node/442030353,-0.74,
curry-house-maiya,hoan-kiem,food,candidate,ok,,restaurant,,,Curry House Maiya,,21.037109,105.852231,amenity=restaurant,,,,,,,,,https://www.openstreetmap.org/node/4164893394,-0.74,
xofa,hoan-kiem,food,candidate,ok,,cafe,,,Xofa,,21.029396,105.843568,amenity=cafe,,,,,,,,,https://www.openstreetmap.org/node/4776679721,-0.74,
ca-phe-cham,hoan-kiem,food,candidate,ok,,cafe,,,Cà Phê Cham,,21.036947,105.850773,amenity=cafe,,,,,,,,,https://www.openstreetmap.org/node/6480762785,-0.74,
ca-phe-cay-da,hoan-kiem,food,candidate,ok,,cafe,,,Cà Phê Cây Đa,,21.034281,105.845826,amenity=cafe,,,,,,,,,https://www.openstreetmap.org/node/7176674453,-0.74,
ne-cocktail-bar,hoan-kiem,food,candidate,adult,alcohol / 18+,bar,,,Ne Cocktail Bar,,21.034661,105.846213,amenity=bar,,,,,,,,,https://www.openstreetmap.org/node/9733952017,-0.74,
ca-bop,hoan-kiem,food,candidate,ok,,cafe,coffee_shop,,Ca Bop,,21.03548,105.847092,amenity=cafe,Phố Hàng Vải,,,,,,,,https://www.openstreetmap.org/node/10244441610,-0.74,
sober-cocktails-bar,hoan-kiem,food,candidate,adult,alcohol / 18+,bar,,,Sober Cocktails Bar,,21.037077,105.852264,amenity=bar,12,,,,,,,,https://www.openstreetmap.org/node/11662620872,-0.74,
trang-nhi,hoan-kiem,food,candidate,ok,,restaurant,,,Trang Nhi,,21.029233,105.843582,amenity=restaurant,,,,,,,,,https://www.openstreetmap.org/node/12404466212,-0.74,
cong-caphe-0690,hoan-kiem,food,candidate,ok,,cafe,"coffee_shop, vietnamese",Cộng Cà Phê,Cộng Cà Phê,Cong Caphe,21.033644,105.838405,amenity=cafe,32 Đường Điện Biên Phủ,,,,,,,,https://www.openstreetmap.org/node/4453120690,-0.75,
nha-hang-bang-mi,hoan-kiem,food,candidate,ok,,restaurant,,,Nhà Hàng Bang Mi,,21.036368,105.84859,amenity=restaurant,,,,,,,,,https://www.openstreetmap.org/node/4589086092,-0.75,
che-nha-suvy,hoan-kiem,food,candidate,ok,,restaurant,"dessert, vietnamese",,Chè Nhà Suvy,,21.021273,105.848508,amenity=restaurant,33 Phố Quang Trung,,,,,,,,https://www.openstreetmap.org/node/12644690081,-0.75,
my-van-than-sui-cao,hoan-kiem,food,candidate,ok,,street_food,,,My vằn thắn sủi cảo,,21.03716,105.850681,amenity=fast_food,52 Phố Hàng Chiếu,,,,,,,,https://www.openstreetmap.org/node/10650885412,-0.76,
my-van-than-binh-tay-pho,hoan-kiem,food,candidate,ok,,street_food,,,Mỳ vằn thắn Bình Tây Phố,,21.037168,105.850796,amenity=fast_food,54 Phố Hàng Chiếu,,,,,,,,https://www.openstreetmap.org/node/10651023006,-0.76,
banh-ran-mat-duong,hoan-kiem,food,candidate,ok,,street_food,,,Bánh rán mật đường,,21.037222,105.85092,amenity=fast_food,52 Phố Hàng Chiếu,,,,,,,,https://www.openstreetmap.org/node/10651024105,-0.76,
chick-garden,hoan-kiem,food,candidate,ok,,restaurant,,,Chick Garden,,21.04204,105.84702,amenity=restaurant,2 C Phố Nguyễn Trường Tộ,,,,,,,,https://www.openstreetmap.org/node/12050991969,-0.76,
verticale,hoan-kiem,food,candidate,ok,,restaurant,,,Verticale,,21.02096,105.848611,amenity=restaurant,19 Ngô Văn Sở,,,,,,,,https://www.openstreetmap.org/node/5826775185,-0.77,
ca-phe-all-day,hoan-kiem,food,candidate,ok,,cafe,coffee_shop,,Cà Phê All Day,,21.041054,105.844656,amenity=cafe,55 Ngõ Hàng Bún,,,,,,,,https://www.openstreetmap.org/node/8083794323,-0.77,
salt-n-pepper,hoan-kiem,food,candidate,ok,,restaurant,,,Salt n Pepper,,21.029044,105.843209,amenity=restaurant,,,,,,,,,https://www.openstreetmap.org/node/9753515618,-0.77,
cay-si,hoan-kiem,food,candidate,ok,,restaurant,,,Cây Si,,21.028867,105.843101,amenity=restaurant,,,,,,,,,https://www.openstreetmap.org/node/446043425,-0.78,
ca-phe-cabine,hoan-kiem,food,candidate,ok,,cafe,,,Cà Phê Cabine,,21.020078,105.851963,amenity=cafe,52 Hàng Bài,,,,,,,,https://www.openstreetmap.org/node/4549010614,-0.78,
pho-ganh-dam-trau,hoan-kiem,food,candidate,ok,,restaurant,noodle,,Pho Ganh Dam Trau,,21.012198,105.864414,amenity=restaurant,Luong Yen,We 00:31:18:31,,,,,,,https://www.openstreetmap.org/node/4631390665,-0.78,
mien-with-eel,hoan-kiem,food,candidate,ok,,restaurant,,,Mien with eel,,21.020089,105.853029,amenity=restaurant,,,,,,,,,https://www.openstreetmap.org/node/12067360424,-0.78,
nha-hang-la-badiane,hoan-kiem,food,candidate,ok,,restaurant,,,Nhà Hàng La Badiane,,21.026588,105.843257,amenity=restaurant,10 Nam Ngư,,,,,,,,https://www.openstreetmap.org/node/723684563,-0.79,
nha-hang-hoa-sua,hoan-kiem,food,candidate,ok,,restaurant,,,Nhà Hàng Hoa Sữa,,21.021224,105.847497,amenity=restaurant,,,,,,,,,https://www.openstreetmap.org/node/723684568,-0.79,
quan-com-mau-dich,hoan-kiem,food,candidate,ok,,restaurant,vietnamese,,Quán Cơm Mậu Dịch,,21.045545,105.840548,amenity=restaurant,37 Phố Nam Tràng,,,,,,,,https://www.openstreetmap.org/node/3496464405,-0.79,
xoi-yen-5585,hoan-kiem,food,candidate,ok,,street_food,,,Xôi Yên,,21.020118,105.854573,amenity=fast_food,29A Phố Trần Hưng Đạo,,,,,,,,https://www.openstreetmap.org/node/5966485585,-0.79,
ca-phe-infact,hoan-kiem,food,candidate,ok,,cafe,coffee_shop,,Cà Phê Infact,,21.008901,105.848944,amenity=cafe,352 Phố Bà Triệu,Mo-Su 08:00-22:00,https://www.facebook.com/infactcoffee/,,,,,,https://www.openstreetmap.org/node/8942732117,-0.79,
pho-lam,hoan-kiem,food,candidate,ok,,restaurant,"noodle, vietnamese",,Phở Lâm,,21.035644,105.846433,amenity=restaurant,48 Phố Hàng Vải,,,,,,,,https://www.openstreetmap.org/node/10298693329,-0.79,
an-an,hoan-kiem,food,candidate,ok,,cafe,,,An An,,21.022691,105.859473,amenity=cafe,10 Phố Phạm Ngũ Lão,,,,,,,,https://www.openstreetmap.org/node/14033302445,-0.79,
ca-phe-bamidon,hoan-kiem,food,candidate,ok,,cafe,,,Cà Phê Bamidon,,21.035631,105.84623,amenity=cafe,,,,,,,,,https://www.openstreetmap.org/node/7059653585,-0.8,
bia-u-phao,hoan-kiem,food,candidate,ok,,restaurant,,,Bia Ụ Pháo,,21.044101,105.838274,amenity=restaurant,1 Phố Trấn Vũ,10:00-21:00,,,,,,,https://www.openstreetmap.org/node/10860106677,-0.8,
nha-hang-indochine,hoan-kiem,food,candidate,ok,,restaurant,,,Nha Hang Indochine,,21.026587,105.843005,amenity=restaurant,Nam Ngư,,,,,,,,https://www.openstreetmap.org/node/442031761,-0.81,
nha-hang-fresh-crab,hoan-kiem,food,candidate,ok,,restaurant,,,Nhà Hàng Fresh Crab,,21.020605,105.848308,amenity=restaurant,37,,,,,,,,https://www.openstreetmap.org/node/6520653785,-0.81,
la-badiane,hoan-kiem,food,candidate,ok,,restaurant,,,La badiane,,21.026641,105.843071,amenity=restaurant,,,,,,,,,https://www.openstreetmap.org/node/10871003625,-0.81,
zamba-beer-and-bbq,hoan-kiem,food,candidate,ok,,restaurant,,,Zamba Beer and BBQ,,21.030272,105.842707,amenity=restaurant,,,,,,,,,https://www.openstreetmap.org/node/5363740021,-0.82,
bun-cha-nem-cua-be-5685,hoan-kiem,food,candidate,ok,,restaurant,,,Bún Chå Nem Cua Bê,,21.019623,105.851994,amenity=restaurant,,,,,,,,,https://www.openstreetmap.org/node/6146935685,-0.82,
rooftop-bar,hoan-kiem,food,candidate,adult,alcohol / 18+,bar,,,Rooftop bar,,21.025121,105.843384,amenity=bar,,,,,,,,,https://www.openstreetmap.org/node/6325574685,-0.82,
pho-chuyen-bo,hoan-kiem,food,candidate,ok,,restaurant,,,Pho Chuyen Bo,,21.035745,105.845998,amenity=restaurant,,,,,,,,,https://www.openstreetmap.org/node/10296348609,-0.82,
luna-d-automno,hoan-kiem,food,candidate,ok,,restaurant,,,Luna d'automno,,21.027021,105.842833,amenity=restaurant,,,,,,,,,https://www.openstreetmap.org/node/10871037101,-0.82,
panam,hoan-kiem,food,candidate,ok,,restaurant,french,,Panam',,21.020076,105.848873,amenity=restaurant,26 Trương Hán Siêu,,,,,,,,https://www.openstreetmap.org/node/5659806722,-0.83,
banh-mi-tram,hoan-kiem,food,candidate,ok,,street_food,sandwich,,Bánh mì Trâm,,21.028252,105.842504,amenity=fast_food,30 Phố Đình Ngang,,,,,,,,https://www.openstreetmap.org/node/10298553019,-0.83,
giang-restaurant,hoan-kiem,food,candidate,ok,,restaurant,,,Giang Restaurant,,21.031899,105.836858,amenity=restaurant,10A Phố Khúc Hạo,,,,,,,,https://www.openstreetmap.org/node/12092826929,-0.83,
mau-dich-37,hoan-kiem,food,candidate,ok,,restaurant,vietnamese,,Mau Dich 37,,21.045796,105.840158,amenity=restaurant,158 Phố Trấn Vũ,,,,,,,,https://www.openstreetmap.org/node/12646622201,-0.83,
toshi-fusion,hoan-kiem,food,candidate,ok,,restaurant,,,Toshi Fusion,,21.020018,105.856211,amenity=restaurant,26A Trần Hưng Đạo,,,,,,,,https://www.openstreetmap.org/node/975757197,-0.84,
kfc,hoan-kiem,food,candidate,ok,,street_food,fried_chicken,KFC,KFC,KFC,21.042212,105.845107,amenity=fast_food,,,,,,,,,https://www.openstreetmap.org/node/4413364391,-0.84,
nha-hang-sushi-japanese,hoan-kiem,food,candidate,ok,,restaurant,sushi,,Nhà Hàng Sushi Japanese,,21.030551,105.842598,amenity=restaurant,,,,,,,,,https://www.openstreetmap.org/node/5363739921,-0.84,
cua-hang-banh-mi-hoi-an-1457,hoan-kiem,food,candidate,ok,,street_food,,,Cửa Hàng Bánh Mì Hội An,,21.023423,105.844154,amenity=fast_food,88b Trần Hưng đạo,,,,,,,,https://www.openstreetmap.org/node/6602491457,-0.84,
banh-cuon-nong,hoan-kiem,food,candidate,ok,,restaurant,,,Bánh Cuốn Nong,,21.036703,105.847026,amenity=restaurant,,,,,,,,,https://www.openstreetmap.org/node/11345867151,-0.84,
ja-cafe,hoan-kiem,food,candidate,ok,,cafe,,,JA café,,21.034149,105.844136,amenity=cafe,9 Phố Tôn Thất Thiệp,,,,,,,,https://www.openstreetmap.org/node/12189287501,-0.84,
quan-bar-bazo,hoan-kiem,food,candidate,adult,alcohol / 18+,bar,,,Quán Bar Bazo,,21.036195,105.846079,amenity=bar,,,,,,,,,https://www.openstreetmap.org/node/6853959889,-0.85,
the-kafe,hoan-kiem,food,candidate,ok,,cafe,,,The kafe,,21.029793,105.842166,amenity=cafe,Đường Điện Biên Phủ,,,,,,,,https://www.openstreetmap.org/node/4601957293,-0.86,
ca-phe-67-phung-hung,hoan-kiem,food,candidate,ok,,cafe,,,Cà Phê 67 Phùng Hưng,,21.036548,105.846231,amenity=cafe,67 Phố Phùng Hưng,,,,,,,,https://www.openstreetmap.org/node/4776322224,-0.86,
quan-ca-lang-toan-thang,hoan-kiem,food,candidate,ok,,street_food,,,Quán Cá Lăng Toàn Thắng,,21.025052,105.86208,amenity=food_court,445 Đường Bạch Đằng,,,,,,,,https://www.openstreetmap.org/node/6035928576,-0.86,
pho-bo-duc-khoi,hoan-kiem,food,candidate,ok,,restaurant,"noodle, vietnamese, phở",,Phở bò Đức Khôi,,21.036499,105.846213,amenity=restaurant,77 Phố Phùng Hưng,,,,,,,,https://www.openstreetmap.org/node/10860208391,-0.86,
bep-chay-hue-nhien,hoan-kiem,food,candidate,ok,,restaurant,,,Bếp Chay Huệ Nhiên,,21.013695,105.850351,amenity=restaurant,152E Phố Triệu Việt Vương,,,,,,,,https://www.openstreetmap.org/node/11491305591,-0.86,
skyline-coffee,hoan-kiem,food,candidate,ok,,cafe,,,Skyline Coffee,,21.022285,105.844914,amenity=cafe,,,,,,,,,https://www.openstreetmap.org/node/11777328869,-0.86,
bep-beo,hoan-kiem,food,candidate,adult,alcohol / 18+,bar,,,Bếp Béo,,21.027319,105.842242,amenity=bar,,,,,,,,,https://www.openstreetmap.org/node/13039561900,-0.86,
oude-kafe,hoan-kiem,food,candidate,ok,,cafe,,,Oude Kafe,,21.027824,105.842153,amenity=cafe,,,,,,,,,https://www.openstreetmap.org/node/13039615004,-0.86,
tam-quan-tra,hoan-kiem,food,candidate,ok,,cafe,,,Tâm Quán Trà,,21.019425,105.855666,amenity=cafe,,,,,,,,,https://www.openstreetmap.org/node/5541768485,-0.87,
ca-phe-c-est-si-bon,hoan-kiem,food,candidate,ok,,cafe,,,Cà Phê C'est Si Bon,,21.029887,105.84207,amenity=cafe,,,,,,,,,https://www.openstreetmap.org/node/7176626328,-0.87,
rand,hoan-kiem,food,candidate,ok,,cafe,coffee_shop,,rand,,21.020271,105.857692,amenity=cafe,7 Ngõ Phan Huy Chú,,,,,,,,https://www.openstreetmap.org/node/12644694250,-0.87,
banh-my-73,hoan-kiem,food,candidate,ok,,restaurant,regional,,Bánh Mỳ 73,,21.027639,105.842107,amenity=restaurant,,,,,,,,,https://www.openstreetmap.org/node/13039615007,-0.87,
phuc-tan-bar,hoan-kiem,food,candidate,adult,alcohol / 18+,bar,,,Phuc Tan Bar,,21.038392,105.855146,amenity=bar,,,,,,,,,https://www.openstreetmap.org/node/723795407,-0.88,
vcb-hang-khoai,hoan-kiem,food,candidate,adult,alcohol / 18+,bar,,,Vcb hang khoai,,21.037887,105.848183,amenity=bar,,,,,,,,,https://www.openstreetmap.org/node/4255811789,-0.88,
ca-phe-hien,hoan-kiem,food,candidate,ok,,cafe,,,Cà Phê Hiến,,21.023772,105.843311,amenity=cafe,93a Trần Hưng Đạo,,,,,,,,https://www.openstreetmap.org/node/4772351821,-0.88,
quan-mien-banh-da-cua-ly-quoc-su,hoan-kiem,food,candidate,ok,,restaurant,,,Quán Miên - Bánh Da Cua Ly Quõc Su,,21.036747,105.84623,amenity=restaurant,59 Phố Phùng Hưng,,,,,,,,https://www.openstreetmap.org/node/5842314385,-0.88,
aha-cafe-5005,hoan-kiem,food,candidate,ok,,cafe,,,Aha Café,,21.027596,105.842018,amenity=cafe,,,,,,,,,https://www.openstreetmap.org/node/13039615005,-0.88,
thuy-bun-oc,hoan-kiem,food,candidate,ok,,restaurant,regional,,Thủy Bún Ốc,,21.027791,105.841985,amenity=restaurant,,,,,,,,,https://www.openstreetmap.org/node/13039615006,-0.88,
quan-an-vat,hoan-kiem,food,candidate,ok,,restaurant,,,Quán ăn vặt,,21.024338,105.842839,amenity=restaurant,,,,,,,,,https://www.openstreetmap.org/node/4531907991,-0.89,
highlands-coffee-9689,hoan-kiem,food,candidate,ok,,cafe,"coffee_shop, vietnamese",Highlands Coffee,Highlands Coffee,Highlands Coffee,21.044339,105.837013,amenity=cafe,01 Thanh Niên,,,,,,,,https://www.openstreetmap.org/node/5859449689,-0.89,
nha-hang-dim-sum-minh-ky,hoan-kiem,food,candidate,ok,,restaurant,chinese,,Nhà Hàng Dim Sum Minh Ký,,21.024398,105.842934,amenity=restaurant,,,,,,,,,https://www.openstreetmap.org/node/5870096885,-0.89,
bun-rieu-co-hoan,hoan-kiem,food,candidate,ok,,restaurant,"vietnamese, noodle",,Bún riêu Cô Hoàn,,21.037841,105.847849,amenity=restaurant,14 Phố Hàng Lược,,,,,,,,https://www.openstreetmap.org/node/12644660556,-0.89,
tranquil-coffee,hoan-kiem,food,candidate,ok,,cafe,coffee_shop,,Tranquil Coffee,,21.019546,105.856468,amenity=cafe,Phố Trần Hưng Đạo,,,,,,,,https://www.openstreetmap.org/node/13586088101,-0.89,
ca-phe-bebe-cakes,hoan-kiem,food,candidate,ok,,cafe,,,Cà Phê Bebe Cakes,,21.030651,105.8417,amenity=cafe,,,,,,,,,https://www.openstreetmap.org/node/4686210104,-0.91,
com-le,hoan-kiem,food,candidate,ok,,restaurant,,,Cơm Lệ,,21.013065,105.850557,amenity=restaurant,135 Phố Triệu Việt Vương,,,,,,,,https://www.openstreetmap.org/node/11472430141,-0.91,
weekend-night-market-food-stalls,hoan-kiem,food,candidate,ok,,restaurant,,,Weekend Night Market food stalls,,21.038378,105.848614,amenity=restaurant,,,,,,,,,https://www.openstreetmap.org/node/11804234603,-0.91,
nha-hang-lang-toi,hoan-kiem,food,candidate,ok,,restaurant,,,Nhà Hàng Làng Tôi,,21.026328,105.841721,amenity=restaurant,,,,,,,,,https://www.openstreetmap.org/node/5485760263,-0.92,
am-thuc-chay-tinh-nghiep,hoan-kiem,food,candidate,ok,,restaurant,vietnamese,,Ẩm Thực Chay Tịnh Nghiệp,,21.034392,105.830165,amenity=restaurant,56A Đội Cấn,,,,,,,,https://www.openstreetmap.org/node/6036359888,-0.92,
quan-ly,hoan-kiem,food,candidate,adult,alcohol / 18+,bar,,,Quan Ly,,21.018665,105.850029,amenity=bar,,,,,,,,,https://www.openstreetmap.org/node/6325568189,-0.92,
nam-pho-ga,hoan-kiem,food,candidate,ok,,restaurant,"pho, vietnamese",,Nam Phở Gà,,21.029902,105.841437,amenity=restaurant,,,,,,,,,https://www.openstreetmap.org/node/13027856695,-0.92,
umami-coffee,hoan-kiem,food,candidate,ok,,cafe,,,Umami Coffee,,21.019634,105.847458,amenity=cafe,,,,,,,,,https://www.openstreetmap.org/node/13539338201,-0.92,
trong-dong-palace,hoan-kiem,food,candidate,ok,,restaurant,,,Trong Dong Palace,,21.037733,105.846897,amenity=restaurant,,,,,,,,,https://www.openstreetmap.org/way/700620993,-0.92,
nha-hang-foodshop-45,hoan-kiem,food,candidate,ok,,restaurant,indian,,Nhà Hàng Foodshop 45,,21.047906,105.841489,amenity=restaurant,59 Phố Trúc Bạch,,https://foodshop45.com/,,,,,,https://www.openstreetmap.org/node/3496458225,-0.93,
lang-bia-quan-moc,hoan-kiem,food,candidate,ok,,restaurant,,,Làng Bia Quán Mộc,,21.039746,105.865175,amenity=restaurant,1 Long Biên - Xuân Quan,,,,,,,,https://www.openstreetmap.org/node/6929060211,-0.93,
tamero-craft-beer,hoan-kiem,food,candidate,adult,alcohol / 18+,bar,,,Tamero Craft beer,,21.027181,105.841444,amenity=pub,,,,,,,,,https://www.openstreetmap.org/node/13744454701,-0.93,
le-garden,hoan-kiem,food,candidate,ok,,restaurant,chinese,,Le Garden,,21.012811,105.850607,amenity=restaurant,143 Phố Triệu Việt Vương,,,,,,,,https://www.openstreetmap.org/way/1235566725,-0.93,
ca-phe-mai,hoan-kiem,food,candidate,ok,,cafe,,,Cà Phê Mai,,21.019024,105.848221,amenity=cafe,,,,,,,,,https://www.openstreetmap.org/node/2366849406,-0.94,
ray-quan,hoan-kiem,food,candidate,ok,,restaurant,,,Ray Quan,,21.027855,105.841283,amenity=restaurant,,,,,,,,,https://www.openstreetmap.org/node/4229244789,-0.94,
ca-phe-shop,hoan-kiem,food,candidate,ok,,cafe,coffee_shop,,Cà Phê Shop,,21.020933,105.844881,amenity=cafe,,,,,,,,,https://www.openstreetmap.org/node/5285524951,-0.94,
nha-hang-binh-chung,hoan-kiem,food,candidate,ok,,restaurant,,,Nhà Hàng Binh Chung,,21.018245,105.852309,amenity=restaurant,,,,,,,,,https://www.openstreetmap.org/node/6865517248,-0.94,
hill-top-curry,hoan-kiem,food,candidate,ok,,restaurant,indian,,Hill Top Curry,,21.038279,105.847453,amenity=restaurant,,,,,,,,,https://www.openstreetmap.org/node/11655427673,-0.94,
neo-cafe,hoan-kiem,food,candidate,ok,,cafe,coffee_shop,,Neo Cafe,,21.01856,105.849555,amenity=cafe,47 Phố Nguyễn Du,,,,,,,,https://www.openstreetmap.org/node/12116589717,-0.94,
ca-phe-hai-bon-9721,hoan-kiem,food,candidate,ok,,cafe,coffee_shop,,Cà phê Hai Bốn,,21.018522,105.84979,amenity=cafe,43 Phố Nguyễn Du,,,,,,,,https://www.openstreetmap.org/node/12116589721,-0.94,
goc-pho-cafe,hoan-kiem,food,candidate,ok,,cafe,coffee_shop,,Góc Phố Cafe,,21.01851,105.849879,amenity=cafe,43 Phố Nguyễn Du,,,,,,,,https://www.openstreetmap.org/node/12116589723,-0.94,
ca-phe-loc,hoan-kiem,food,candidate,ok,,cafe,,,Cà Phê Lộc,,21.020083,105.845885,amenity=cafe,19 Nguyễn Gia Thiều,,,,,,,,https://www.openstreetmap.org/node/4737497823,-0.95,
quan-banh-cuon-thanh-van,hoan-kiem,food,candidate,ok,,restaurant,,,Quan Banh Cuon Thanh Van,,21.018125,105.851889,amenity=restaurant,,,,,,,,,https://www.openstreetmap.org/node/9252410117,-0.95,
bun-cha-que,hoan-kiem,food,candidate,ok,,restaurant,noodle,,Bún Chả Quê,,21.013059,105.848153,amenity=restaurant,15C Ngõ Bà Triệu,,,,,,,,https://www.openstreetmap.org/node/11591201351,-0.95,
nem-lui-hue,hoan-kiem,food,candidate,ok,,restaurant,vietnamese,,Nem lụi Huế,,21.045051,105.868228,amenity=restaurant,95 Phố Ngọc Lâm,,,,,,,,https://www.openstreetmap.org/node/11633344446,-0.95,
pho-bo-yen,hoan-kiem,food,candidate,ok,,restaurant,noodle,,Phở Bò Yến,,21.042133,105.842431,amenity=restaurant,86 Phố Cửa Bắc,,,,,,,,https://www.openstreetmap.org/node/12230059534,-0.95,
banh-ran-co-hue,hoan-kiem,food,candidate,ok,,street_food,vietnamese,,Bánh Rán Cô Huế,,21.046596,105.866127,amenity=fast_food,,,,,,,,,https://www.openstreetmap.org/node/13479188547,-0.95,
umemi-ramen,hoan-kiem,food,candidate,ok,,restaurant,japanese,,Umemi Ramen,,21.012535,105.850857,amenity=restaurant,100 Phố Mai Hắc Đế,,,,,,,,https://www.openstreetmap.org/way/1235442383,-0.95,
cong-ca-phe-1791,hoan-kiem,food,candidate,ok,,cafe,"coffee_shop, vietnamese",Cộng Cà Phê,Cộng Cà Phê,,21.033721,105.854312,amenity=cafe,,,http://congcaphe.com,,,,,,https://www.openstreetmap.org/node/4568021791,-0.96,
cua-hang-mai-nga-bun-ca-ha-thanh,hoan-kiem,food,candidate,ok,,restaurant,,,Cửa Hàng Mai Nga Bún Cá Hà Thành,,21.018059,105.852489,amenity=restaurant,61A Phố Lê Văn Hưu,,,,,,,,https://www.openstreetmap.org/node/5385096023,-0.96,
wild-lotus,hoan-kiem,food,candidate,ok,,restaurant,,,Wild Lotus,,21.018924,105.847956,amenity=restaurant,,,,,,,,,https://www.openstreetmap.org/node/5662869723,-0.96,
zeplin,hoan-kiem,food,candidate,ok,,cafe,,,Zeplin,,21.023669,105.86263,amenity=cafe,527 Đường Bạch Đằng,,,,,,,,https://www.openstreetmap.org/node/9805222031,-0.96,
ding-dimsum,hoan-kiem,food,candidate,ok,,restaurant,,,Ding Dimsum,,21.04398,105.845748,amenity=restaurant,6 A Phố Hàng Bún,,,,,,,,https://www.openstreetmap.org/node/12050985873,-0.96,
nha-hang-au-lac-brazil-ii,hoan-kiem,food,candidate,ok,,restaurant,,,Nhà Hàng Âu Lạc Brazil II,,21.029856,105.84092,amenity=restaurant,6a Phố Cao Bá Quát,,,,,,,,https://www.openstreetmap.org/node/723671517,-0.97,
-8490,hoan-kiem,food,candidate,ok,,restaurant,,,하노이 부라더스,,21.028914,105.840857,amenity=restaurant,,,,,,,,,https://www.openstreetmap.org/node/4133218490,-0.97,
quan-pho-thin,hoan-kiem,food,candidate,ok,,restaurant,"pho, vietnamese",,Quán Phở Thìn,,21.018178,105.8553,amenity=restaurant,13 Phố Lò Đúc,,,,,,,,https://www.openstreetmap.org/node/5334178022,-0.97,
ca-phe-kich,hoan-kiem,food,candidate,ok,,cafe,,,Cà Phê Kịch,,21.038334,105.846954,amenity=cafe,,,,,,,,,https://www.openstreetmap.org/node/7176655057,-0.97,
quan-com-pho,hoan-kiem,food,candidate,ok,,restaurant,,,Quan Com Pho,,21.017912,105.853834,amenity=restaurant,29 Phố Lê Văn Hưu,,,,,,,,https://www.openstreetmap.org/node/7204095885,-0.97,
com-140-bui-thi-xuan,hoan-kiem,food,candidate,ok,,restaurant,,,Cơm 140 Bùi Thị Xuân,,21.012482,105.849711,amenity=restaurant,140 Phố Bùi Thị Xuân,,,,,,,,https://www.openstreetmap.org/node/11482387942,-0.97,
com-chay-ga-lau-ga-thuoc-bac,hoan-kiem,food,candidate,ok,,restaurant,vietnamese,,Cơm cháy gà Lẩu gà thuốc Bắc,,21.045198,105.868524,amenity=restaurant,115 Ngọc Lâm,,,,,,,,https://www.openstreetmap.org/node/11633344439,-0.97,
quan-nam-vit,hoan-kiem,food,candidate,ok,,restaurant,vietnamese,,Quán Nam Vịt,,21.045184,105.868502,amenity=restaurant,113 Phố Ngọc Lâm,,,,,,,,https://www.openstreetmap.org/node/11633344440,-0.97,
thanh-bun-ngan,hoan-kiem,food,candidate,ok,,restaurant,vietnamese,,Thanh bún ngan,,21.04515,105.868416,amenity=restaurant,107 Phố Ngọc Lâm,,,,,,,,https://www.openstreetmap.org/node/11633344441,-0.97,
cua-hang-bo-nam-nuong,hoan-kiem,food,candidate,ok,,street_food,,,Cửa Hàng Bò Nầm Nướng,,21.039098,105.848078,amenity=food_court,34 Hàng Giấy,,,,,,,,https://www.openstreetmap.org/node/104770283,-0.99,
pho-man-gam-cau,hoan-kiem,food,candidate,ok,,restaurant,,,Phở mặn (gầm cầu),,21.039136,105.848228,amenity=restaurant,1 Phố Gầm Cầu,,,,,,,,https://www.openstreetmap.org/node/10860208388,-0.99,
cafe-so-2,hoan-kiem,food,candidate,ok,,cafe,,,Café Số 2,,21.044326,105.845874,amenity=cafe,2 Phố Hàng Bún,,,,,,,,https://www.openstreetmap.org/node/12050991770,-0.99,
laylow-space,hoan-kiem,food,candidate,ok,,cafe,coffee_shop,,Laylow Space,,21.047799,105.865194,amenity=cafe,65 Đường Ngọc Thụy,Mo-Fr 09:00-19:00; Sa-Su 08:00-22:00,https://www.instagram.com/laylow.space/,,,,,,https://www.openstreetmap.org/node/13506365296,-0.99,
mango-restaurant-wine,hoan-kiem,food,candidate,ok,,restaurant,,,Mango Restaurant & Wine,,21.025158,105.841278,amenity=restaurant,118 Đường Lê Duẩn,,,,,,,,https://www.openstreetmap.org/way/1217817532,-0.99,
quan-karaoke-cleopatra,hoan-kiem,food,candidate,adult,alcohol / 18+,bar,,,Quán Karaoke Cleopatra,,21.017762,105.850559,amenity=pub,,,,,,,,,https://www.openstreetmap.org/node/4740933522,-1.0,
nha-hang-bit-tet-ngoc-hieu,hoan-kiem,food,candidate,ok,,restaurant,steak_house,,Nhà hàng Bít tết Ngọc Hiếu,,21.038839,105.847031,amenity=restaurant,18 Phố Hàng Cót,,,,,,,,https://www.openstreetmap.org/node/11675985428,-1.0,
ba-hoa-lau-nuong,hoan-kiem,food,candidate,ok,,restaurant,,,Bà Hoa Lẩu nướng,,21.03924,105.847994,amenity=restaurant,32 Phố Hàng Giấy,,,,,,,,https://www.openstreetmap.org/node/11683982795,-1.0,
hoa-xa-cafe,hoan-kiem,food,candidate,adult,alcohol / 18+,bar,,,Hoa' Xa Cafe,,21.040019,105.850499,amenity=bar,16 Cầu Long Biên,,,,,,,,https://www.openstreetmap.org/node/6520746785,-1.01,
au,hoan-kiem,food,candidate,ok,,cafe,,,AU,,21.031298,105.840646,amenity=cafe,,,,,,,,,https://www.openstreetmap.org/node/7176890504,-1.01,
long-wang,hoan-kiem,food,candidate,ok,,restaurant,chinese,,Long Wang,,21.039002,105.847271,amenity=restaurant,15A Phố Hàng Cót,,,,,,,,https://www.openstreetmap.org/node/11683982777,-1.01,
quay-tuyet,hoan-kiem,food,candidate,ok,,street_food,,,Quẩy Tuyết,,21.039319,105.847954,amenity=fast_food,28 Phố Hàng Giấy,,,,,,,,https://www.openstreetmap.org/node/11683982793,-1.01,
ep-station,hoan-kiem,food,candidate,ok,,cafe,,,Ép Station,,21.027632,105.840428,amenity=cafe,,,,,,,,,https://www.openstreetmap.org/node/13033490189,-1.01,
bridge-coffee,hoan-kiem,food,candidate,ok,,cafe,,,Bridge Coffee,,21.040138,105.851404,amenity=cafe,,,,,,,,,https://www.openstreetmap.org/node/13535945401,-1.01,
bo-kho-hieu-22,hoan-kiem,food,candidate,ok,,street_food,jerky,,Bò khô Hiệu 22,,21.039451,105.847899,amenity=fast_food,22 Phố Hàng Giấy,,,,,,,,https://www.openstreetmap.org/node/11683982790,-1.02,
bo-kho-my-huong,hoan-kiem,food,candidate,ok,,street_food,jerky,,Bò khô Mỹ Hương,,21.039417,105.847913,amenity=fast_food,24 Phố Hàng Giấy,,,,,,,,https://www.openstreetmap.org/node/11683982791,-1.02,
mien-luon,hoan-kiem,food,candidate,ok,,restaurant,regional,,Miến Lươn,,21.02755,105.84026,amenity=restaurant,,,,,,,,,https://www.openstreetmap.org/node/13033490188,-1.02,
tiny-cafe,hoan-kiem,food,candidate,adult,alcohol / 18+,bar,,,Tiny Cafe,,21.032576,105.840711,amenity=bar,,,,,,,,,https://www.openstreetmap.org/node/5336076221,-1.03,
cua-hang-mai-phuong,hoan-kiem,food,candidate,ok,,street_food,,,Cửa hàng Mai Phương,,21.0392,105.847038,amenity=fast_food,12C Phố Hàng Cót,,,,,,,,https://www.openstreetmap.org/node/11675985421,-1.03,
nha-hang-thanh-thuy,hoan-kiem,food,candidate,ok,,restaurant,,,Nhà hàng Thanh Thủy,,21.039234,105.847255,amenity=restaurant,15 Phố Hàng Cót,,,,,,,,https://www.openstreetmap.org/node/11683982774,-1.03,
bo-kho-phuong-dung,hoan-kiem,food,candidate,ok,,street_food,jerky,,Bò khô Phương Dung,,21.039575,105.847848,amenity=fast_food,14 Phố Hàng Giấy,,,,,,,,https://www.openstreetmap.org/node/11683982786,-1.03,
ca-phe-thai,hoan-kiem,food,candidate,ok,,cafe,coffee_shop,,Cà Phê Thái,,21.017212,105.850472,amenity=cafe,27 Triệu Việt Vương,,,,,,,,https://www.openstreetmap.org/node/4327649345,-1.04,
dung-hoa,hoan-kiem,food,candidate,ok,,street_food,,,Dung Hoà,,21.039351,105.847034,amenity=fast_food,8 Phố Hàng Cót,,,,,,,,https://www.openstreetmap.org/node/11675985416,-1.04,
mong-cook,hoan-kiem,food,candidate,ok,,street_food,banhmi,,Mộng Cook,,21.039318,105.84703,amenity=fast_food,10 Phố Hàng Cót,,,,,,,,https://www.openstreetmap.org/node/11675985417,-1.04,
nha-hang-little-italian,hoan-kiem,food,candidate,ok,,restaurant,,,Nha Hang Little Italian,,21.016954,105.852831,amenity=restaurant,,,,,,,,,https://www.openstreetmap.org/node/442030389,-1.05,
bo-nam-nuong-puka,hoan-kiem,food,candidate,ok,,restaurant,,,Bò nầm nướng Puka,,21.039431,105.847042,amenity=restaurant,4 Phố Hàng Cót,,,,,,,,https://www.openstreetmap.org/node/11675985415,-1.05,
place-to-drink-beer-by-the-water,hoan-kiem,food,candidate,adult,alcohol / 18+,bar,,,place to drink beer by the water,,21.019521,105.844608,amenity=pub,,,,,,,,,https://www.openstreetmap.org/node/13662054101,-1.05,
the-root-boardgame-cafe,hoan-kiem,food,candidate,ok,,cafe,,,The Root Boardgame Cafe,,21.016919,105.852474,amenity=cafe,,,,,,,,,https://www.openstreetmap.org/node/11308694306,-1.06,
highlands-coffee-7691,hoan-kiem,food,candidate,ok,,cafe,"coffee_shop, vietnamese",Highlands Coffee,Highlands Coffee,Highlands Coffee,21.011372,105.849589,amenity=cafe,,,,,,,,,https://www.openstreetmap.org/node/442977691,-1.07,
banh-my-doner-kebab-hung-jock,hoan-kiem,food,candidate,ok,,street_food,,,Bánh Mỳ Doner Kebab Hùng Jock,,21.016994,105.838425,amenity=fast_food,112 Khâm Thiên,,,,,,,,https://www.openstreetmap.org/node/4382109792,-1.07,
tux-tax,hoan-kiem,food,candidate,ok,,restaurant,thai,,Tux-tax,,21.029121,105.839589,amenity=restaurant,17 Phố Yên Thế,,,,,,,,https://www.openstreetmap.org/node/13610849501,-1.07,
zulu-coffee,hoan-kiem,food,candidate,ok,,cafe,,,Zulu Coffee,,21.040357,105.848487,amenity=cafe,,,,,,,,,https://www.openstreetmap.org/node/7178785436,-1.08,
ca-phe-moc,hoan-kiem,food,candidate,ok,,cafe,,,Cà Phê Mộc,,21.0404,105.848646,amenity=cafe,,,,,,,,,https://www.openstreetmap.org/node/7178810031,-1.08,
donar-kebab-antony,hoan-kiem,food,candidate,ok,,street_food,kebab,,Donar Kebab Antony,,21.016737,105.850681,amenity=fast_food,13 Phố Trần Nhân Tông,,,,,,,,https://www.openstreetmap.org/node/11653040776,-1.08,
coffee-42,hoan-kiem,food,candidate,ok,,cafe,,,Coffee 42,,21.017108,105.8489,amenity=cafe,42 Phố Trần Nhân Tông,,,,,,,,https://www.openstreetmap.org/node/12164857001,-1.08,
fuku-coffee-matcha,hoan-kiem,food,candidate,ok,,cafe,,,Fuku Coffee & Matcha,,21.028717,105.839446,amenity=cafe,6 Phố Yên Thế,,,,,,,,https://www.openstreetmap.org/node/13329827901,-1.08,
room-501,hoan-kiem,food,candidate,ok,,cafe,coffee_shop,,Room 501,,21.039147,105.84572,amenity=cafe,6 Phố Lý Nam Đế,,,,,,,,https://www.openstreetmap.org/node/13586534601,-1.08,
nha-hang-chay-rasa,hoan-kiem,food,candidate,ok,,restaurant,"vietnamese, international",,Nhà Hàng Chay Rasa,,21.017059,105.855634,amenity=restaurant,,,,,,,,,https://www.openstreetmap.org/node/13982143275,-1.08,
banh-mi-pho,hoan-kiem,food,candidate,ok,,street_food,sandwich,,Bánh Mi Phó,,21.019264,105.844285,amenity=fast_food,,,,,,,,,https://www.openstreetmap.org/node/10786488995,-1.09,
juice-corner,hoan-kiem,food,candidate,ok,,cafe,coffee_shop,,Juice Corner,,21.01685,105.849742,amenity=cafe,43 Phố Trần Nhân Tông,,,,,,,,https://www.openstreetmap.org/node/11601645102,-1.09,
chao-37,hoan-kiem,food,candidate,ok,,restaurant,,,Cháo 37,,21.016775,105.850005,amenity=restaurant,37 Phố Trần Nhân Tông,,,,,,,,https://www.openstreetmap.org/node/11615961392,-1.09,
o-coffee,hoan-kiem,food,candidate,ok,,cafe,coffee_shop,,O'Coffee,,21.016713,105.850424,amenity=cafe,41 Phố Triệu Việt Vương,,,,,,,,https://www.openstreetmap.org/node/11653040784,-1.09,
cafe-54,hoan-kiem,food,candidate,ok,,cafe,,,Cafe 54,,21.016765,105.850254,amenity=cafe,,,,,,,,,https://www.openstreetmap.org/node/12164910901,-1.09,
kaede-food-restaurant,hoan-kiem,food,candidate,ok,,restaurant,,,Kaede Food Restaurant,,21.016709,105.850255,amenity=restaurant,,,,,,,,,https://www.openstreetmap.org/node/12164911001,-1.09,
amoring-cafe,hoan-kiem,food,candidate,ok,,cafe,,,Amoring café,,21.026561,105.839638,amenity=cafe,,,,,,,,,https://www.openstreetmap.org/node/13390919015,-1.09,
nha-hang-lan-chin,hoan-kiem,food,candidate,ok,,restaurant,,,Nhà hàng Lan Chín,,21.01804,105.858674,amenity=restaurant,1 Phố Tăng Bạt Hổ,,,,,,,,https://www.openstreetmap.org/way/898540573,-1.09,
quan-an-ngon-food-court,hoan-kiem,food,candidate,ok,,restaurant,,,Quán Ăn Ngon food court,,21.016821,105.855794,amenity=restaurant,,,,,,,,,https://www.openstreetmap.org/node/10593413006,-1.1,
banh-duc,hoan-kiem,food,candidate,ok,,restaurant,,,Banh Duc,,21.016715,105.855137,amenity=restaurant,8B Phố Lê Ngọc Hân,,,,,,,,https://www.openstreetmap.org/node/14049103101,-1.1,
banh-mi-pho-hue,hoan-kiem,food,candidate,ok,,street_food,sandwich,,Bánh Mì Phố Huế,,21.01612,105.851237,amenity=fast_food,118 Phố Huế,,,,,,,,https://www.openstreetmap.org/node/12104684986,-1.13,
pho-lanh,hoan-kiem,food,candidate,ok,,restaurant,,,Pho Lanh,,21.018947,105.843824,amenity=restaurant,,,,,,,,,https://www.openstreetmap.org/node/13539765901,-1.13,
nagomi,hoan-kiem,food,candidate,ok,,restaurant,japanese,,Nagomi,,21.016249,105.849997,amenity=restaurant,67 Phố Bùi Thị Xuân,,,,,,,,https://www.openstreetmap.org/way/1249565003,-1.14,
nha-hang-moonview,hoan-kiem,food,candidate,ok,,restaurant,,,Nhà Hàng Moonview,,21.040821,105.847568,amenity=restaurant,Phố Hàng Than,,,,,,,,https://www.openstreetmap.org/node/5539359023,-1.15,
starbucks-3591,hoan-kiem,food,candidate,ok,,cafe,coffee_shop,Starbucks,Starbucks,Starbucks,21.010566,105.848992,amenity=cafe,,,,,,,,,https://www.openstreetmap.org/node/7053793591,-1.15,
toka-coffee,hoan-kiem,food,candidate,ok,,cafe,coffee_shop,,TOKA COFFEE,,21.015927,105.854091,amenity=cafe,36 Phố Thi Sách,,,,,,,,https://www.openstreetmap.org/node/12644694251,-1.15,
sanmaru-ramen,hoan-kiem,food,candidate,ok,,restaurant,japanese,,Sanmaru Ramen,,21.015971,105.850491,amenity=restaurant,59 Phố Triệu Việt Vương,,,,,,,,https://www.openstreetmap.org/way/1253325096,-1.15,
cua-hang-doner-kebab-0885,hoan-kiem,food,candidate,ok,,street_food,,,Cửa Hàng Doner Kebab,,21.040373,105.84603,amenity=fast_food,Phố Quán Thánh,,,,,,,,https://www.openstreetmap.org/node/6290450885,-1.16,
ca-phe-connect,hoan-kiem,food,candidate,ok,,cafe,,,Cà Phê Connect,,21.029593,105.838573,amenity=cafe,,,,,,,,,https://www.openstreetmap.org/node/7176886994,-1.16,
bun-oc-phong,hoan-kiem,food,candidate,ok,,restaurant,noodle,,Bún Ốc Phong,,21.015843,105.850551,amenity=restaurant,63 Phố Triệu Việt Vương,,,,,,,,https://www.openstreetmap.org/node/11649693309,-1.16,
artination,hoan-kiem,food,candidate,ok,,cafe,coffee_shop,,Artination,,21.032953,105.839209,amenity=cafe,15 Đường Hoàng Diệu,,,,,,,,https://www.openstreetmap.org/node/13796566164,-1.16,
the-n3-coffee,hoan-kiem,food,candidate,ok,,cafe,,,The N°3 coffee,,21.019822,105.842141,amenity=cafe,,,,,,,,,https://www.openstreetmap.org/node/7019044914,-1.17,
lau-cua-dong-hai-lac,hoan-kiem,food,candidate,ok,,restaurant,,,Lẩu Cua Đồng Hai Lạc,,21.016366,105.857467,amenity=restaurant,,,,,,,,,https://www.openstreetmap.org/node/6856563730,-1.18,
banh-cuon-gia-truyen,hoan-kiem,food,candidate,ok,,restaurant,,,Bánh Cuốn Gia Truyền,,21.041475,105.848202,amenity=restaurant,31 Phố Hồng Phúc,,,,,,,,https://www.openstreetmap.org/node/12050985870,-1.18,
bbq,hoan-kiem,food,candidate,ok,,restaurant,,,韓式BBQ,,21.04006,105.844859,amenity=restaurant,,,,,,,,,https://www.openstreetmap.org/node/10581567805,-1.19,
wheel-coffee-adventure,hoan-kiem,food,candidate,ok,,cafe,coffee_shop,,Wheel Coffee Adventure,,21.009926,105.849986,amenity=cafe,22 Phố Lê Đại Hành,,,,,,,,https://www.openstreetmap.org/node/11659995714,-1.19,
cua-hang-cha-ca-kinh-ky,hoan-kiem,food,candidate,ok,,restaurant,,,Cửa Hàng Chả Cá Kình Ký,,21.015287,105.852196,amenity=restaurant,104 Hoà Mã,,,,,,,,https://www.openstreetmap.org/node/5623291946,-1.2,
pho-van-anh,hoan-kiem,food,candidate,ok,,restaurant,noodle,,Phở Vân Anh,,21.015401,105.851015,amenity=restaurant,45A Phố Mai Hắc Đế,,,,,,,,https://www.openstreetmap.org/node/11782452956,-1.2,
my-van-than-my-gia-quang-dong-ko-kien,hoan-kiem,food,candidate,ok,,restaurant,chinese,,Mỳ Vằn Thắn - Mỳ gia Quảng Đông Kố Kiên,,21.01536,105.85007,amenity=restaurant,40 Phố Tuệ Tĩnh,,,,,,,,https://www.openstreetmap.org/node/11613547706,-1.21,
broho-beer,hoan-kiem,food,candidate,ok,,restaurant,,,Broho Beer,,21.015317,105.850339,amenity=restaurant,30 Phố Tuệ Tĩnh,,,,,,,,https://www.openstreetmap.org/node/11613547708,-1.21,
binbo,hoan-kiem,food,candidate,ok,,street_food,sandwich,,Binbo,,21.01538,105.85034,amenity=fast_food,108B Phố Triệu Việt Vương,,,,,,,,https://www.openstreetmap.org/node/11613547709,-1.21,
cafe-banh-my,hoan-kiem,food,candidate,ok,,cafe,coffee_shop,,Cafe Bánh Mỳ,,21.015332,105.850503,amenity=cafe,81B Phố Triệu Việt Vương,,,,,,,,https://www.openstreetmap.org/node/11649543053,-1.21,
coffee-26,hoan-kiem,food,candidate,ok,,cafe,coffee_shop,,Coffee 26,,21.015279,105.850509,amenity=cafe,26 Phố Tuệ Tĩnh,,,,,,,,https://www.openstreetmap.org/node/11649543054,-1.21,
mien-luon-tan-tan,hoan-kiem,food,candidate,ok,,restaurant,noodle,,Miến lươn Tân Tân,,21.015262,105.850848,amenity=restaurant,16 Phố Tuệ Tĩnh,,,,,,,,https://www.openstreetmap.org/node/11649543059,-1.21,
kopee-coffee,hoan-kiem,food,candidate,ok,,cafe,coffee_shop,,KOPee coffee,,21.015238,105.85128,amenity=cafe,4 Phố Tuệ Tĩnh,,,,,,,,https://www.openstreetmap.org/node/11782452951,-1.21,
cafe-loc,hoan-kiem,food,candidate,ok,,cafe,coffee_shop,,Cafe Lộc,,21.015298,105.851008,amenity=cafe,45E Phố Mai Hắc Đế,,,,,,,,https://www.openstreetmap.org/node/11782452955,-1.21,
la-do-mi,hoan-kiem,food,candidate,ok,,cafe,,,La Do Mi,,21.029201,105.837968,amenity=cafe,,,,,,,,,https://www.openstreetmap.org/node/13392766185,-1.21,
coffee-mac-toc,hoan-kiem,food,candidate,ok,,cafe,coffee_shop,,Coffee Mạc Tộc,,21.015347,105.849713,amenity=cafe,52 Phố Tuệ Tĩnh,,,,,,,,https://www.openstreetmap.org/node/11591740418,-1.22,
banh-my-ngon,hoan-kiem,food,candidate,ok,,street_food,sandwich,,Bánh Mỳ Ngon,,21.015362,105.84931,amenity=fast_food,131 Phố Bà Triệu,,,,,,,,https://www.openstreetmap.org/node/11591740426,-1.22,
kem-caramen-duong-hoa,hoan-kiem,food,candidate,ok,,restaurant,dessert,,Kem Caramen Dương Hoa,,21.041681,105.847375,amenity=restaurant,29 Phố Hàng Than,,,,,,,,https://www.openstreetmap.org/node/12639849340,-1.22,
the-coffee-bean-tea-leaf,hoan-kiem,food,candidate,ok,,cafe,coffee_shop,The Coffee Bean & Tea Leaf,The Coffee Bean & Tea Leaf,,21.021161,105.855758,amenity=cafe,16 Phan Chu Trinh,,https://coffeebean.com.vn,,,,,,https://www.openstreetmap.org/node/5617113056,-1.23,
ca-phe-aha-6185,hoan-kiem,food,candidate,ok,,cafe,,,Cà Phê Aha,,21.015038,105.851729,amenity=cafe,,,,,,,,,https://www.openstreetmap.org/node/7022966185,-1.23,
banh-my-bit-tet-vietnamese-beef-steak,hoan-kiem,food,candidate,ok,,restaurant,,,Banh My Bit Tet (Vietnamese beef steak),,21.041498,105.846709,amenity=restaurant,,,,,,,,,https://www.openstreetmap.org/node/10679929000,-1.23,
cafe-15,hoan-kiem,food,candidate,ok,,cafe,coffee_shop,,Cafe 15,,21.015058,105.850811,amenity=cafe,15 Phố Tuệ Tĩnh,,,,,,,,https://www.openstreetmap.org/node/11500070705,-1.23,
cafe-huong,hoan-kiem,food,candidate,ok,,cafe,coffee_shop,,Café Hương,,21.015289,105.849325,amenity=cafe,131 Phố Bà Triệu,,,,,,,,https://www.openstreetmap.org/node/11591740422,-1.23,
ca-phe-dilmah,hoan-kiem,food,candidate,ok,,cafe,,,Cà Phê Dilmah,,21.033574,105.838487,amenity=cafe,,,,,,,,,https://www.openstreetmap.org/node/7085692622,-1.24,
h-coffee,hoan-kiem,food,candidate,ok,,cafe,coffee_shop,,H+ Coffee,,21.01676,105.859943,amenity=cafe,,,,,,,,,https://www.openstreetmap.org/node/11419728535,-1.24,
tonkin-coffee,hoan-kiem,food,candidate,ok,,cafe,coffee_shop,,Tonkin Coffee,,21.015061,105.849969,amenity=cafe,39 Phố Tuệ Tĩnh,,,,,,,,https://www.openstreetmap.org/node/11486942534,-1.24,
bun-bo-hue-huyen-anh-2,hoan-kiem,food,candidate,ok,,restaurant,noodle,,Bún Bò Huế Huyền Anh 2,,21.015062,105.850198,amenity=restaurant,31 Phố Tuệ Tĩnh,,,,,,,,https://www.openstreetmap.org/node/11491092580,-1.24,
hung-xom-cafe,hoan-kiem,food,candidate,ok,,cafe,coffee_shop,,Hùng Xồm Cafe,,21.015011,105.85052,amenity=cafe,83 Phố Triệu Việt Vương,,,,,,,,https://www.openstreetmap.org/node/11500070694,-1.24,
pho-bo-tam-giang,hoan-kiem,food,candidate,ok,,restaurant,noodle,,Phở bò Tam Giang,,21.014936,105.850522,amenity=restaurant,85 Phố Triệu Việt Vương,,,,,,,,https://www.openstreetmap.org/node/11500070696,-1.24,
culture-station-thong-nhat-park,hoan-kiem,food,candidate,ok,,cafe,,,Culture Station Thong nhat Park,,21.015944,105.846684,amenity=cafe,,,,,,,,,https://www.openstreetmap.org/node/13434534374,-1.24,
aplus-club,hoan-kiem,food,candidate,adult,alcohol / 18+,bar,,,APLUS CLUB,,21.042132,105.848168,amenity=bar,78 Đường Yên Phụ,,,,,,,,https://www.openstreetmap.org/node/13710033290,-1.24,
banh-my-pate-co-thu,hoan-kiem,food,candidate,ok,,street_food,sandwich,,Bánh Mỳ Pate Cô Thu,,21.014999,105.849962,amenity=fast_food,,,,,,,,,https://www.openstreetmap.org/node/11486942533,-1.25,
bun-cha-nem-cua-be-0708,hoan-kiem,food,candidate,ok,,restaurant,noodle,,Bún Chả Nem Cua Bể,,21.014879,105.85088,amenity=restaurant,38 Phố Mai Hắc Đế,,,,,,,,https://www.openstreetmap.org/node/11500070708,-1.25,
nha-hang-a-la-folie,hoan-kiem,food,candidate,ok,,restaurant,,,Nhà Hàng A La Folie,,21.014659,105.852212,amenity=restaurant,"63 Ngõ Huế, Ngô Thì Nhậm, Hai Bà Trưng, Hà Nội, Vietnam",,,,,,,,https://www.openstreetmap.org/node/4125659916,-1.26,
quan-bar-5000-dongs,hoan-kiem,food,candidate,adult,alcohol / 18+,bar,,,Quán Bar 5000 Dongs,,21.040733,105.84429,amenity=bar,Phố Hàng Bún,,,,,,,,https://www.openstreetmap.org/node/5935456685,-1.26,
nha-hang-minci,hoan-kiem,food,candidate,ok,,restaurant,,,Nhà Hàng Minci,,21.041978,105.846837,amenity=restaurant,,,,,,,,,https://www.openstreetmap.org/node/6957615503,-1.26,
watanabe,hoan-kiem,food,candidate,ok,,cafe,,,Watanabe,,21.030523,105.837497,amenity=cafe,,,,,,,,,https://www.openstreetmap.org/node/7176870555,-1.26,
banh-cuon-ba-xuan,hoan-kiem,food,candidate,ok,,restaurant,,,Banh cuon Ba Xuan,,21.042304,105.847836,amenity=restaurant,16 Phố Hoè Nhai,,,,,,,,https://www.openstreetmap.org/node/9699422117,-1.26,
tiem-tuk-tak,hoan-kiem,food,candidate,ok,,cafe,,,Tiệm Túk Tắk,,21.042034,105.847096,amenity=ice_cream,2 Phố Nguyễn Trường Tộ,,,,,,,,https://www.openstreetmap.org/node/12050991769,-1.26,
trang-cafe,hoan-kiem,food,candidate,ok,,cafe,,,Trang Cafe,,21.033821,105.838248,amenity=cafe,Đường Điện Biên Phủ,,,,,,,,https://www.openstreetmap.org/node/13644532801,-1.26,
ca-phe-helio-7022,hoan-kiem,food,candidate,ok,,cafe,,,Cà Phê Helio,,21.0304,105.837246,amenity=cafe,,,,,,,,,https://www.openstreetmap.org/node/5233487022,-1.27,
ardor,hoan-kiem,food,candidate,ok,,cafe,,,Ardor,,21.028628,105.837177,amenity=cafe,,,,,,,,,https://www.openstreetmap.org/node/10718073305,-1.27,
yakiniku-sakura,hoan-kiem,food,candidate,ok,,restaurant,japanese,,Yakiniku Sakura,,21.014786,105.849733,amenity=restaurant,90B Phố Bùi Thị Xuân,,,,,,,,https://www.openstreetmap.org/node/11510383979,-1.27,
diy-coffee,hoan-kiem,food,candidate,ok,,cafe,coffee_shop,,DIY Coffee,,21.041594,105.845837,amenity=cafe,17 Phố Phan Huy Ích,,,,,,,,https://www.openstreetmap.org/node/11840580772,-1.27,
le-art,hoan-kiem,food,candidate,ok,,restaurant,,,Lê Art,,21.030594,105.837318,amenity=restaurant,,,,,,,,,https://www.openstreetmap.org/way/1230610840,-1.27,
quan-bia-hoi-cuong-nga,hoan-kiem,food,candidate,adult,alcohol / 18+,bar,,,Quán Bia Hơi Cường Nga,,21.018964,105.841301,amenity=pub,,,,,,,,,https://www.openstreetmap.org/node/2367201529,-1.28,
ca-phe-aha-3729,hoan-kiem,food,candidate,ok,,cafe,,,Cà Phê Aha,,21.015336,105.858084,amenity=cafe,,,,,,,,,https://www.openstreetmap.org/node/6856563729,-1.28,
caca-fefe,hoan-kiem,food,candidate,ok,,cafe,coffee_shop,,CaCa FeFe,,21.014564,105.850581,amenity=cafe,93 Phố Triệu Việt Vương,,,,,,,,https://www.openstreetmap.org/node/11500070700,-1.28,
nha-hang-cha-ca-van-mieu,hoan-kiem,food,candidate,ok,,restaurant,asian,,Nhà Hàng Chả Cá Văn Miếu,,21.029663,105.836936,amenity=restaurant,9 Phố Văn Miếu,,,,,,,,https://www.openstreetmap.org/node/1000087449,-1.29,
nha-hang-akaari,hoan-kiem,food,candidate,ok,,restaurant,japanese,,Nhà Hàng Akaari,,21.029782,105.836978,amenity=restaurant,5 Phố Văn Miếu,,,,,,,,https://www.openstreetmap.org/node/5621040324,-1.29,
yin-yang,hoan-kiem,food,candidate,ok,,restaurant,,,Yin & Yang,,21.042098,105.846208,amenity=restaurant,39 Phố Nguyễn Trường Tộ,,,,,,,,https://www.openstreetmap.org/node/6046203687,-1.29,
ca-phe-hanoi,hoan-kiem,food,candidate,ok,,cafe,,,Cà Phê Hanoi,,21.029946,105.837063,amenity=cafe,1 Phố Văn Miếu,,,,,,,,https://www.openstreetmap.org/node/6334894587,-1.29,
pho-anh,hoan-kiem,food,candidate,ok,,restaurant,noodle,,Phở Anh,,21.014416,105.850252,amenity=restaurant,126 Phố Triệu Việt Vương,,,,,,,,https://www.openstreetmap.org/node/11491290544,-1.29,
aramour-coffee,hoan-kiem,food,candidate,ok,,cafe,coffee_shop,,Aramour Coffee,,21.041793,105.845523,amenity=cafe,9 Ngõ Hàng Bún,,,,,,,,https://www.openstreetmap.org/node/12639862094,-1.29,
pho-ga-van-mieu-17,hoan-kiem,food,candidate,ok,,restaurant,noodle,,Phở gà Văn Miếu 17,,21.029427,105.836824,amenity=restaurant,17 Phố Văn Miếu,,,,,,,,https://www.openstreetmap.org/node/8746891238,-1.3,
gasfein,hoan-kiem,food,candidate,ok,,cafe,,,Gasfein,,21.04144,105.844706,amenity=cafe,46 Phố Hàng Bún,,,,,,,,https://www.openstreetmap.org/node/12177718901,-1.3,
ca-phe-huy,hoan-kiem,food,candidate,ok,,cafe,,,Cà Phê Huy,,21.026443,105.836867,amenity=cafe,,,,,,,,,https://www.openstreetmap.org/node/1000087283,-1.31,
nha-hang-bun-bebe,hoan-kiem,food,candidate,ok,,restaurant,,,Nhà Hàng Bun Bêbê,,21.02873,105.83671,amenity=restaurant,,,,,,,,,https://www.openstreetmap.org/node/6380485085,-1.31,
open-space,hoan-kiem,food,candidate,ok,,cafe,,,Open Space,,21.0403,105.842576,amenity=cafe,,,,,,,,,https://www.openstreetmap.org/node/7176880436,-1.31,
nha-hang-kuong-nga,hoan-kiem,food,candidate,ok,,restaurant,"hotpot, beef",,Nhà Hàng Kường Nga,,21.029173,105.836737,amenity=restaurant,27B Phố Văn Miếu,,,,,,,,https://www.openstreetmap.org/node/8746891270,-1.31,
quan-suu,hoan-kiem,food,candidate,ok,,restaurant,,,Quán Sửu,,21.029114,105.836713,amenity=restaurant,27C Phố Văn Miếu,,,,,,,,https://www.openstreetmap.org/node/8746891272,-1.31,
nha-hang-fabrik,hoan-kiem,food,candidate,ok,,restaurant,french,,Nhà Hàng Fabrik,,21.043878,105.837885,amenity=restaurant,16 Phố Trấn Vũ,,,,,,,,https://www.openstreetmap.org/node/8906132456,-1.31,
papa-s-dessert-cafe,hoan-kiem,food,candidate,ok,,cafe,coffee_shop,,Papa's Dessert Café,,21.032028,105.837069,amenity=cafe,10 Phố Khúc Hạo,,,,,,,,https://www.openstreetmap.org/node/11290270604,-1.31,
una-family,hoan-kiem,food,candidate,ok,,restaurant,japanese,,Una Family,,21.014237,105.850596,amenity=restaurant,107 Phố Triệu Việt Vương,,,,,,,,https://www.openstreetmap.org/node/11505669840,-1.31,
nha-hang-tonchan,hoan-kiem,food,candidate,ok,,restaurant,japanese,,Nhà hàng Tonchan,,21.014202,105.850628,amenity=restaurant,109 Phố Triệu Việt Vương,,,,,,,,https://www.openstreetmap.org/node/11505669841,-1.31,
kem-bo-da-lat,hoan-kiem,food,candidate,ok,,cafe,,,Kem Bơ Đà Lạt,,21.014333,105.849328,amenity=ice_cream,149 Phố Bà Triệu,,,,,,,,https://www.openstreetmap.org/node/11514137677,-1.31,
an-nhien,hoan-kiem,food,candidate,ok,,restaurant,,,An Nhiên,,21.031936,105.837056,amenity=restaurant,10B Phố Khúc Hạo,,,,,,,,https://www.openstreetmap.org/node/12092826928,-1.31,
ying-and-yang,hoan-kiem,food,candidate,ok,,restaurant,,,Ying and Yang,,21.042218,105.845808,amenity=restaurant,,,,,,,,,https://www.openstreetmap.org/node/7265622785,-1.32,
hermanas,hoan-kiem,food,candidate,ok,,cafe,coffee_shop,,Hermanas,,21.032092,105.837042,amenity=cafe,10 Phố Khúc Hạo,,,,,,,,https://www.openstreetmap.org/node/11290270603,-1.32,
sumibozu-ga-nuong-than,hoan-kiem,food,candidate,ok,,restaurant,japanese,,Sumibozu - Gà Nướng Than,,21.014092,105.850575,amenity=restaurant,115 Phố Triệu Việt Vương,,,,,,,,https://www.openstreetmap.org/node/11505669843,-1.32,
cafe-tho,hoan-kiem,food,candidate,ok,,cafe,coffee_shop,,Cafe Thọ,,21.014054,105.850571,amenity=cafe,117 Phố Triệu Việt Vương,,,,,,,,https://www.openstreetmap.org/node/11505669844,-1.32,
the-corner-cafe,hoan-kiem,food,candidate,ok,,cafe,coffee_shop,,The Corner Café,,21.041986,105.845158,amenity=cafe,1 Ngõ Hàng Bún,,,,,,,,https://www.openstreetmap.org/node/11832123383,-1.32,
pho-ga-1121,hoan-kiem,food,candidate,ok,,restaurant,,,Pho Ga,,21.042204,105.845347,amenity=restaurant,Phố Nguyễn Trường Tộ,,,,,,,,https://www.openstreetmap.org/node/5340681121,-1.33,
cafe-hoang-tung,hoan-kiem,food,candidate,ok,,cafe,coffee_shop,,Cafe Hoàng Tùng,,21.014001,105.850339,amenity=cafe,148 Phố Triệu Việt Vương,,,,,,,,https://www.openstreetmap.org/node/11491305569,-1.33,
chops,hoan-kiem,food,candidate,ok,,restaurant,american,,Chops,,21.01399,105.850581,amenity=restaurant,119 Phố Triệu Việt Vương,,,,,,,,https://www.openstreetmap.org/node/11505669845,-1.33,
ikazaya-yancha,hoan-kiem,food,candidate,ok,,restaurant,japanese,,Ikazaya Yancha,,21.01395,105.850584,amenity=restaurant,121 Phố Triệu Việt Vương,,,,,,,,https://www.openstreetmap.org/node/11505669846,-1.33,
gumiho,hoan-kiem,food,candidate,ok,,restaurant,korean,,Gumiho,,21.013997,105.849991,amenity=restaurant,133 Phố Bùi Thị Xuân,,,,,,,,https://www.openstreetmap.org/node/11625397932,-1.33,
za-cafe,hoan-kiem,food,candidate,ok,,cafe,,,Za Café,,21.036865,105.839056,amenity=cafe,,,,,,,,,https://www.openstreetmap.org/node/13273415410,-1.33,
hudu-sweet,hoan-kiem,food,candidate,ok,,street_food,juice,,Hudu Sweet,,21.013969,105.849745,amenity=fast_food,112 Phố Bùi Thị Xuân,,,,,,,,https://www.openstreetmap.org/node/11534643046,-1.34,
80-coffee-roastery,hoan-kiem,food,candidate,ok,,cafe,,,80+ coffee roastery,,21.030439,105.836466,amenity=cafe,,,,,,,,,https://www.openstreetmap.org/node/11609629180,-1.34,
thuc-don,hoan-kiem,food,candidate,ok,,restaurant,regional,,Thưc Đơn,,21.020828,105.83875,amenity=restaurant,,,,,,,,,https://www.openstreetmap.org/node/13039561898,-1.34,
bami-king-4101,hoan-kiem,food,candidate,ok,,street_food,,,Bami king,,21.018059,105.841241,amenity=fast_food,,,,,,,,,https://www.openstreetmap.org/node/13605534101,-1.34,
highlands-coffee-9590,hoan-kiem,food,candidate,ok,,cafe,"coffee_shop, vietnamese",Highlands Coffee,Highlands Coffee,Highlands Coffee,21.031297,105.830512,amenity=cafe,,,,,,,,,https://www.openstreetmap.org/node/13806229590,-1.34,
refined-5022,hoan-kiem,food,candidate,ok,,cafe,,,Refined,,21.028038,105.836338,amenity=cafe,43 Phố Văn Miếu,,,,,,,,https://www.openstreetmap.org/way/944825022,-1.34,
ca-phe-trang,hoan-kiem,food,candidate,ok,,cafe,,,Cà Phê Trang,,21.027956,105.836307,amenity=cafe,47 Phố Văn Miếu,,,,,,,,https://www.openstreetmap.org/node/1497544853,-1.35,
pho-ga-18,hoan-kiem,food,candidate,ok,,restaurant,noodle,,Phở Gà 18,,21.013679,105.850763,amenity=restaurant,12 Phố Tô Hiến Thành,,,,,,,,https://www.openstreetmap.org/node/11505968806,-1.35,
how-cafe,hoan-kiem,food,candidate,ok,,cafe,coffee_shop,,How Cafe,,21.013904,105.849695,amenity=cafe,114 Phố Bùi Thị Xuân,,,,,,,,https://www.openstreetmap.org/node/11534643047,-1.35,
la-boong,hoan-kiem,food,candidate,ok,,cafe,,,La Boong,,21.042413,105.845195,amenity=cafe,32 Phố Hàng Bún,,,,,,,,https://www.openstreetmap.org/node/11832117000,-1.35,
cafe-toan,hoan-kiem,food,candidate,ok,,cafe,coffee_shop,,Cafe Toàn,,21.013676,105.850541,amenity=cafe,,,,,,,,,https://www.openstreetmap.org/node/11505968809,-1.36,
lam,hoan-kiem,food,candidate,ok,,cafe,coffee_shop,,Lãm,,21.013621,105.8506,amenity=cafe,24 Phố Tô Hiến Thành,,,,,,,,https://www.openstreetmap.org/node/11625397939,-1.36,
banh-doner,hoan-kiem,food,candidate,ok,,street_food,,,Banh doner,,21.017288,105.841671,amenity=fast_food,,,,,,,,,https://www.openstreetmap.org/node/13605453003,-1.36,
ca-phe-cau,hoan-kiem,food,candidate,ok,,cafe,,,Cà Phê Câu,,21.04176,105.843682,amenity=cafe,69 Phố Yên Ninh,,,,,,,,https://www.openstreetmap.org/node/5421932025,-1.37,
ca-phe-aha-1317,hoan-kiem,food,candidate,ok,,cafe,,,Cà Phê Aha,,21.038558,105.865214,amenity=cafe,,,,,,,,,https://www.openstreetmap.org/node/9290531317,-1.37,
gia-hanoi,hoan-kiem,food,candidate,ok,,restaurant,,,Gia Hanoi,,21.027576,105.836075,amenity=restaurant,,,,,,,,,https://www.openstreetmap.org/node/9931528180,-1.37,
la-dessert,hoan-kiem,food,candidate,ok,,street_food,,,Lạ Dessert,,21.013568,105.849713,amenity=fast_food,62 Phố Tô Hiến Thành,,,,,,,,https://www.openstreetmap.org/node/11534643043,-1.37,
an-ca-phe,hoan-kiem,food,candidate,ok,,cafe,coffee_shop,,An Cà Phê,,21.013606,105.849815,amenity=cafe,,,,,,,,,https://www.openstreetmap.org/node/11534643044,-1.37,
viet-space,hoan-kiem,food,candidate,ok,,cafe,,,Viết Space,,21.041851,105.843695,amenity=cafe,,,,,,,,,https://www.openstreetmap.org/node/13597200502,-1.37,
mixue-8470,hoan-kiem,food,candidate,ok,,cafe,"ice_cream, bubble_tea",Mixue Ice Cream & Tea,Mixue,Mixue,21.043554,105.836241,amenity=cafe,,,,,,,,,https://www.openstreetmap.org/node/11832188470,-1.38,
day-off-coffee,hoan-kiem,food,candidate,ok,,cafe,,,Day Off Coffee,,21.042042,105.843829,amenity=cafe,98 Phố Quán Thánh,,,,,,,,https://www.openstreetmap.org/node/12135516703,-1.38,
thu-quan,hoan-kiem,food,candidate,ok,,cafe,,,Thư Quán,,21.029281,105.835818,amenity=cafe,,,,,,,,,https://www.openstreetmap.org/node/9931538552,-1.39,
hanoi-train-track-cafe-coffee-17,hoan-kiem,food,candidate,ok,,cafe,,,Hanoi Train Track Cafe - Coffee 17,,21.017571,105.8409,amenity=cafe,,,,,,,,,https://www.openstreetmap.org/node/10183312317,-1.39,
cafe-nang,hoan-kiem,food,candidate,ok,,cafe,coffee_shop,,Cafe Năng,,21.013241,105.850542,amenity=cafe,129 Phố Triệu Việt Vương,,,,,,,,https://www.openstreetmap.org/node/11472430142,-1.39,
dat-coffee-tea,hoan-kiem,food,candidate,ok,,cafe,coffee_shop,,Đạt Coffee & Tea,,21.01352,105.849258,amenity=cafe,157 Phố Bà Triệu,,,,,,,,https://www.openstreetmap.org/node/11534643037,-1.39,
ca-phe-hanoi-1990,hoan-kiem,food,candidate,ok,,cafe,,,Cà Phê Hanoi 1990,,21.017161,105.841155,amenity=cafe,,,,,,,,,https://www.openstreetmap.org/node/6976180285,-1.4,
pho-huong,hoan-kiem,food,candidate,ok,,restaurant,noodle,,Phở Hương,,21.013293,105.849647,amenity=restaurant,35 Phố Tô Hiến Thành,,,,,,,,https://www.openstreetmap.org/node/11482387990,-1.4,
pasteur-street-craft-beer-bui-thi-xuan-premium-local-cra,hoan-kiem,food,candidate,adult,alcohol / 18+,bar,,,Pasteur Street Craft Beer Bùi Thị Xuân - Premium Local Craft Beer in Hanoi,,21.01324,105.849792,amenity=pub,122 Phố Bùi Thị Xuân,,,,,,,,https://www.openstreetmap.org/node/13744152401,-1.4,
pizza-hut,hoan-kiem,food,candidate,ok,,restaurant,pizza,Pizza Hut,Pizza Hut,,21.018861,105.855242,amenity=restaurant,32B Phố Phan Chu Trinh,10:00-22:00,,,,,,,https://www.openstreetmap.org/node/4091998924,-1.41,
hadu-sushi,hoan-kiem,food,candidate,ok,,restaurant,japanese,,Hadu Sushi,,21.01317,105.850037,amenity=restaurant,149 Phố Bùi Thị Xuân,,,,,,,,https://www.openstreetmap.org/way/1234955626,-1.41,
phat-ky,hoan-kiem,food,candidate,ok,,restaurant,,,Phat Ky,,21.013253,105.848579,amenity=restaurant,57 Tô Hiến Thành,,,,,,,,https://www.openstreetmap.org/node/6385048425,-1.42,
coffee-chi,hoan-kiem,food,candidate,ok,,cafe,coffee_shop,,Coffee Chi,,21.012992,105.850558,amenity=cafe,137 Phố Triệu Việt Vương,,,,,,,,https://www.openstreetmap.org/node/11472430139,-1.42,
king-coffee,hoan-kiem,food,candidate,ok,,cafe,,,King Coffee,,21.043463,105.845704,amenity=cafe,Phố Phạm Hồng Thái,,,,,,,,https://www.openstreetmap.org/node/11832114469,-1.42,
home-viet-coffee,hoan-kiem,food,candidate,ok,,cafe,coffee_shop,,Home Việt Coffee,,21.012889,105.850545,amenity=cafe,141 Phố Triệu Việt Vương,,,,,,,,https://www.openstreetmap.org/way/1235566735,-1.42,
com-van-phong-2514,hoan-kiem,food,candidate,ok,,restaurant,,,Cơm Văn Phòng,,21.012884,105.849976,amenity=restaurant,159 Phố Bùi Thị Xuân,,,,,,,,https://www.openstreetmap.org/node/11463192514,-1.43,
bun-mien-ngan-hanh-lan,hoan-kiem,food,candidate,ok,,restaurant,noodle,,Bún - Miến ngan Hạnh Lan,,21.012832,105.850015,amenity=restaurant,161 Phố Bùi Thị Xuân,,,,,,,,https://www.openstreetmap.org/node/11463192515,-1.44,
cafe-65,hoan-kiem,food,candidate,ok,,cafe,coffee_shop,,Café 65,,21.013178,105.848141,amenity=cafe,65 Phố Tô Hiến Thành,,,,,,,,https://www.openstreetmap.org/node/11591201348,-1.44,
rosier,hoan-kiem,food,candidate,ok,,cafe,bubble_tea,,Rosier,,21.013122,105.848182,amenity=cafe,63 Phố Tô Hiến Thành,,,,,,,,https://www.openstreetmap.org/node/11591201349,-1.44,
com-tam-suon,hoan-kiem,food,candidate,ok,,restaurant,,,Com Tam Suon,,21.040985,105.840996,amenity=restaurant,,,,,,,,,https://www.openstreetmap.org/node/13392766014,-1.44,
hisakawa,hoan-kiem,food,candidate,ok,,cafe,bubble_tea,,Hisakawa,,21.012738,105.85024,amenity=cafe,168 Phố Triệu Việt Vương,,,,,,,,https://www.openstreetmap.org/way/1234955610,-1.44,
phui-quan,hoan-kiem,food,candidate,ok,,restaurant,,,Phủi Quán,,21.029167,105.835071,amenity=restaurant,,,,,,,,,https://www.openstreetmap.org/node/5485777635,-1.45,
chan-canh-ga-rang-muoi,hoan-kiem,food,candidate,ok,,restaurant,chicken,,Chân Cánh Gà Rang Muối,,21.012642,105.850261,amenity=restaurant,170 Phố Triệu Việt Vương,,,,,,,,https://www.openstreetmap.org/node/11462471453,-1.45,
bun-ngon-binh-huyen,hoan-kiem,food,candidate,ok,,restaurant,noodle,,Bún ngon Bình Huyền,,21.012622,105.850541,amenity=restaurant,149 Phố Triệu Việt Vương,,,,,,,,https://www.openstreetmap.org/node/11468718411,-1.45,
anan-juice-house,hoan-kiem,food,candidate,ok,,street_food,juice,,AnAn Juice House,,21.012807,105.849283,amenity=fast_food,169 Phố Bà Triệu,,,,,,,,https://www.openstreetmap.org/node/11482387880,-1.45,
ca-phe-pho-xua,hoan-kiem,food,candidate,ok,,cafe,,,Cà Phê Phố Xưa,,21.040913,105.840693,amenity=cafe,54 Phố Phan Đình Phùng,,,,,,,,https://www.openstreetmap.org/node/6685192250,-1.46,
tra-sua-172,hoan-kiem,food,candidate,ok,,cafe,bubble_tea,,Trà Sữa 172,,21.012555,105.850322,amenity=cafe,172 Phố Triệu Việt Vương,,,,,,,,https://www.openstreetmap.org/node/11462471452,-1.46,
3am-coffee-tea,hoan-kiem,food,candidate,ok,,cafe,coffee_shop,,3am Coffee & Tea,,21.012456,105.850532,amenity=cafe,153 Phố Triệu Việt Vương,,,,,,,,https://www.openstreetmap.org/node/11468718409,-1.46,
sid-coffee,hoan-kiem,food,candidate,ok,,cafe,coffee_shop,,SID Coffee,,21.012412,105.850543,amenity=cafe,153 Phố Triệu Việt Vương,,,,,,,,https://www.openstreetmap.org/node/11468718408,-1.47,
off-street-fine-coffee,hoan-kiem,food,candidate,ok,,cafe,,,Off street fine coffee,,21.042835,105.843158,amenity=cafe,,,,,,,,,https://www.openstreetmap.org/node/13533791795,-1.47,
cafe-177,hoan-kiem,food,candidate,ok,,cafe,coffee_shop,,Cafe 177,,21.01243,105.849232,amenity=cafe,177 Phố Bà Triệu,,,,,,,,https://www.openstreetmap.org/node/11482335144,-1.48,
hen-coffee,hoan-kiem,food,candidate,ok,,cafe,,,Hẹn Coffee,,21.044225,105.845844,amenity=cafe,4 Phố Hàng Bún,,,,,,,,https://www.openstreetmap.org/node/12050985874,-1.48,
pepper-lunch,hoan-kiem,food,candidate,ok,,street_food,teppanyaki,Pepper Lunch,Pepper Lunch,,21.01225,105.850224,amenity=fast_food,178 Phố Triệu Việt Vương,,https://www.pepper-lunch.vn/,,,,,,https://www.openstreetmap.org/way/1234867619,-1.48,
f-plaza,hoan-kiem,food,candidate,ok,,restaurant,,,F-Plaza,,21.012211,105.850581,amenity=restaurant,159 Phố Triệu Việt Vương,,,,,,,,https://www.openstreetmap.org/way/1235442351,-1.48,
nha-hang-mi-vit-tiem-a-cuong,hoan-kiem,food,candidate,ok,,restaurant,,,Nhà Hàng Mì Vịt Tiềm A Cường,,21.045214,105.868898,amenity=restaurant,137 Phố Ngọc Lâm,,,,,,,,https://www.openstreetmap.org/node/5491060637,-1.5,
nha-hang-hanh-ngan-de,hoan-kiem,food,candidate,ok,,restaurant,,,Nha Hàng Hạnh Ngan Dé,,21.042959,105.84264,amenity=restaurant,63 Phố Cửa Bắc,,,,,,,,https://www.openstreetmap.org/node/7025957986,-1.5,
ashima,hoan-kiem,food,candidate,ok,,restaurant,,,Ashima,,21.012102,105.850259,amenity=restaurant,182 Phố Triệu Việt Vương,,,,,,,,https://www.openstreetmap.org/way/1234867600,-1.5,
g,hoan-kiem,food,candidate,ok,,street_food,,,G,,21.031464,105.83464,amenity=fast_food,,,,,,,,,https://www.openstreetmap.org/way/1305518594,-1.5,
ca-phe-almond,hoan-kiem,food,candidate,ok,,cafe,,,Cà Phê Almond,,21.013735,105.860764,amenity=cafe,,,,,,,,,https://www.openstreetmap.org/node/6798156542,-1.51,
banh-canh-ghe-mama-s-no-1,hoan-kiem,food,candidate,ok,,restaurant,noodle,,Bánh Canh Ghẹ Mama's No. 1,,21.011959,105.850083,amenity=restaurant,18 Phố Đoàn Trần Nghiệp,,,,,,,,https://www.openstreetmap.org/node/11462471439,-1.51,
vintage-1976-cafe,hoan-kiem,food,candidate,ok,,cafe,coffee_shop,,Vintage 1976 Cafe,,21.011884,105.850805,amenity=cafe,10 Phố Đoàn Trần Nghiệp,,,,,,,,https://www.openstreetmap.org/node/11468643063,-1.51,
de-nhat-bo-to,hoan-kiem,food,candidate,ok,,restaurant,,,Đệ Nhất Bò Tơ,,21.01197,105.850259,amenity=restaurant,184 Phố Triệu Việt Vương,,,,,,,,https://www.openstreetmap.org/way/1234867603,-1.51,
simin-coffee,hoan-kiem,food,candidate,ok,,cafe,coffee_shop,,Simin Coffee,,21.011871,105.850884,amenity=cafe,112G Phố Mai Hắc Đế,,,,,,,,https://www.openstreetmap.org/way/1235442357,-1.51,
the-pizza-company,hoan-kiem,food,candidate,ok,,street_food,pizza,The Pizza Company,The Pizza Company,,21.012015,105.849471,amenity=fast_food,30 Phố Đoàn Trần Nghiệp,,https://thepizzacompany.vn/,,,,,,https://www.openstreetmap.org/way/1236046190,-1.51,
an-coffee,hoan-kiem,food,candidate,ok,,cafe,coffee_shop,,An Coffee,,21.01188,105.850299,amenity=cafe,16 Phố Đoàn Trần Nghiệp,,,,,,,,https://www.openstreetmap.org/node/11462471441,-1.52,
quan-ga-coi,hoan-kiem,food,candidate,ok,,restaurant,,,Quan Ga Coi,,21.038145,105.867834,amenity=restaurant,,,,,,,,,https://www.openstreetmap.org/node/11626870546,-1.52,
quan-pho-huong,hoan-kiem,food,candidate,ok,,restaurant,,,Quan Pho Huong,,21.038221,105.867775,amenity=restaurant,,,,,,,,,https://www.openstreetmap.org/node/11626870547,-1.52,
milana-premium,hoan-kiem,food,candidate,ok,,cafe,,,Milana Premium,,21.011951,105.849695,amenity=ice_cream,150B Phố Bùi Thị Xuân,,,,,,,,https://www.openstreetmap.org/way/1236046187,-1.52,
bia-hoi-37,hoan-kiem,food,candidate,adult,alcohol / 18+,bar,,,Bia Hơi 37,,21.032729,105.834659,amenity=biergarten,37 Đường Hùng Vương,,,,,,,,https://www.openstreetmap.org/way/1301924810,-1.52,
koi-the,hoan-kiem,food,candidate,ok,,cafe,bubble_tea,,KOI Thé,,21.011499,105.850713,amenity=cafe,,,,,,,,,https://www.openstreetmap.org/node/11478449864,-1.55,
the-pot-house,hoan-kiem,food,candidate,ok,,restaurant,,,The Pot House,,21.01174,105.848515,amenity=restaurant,17 Phố Đoàn Trần Nghiệp,,,,,,,,https://www.openstreetmap.org/way/904729843,-1.55,
bo-nhung-zam,hoan-kiem,food,candidate,ok,,restaurant,,,Bò Nhúng Zấm,,21.011751,105.848476,amenity=restaurant,19 Phố Đoàn Trần Nghiệp,,,,,,,,https://www.openstreetmap.org/way/904729844,-1.55,
ca-phe-25,hoan-kiem,food,candidate,ok,,cafe,coffee_shop,,Cà phê 25,,21.011805,105.84827,amenity=cafe,25 Phố Đoàn Trần Nghiệp,,,,,,,,https://www.openstreetmap.org/way/904729850,-1.55,
tocotoco-9557,hoan-kiem,food,candidate,ok,,cafe,bubble_tea,,TocoToco,,21.011512,105.849675,amenity=cafe,,,,,,,,,https://www.openstreetmap.org/node/9961849557,-1.56,
le-monde-steak,hoan-kiem,food,candidate,ok,,restaurant,steak_house,,Le Monde Steak,,21.011436,105.849684,amenity=restaurant,,,,,,,,,https://www.openstreetmap.org/node/9961849558,-1.56,
ola-s-steak,hoan-kiem,food,candidate,ok,,restaurant,,,ola's steak,,21.027905,105.833794,amenity=restaurant,,,,,,,,,https://www.openstreetmap.org/node/10274963509,-1.56,
xiu-cafe,hoan-kiem,food,candidate,ok,,cafe,,,xiu café,,21.043251,105.841773,amenity=cafe,,,,,,,,,https://www.openstreetmap.org/node/13597200503,-1.56,
cheese-coffee,hoan-kiem,food,candidate,ok,,cafe,coffee_shop,,Cheese Coffee,,21.011768,105.848213,amenity=cafe,50A Phố Lê Đại Hành,,,,,,,,https://www.openstreetmap.org/way/904729849,-1.56,
bit-tet-thuan-viet,hoan-kiem,food,candidate,ok,,restaurant,steak_house,,Bít Tết Thuần Việt,,21.01165,105.848322,amenity=restaurant,46 Phố Lê Đại Hành,,,,,,,,https://www.openstreetmap.org/way/904729857,-1.56,
ca-phe-chuoi,hoan-kiem,food,candidate,ok,,cafe,,,Cà Phê Chuối,,21.01315,105.861728,amenity=cafe,,,,,,,,,https://www.openstreetmap.org/node/2577863960,-1.59,
lau-cua,hoan-kiem,food,candidate,ok,,restaurant,,,Lẩu Cua,,21.042426,105.840031,amenity=restaurant,,,,,,,,,https://www.openstreetmap.org/node/12105915319,-1.59,
thai-express,hoan-kiem,food,candidate,ok,,restaurant,thai,,Thai Express,,21.010943,105.849603,amenity=restaurant,,,,,,,,,https://www.openstreetmap.org/node/11164095942,-1.61,
windmill-microbrewery-pub,hoan-kiem,food,candidate,adult,alcohol / 18+,bar,,,Windmill microbrewery pub,,21.026878,105.832972,amenity=pub,,,,,,,,,https://www.openstreetmap.org/node/3575191010,-1.63,
zone-17,hoan-kiem,food,candidate,adult,alcohol / 18+,bar,,,Zone 17,,21.045891,105.845356,amenity=bar,,,,,,,,,https://www.openstreetmap.org/node/4633968590,-1.63,
pasteur-street-craft-beer-cua-bac-premium-local-craft-be,hoan-kiem,food,candidate,adult,alcohol / 18+,bar,,,Pasteur Street Craft Beer Cửa Bắc - Premium Local Craft Beer in Hanoi,,21.044965,105.843142,amenity=pub,,,,,,,,,https://www.openstreetmap.org/node/13744465702,-1.63,
ca-phe-starbucks,hoan-kiem,food,candidate,ok,,cafe,coffee_shop,,Cà Phê StarBucks,,21.010716,105.848969,amenity=cafe,,,,,,,,,https://www.openstreetmap.org/node/9584989655,-1.64,
gia-linh-coffee-juice,hoan-kiem,food,candidate,ok,,cafe,,,Gia Linh Coffee & Juice,,21.010476,105.849843,amenity=cafe,33 Phố Thái Phiên,,,,,,,,https://www.openstreetmap.org/node/11662192866,-1.64,
bong-cafe-juice,hoan-kiem,food,candidate,ok,,cafe,,,Bống Cafe & Juice,,21.010495,105.84979,amenity=cafe,35 Phố Thái Phiên,,,,,,,,https://www.openstreetmap.org/node/11662192867,-1.64,
coffee-hai-anh,hoan-kiem,food,candidate,ok,,cafe,,,Coffee Hải Anh,,21.010506,105.849749,amenity=cafe,35 Phố Thái Phiên,,,,,,,,https://www.openstreetmap.org/node/11662204172,-1.64,
wehome-ms-tram,hoan-kiem,food,candidate,ok,,cafe,,,Wehome - Ms Tram,,21.010507,105.849719,amenity=cafe,35 Phố Thái Phiên,,,,,,,,https://www.openstreetmap.org/node/11662204173,-1.64,
bao-vy,hoan-kiem,food,candidate,ok,,street_food,juice,,Bảo Vy,,21.010503,105.84969,amenity=fast_food,35 Phố Thái Phiên,,,,,,,,https://www.openstreetmap.org/node/11662204174,-1.64,
bun-bung,hoan-kiem,food,candidate,ok,,restaurant,noodle,,Bún Bung,,21.010507,105.849652,amenity=restaurant,37-39 Phố Thái Phiên,,,,,,,,https://www.openstreetmap.org/node/11662204175,-1.64,
pho-ga-ta,hoan-kiem,food,candidate,ok,,restaurant,noodle,,Phở Gà Ta,,21.010364,105.851436,amenity=restaurant,322 Phố Huế,,,,,,,,https://www.openstreetmap.org/node/11697674105,-1.64,
bo-nhung-dam,hoan-kiem,food,candidate,ok,,restaurant,,,Bò Nhúng Dấm,,21.010407,105.851454,amenity=restaurant,2A Phố Thái Phiên,,,,,,,,https://www.openstreetmap.org/node/11697674106,-1.64,
with-us,hoan-kiem,food,candidate,ok,,cafe,,,With Us,,21.043295,105.840309,amenity=cafe,1 Phố Nguyễn Biểu,,,,,,,,https://www.openstreetmap.org/node/11864413311,-1.64,
odin-coffee,hoan-kiem,food,candidate,ok,,cafe,,,Odin Coffee,,21.045039,105.84314,amenity=cafe,,,,,,,,,https://www.openstreetmap.org/node/13633371975,-1.64,
bun-ca-van,hoan-kiem,food,candidate,ok,,restaurant,"vietnamese, noodle",,Bún cá Văn,,21.0429,105.839508,amenity=restaurant,174 Phố Quán Thánh,,,,,,,,https://www.openstreetmap.org/node/6640913832,-1.65,
nha-hang-tuan-hai,hoan-kiem,food,candidate,ok,,restaurant,,,Nhà hàng Tuấn Hải,,21.010351,105.850888,amenity=restaurant,151 Phố Mai Hắc Đế,,,,,,,,https://www.openstreetmap.org/node/11697674115,-1.65,
fuku-coffee,hoan-kiem,food,candidate,ok,,cafe,coffee_shop,,Fuku Coffee,,21.042905,105.839586,amenity=cafe,172 Phố Quán Thánh,,,,,,,,https://www.openstreetmap.org/node/12639898403,-1.65,
cong-ca-phe-6558,hoan-kiem,food,candidate,ok,,cafe,"coffee_shop, vietnamese",Cộng Cà Phê,Cộng Cà Phê,,21.010431,105.849952,amenity=cafe,31 Phố Thái Phiên,Mo-Su 07:30-22:30,https://congcaphe.com/,,,,,,https://www.openstreetmap.org/way/1254526558,-1.65,
the-alley,hoan-kiem,food,candidate,ok,,cafe,bubble_tea,The Alley,The Alley,,21.010294,105.849638,amenity=cafe,34 Phố Lê Đại Hành,Mo-Su 09:00-22:30,https://www.the-alley.vn/,,,,,,https://www.openstreetmap.org/node/11659995709,-1.66,
bun-cha-chan,hoan-kiem,food,candidate,ok,,restaurant,noodle,,Bún Chả Chan,,21.010222,105.850671,amenity=restaurant,114 Phố Mai Hắc Đế,,,,,,,,https://www.openstreetmap.org/node/11672849014,-1.66,
quan-bia-khu-9,hoan-kiem,food,candidate,adult,alcohol / 18+,bar,,,Quán Bia Khu 9,,21.012739,105.863167,amenity=bar,,,,,,,,,https://www.openstreetmap.org/node/4580689690,-1.68,
ah-ma-handmade,hoan-kiem,food,candidate,ok,,cafe,bubble_tea,,Ah Ma Handmade,,21.010048,105.849978,amenity=cafe,24 Phố Lê Đại Hành,,,,,,,,https://www.openstreetmap.org/node/11659995712,-1.68,
helio-coffee-6235,hoan-kiem,food,candidate,ok,,cafe,coffee_shop,,Helio Coffee,,21.036244,105.833914,amenity=cafe,,,,,,,,,https://www.openstreetmap.org/way/1290426235,-1.68,
song-thu,hoan-kiem,food,candidate,ok,,restaurant,,,Song Thu,,21.045646,105.842715,amenity=restaurant,34 Phố Châu Long,,,,,,,,https://www.openstreetmap.org/node/5504330621,-1.7,
banh-mi-gio-cha-dung-hanh,hoan-kiem,food,candidate,ok,,street_food,sandwich,,Bánh Mì Giò Chả Dũng Hạnh,,21.00984,105.850082,amenity=fast_food,20 Phố Lê Đại Hành,,,,,,,,https://www.openstreetmap.org/node/11672848991,-1.7,
mono-coffee-lab,hoan-kiem,food,candidate,ok,,cafe,coffee_shop,,MONO Coffee Lab,,21.010524,105.846579,amenity=cafe,19 Ngõ 55 Vân Hồ 2,,,,,,,,https://www.openstreetmap.org/node/11912084366,-1.7,
bun-oc-chuc-thuy,hoan-kiem,food,candidate,ok,,restaurant,noodle,,Bún Ốc Chúc Thúy,,21.009498,105.850857,amenity=restaurant,109 Phố Mai Hắc Đế,,,,,,,,https://www.openstreetmap.org/node/11685045538,-1.72,
ca-phe-big-one,hoan-kiem,food,candidate,ok,,cafe,,,Cà Phê Big One,,21.009861,105.847649,amenity=cafe,,,,,,,,,https://www.openstreetmap.org/node/442910045,-1.73,
lynh-s-coffee-tea,hoan-kiem,food,candidate,ok,,cafe,,,Lynh's Coffee & Tea,,21.009474,105.850441,amenity=cafe,10A Phố Lê Đại Hành,,,,,,,,https://www.openstreetmap.org/node/11672848998,-1.73,
ca-phe-co-hang-xom,hoan-kiem,food,candidate,ok,,cafe,,,Cà Phê Cô Hàng Xóm,,21.045294,105.840935,amenity=cafe,,,,,,,,,https://www.openstreetmap.org/node/6742138876,-1.75,
starbucks-1766,hoan-kiem,food,candidate,ok,,cafe,coffee_shop,Starbucks,Starbucks,,21.026143,105.853559,amenity=cafe,,,,,,,,,https://www.openstreetmap.org/node/12828541766,-1.75,
pho-the-beo,hoan-kiem,food,candidate,ok,,restaurant,,,Phở Thế Béo,,21.045434,105.841048,amenity=restaurant,,,,,,,,,https://www.openstreetmap.org/node/11197105037,-1.76,
cafe-cat,hoan-kiem,food,candidate,ok,,cafe,,,Cafe Cat,,21.046439,105.842698,amenity=cafe,,,,,,,,,https://www.openstreetmap.org/node/9756349317,-1.77,
quan-nhau-ta-tu-do,hoan-kiem,food,candidate,adult,alcohol / 18+,bar,,,Quán nhâu Ta tu do,,21.046524,105.842875,amenity=bar,,,,,,,,,https://www.openstreetmap.org/node/10873336106,-1.77,
ca-phe-kien,hoan-kiem,food,candidate,ok,,cafe,,,Cà Phê Kiến,,21.009262,105.847638,amenity=cafe,2 Hoa Lư,,,,,,,,https://www.openstreetmap.org/node/2276420302,-1.78,
pho-cuon-huong-mai,hoan-kiem,food,candidate,ok,,restaurant,,,Phở Cuốn Hương Mai,,21.046055,105.841306,amenity=restaurant,25 Phố Ngũ Xã,,,,,,,,https://www.openstreetmap.org/node/5384986723,-1.79,
nha-hang-hoa-lu,hoan-kiem,food,candidate,ok,,street_food,,,Nhà hàng Hoa Lư,,21.035114,105.831981,amenity=fast_food,,,,,,,,,https://www.openstreetmap.org/node/12086810588,-1.79,
huong-mai,hoan-kiem,food,candidate,ok,,restaurant,,,Huong Mai,,21.046044,105.841257,amenity=restaurant,27 Phố Ngũ Xã,,,,,,,,https://www.openstreetmap.org/node/14049103201,-1.8,
ca-phe-ma-xo,hoan-kiem,food,candidate,ok,,cafe,,,Cà Phê Ma Xo,,21.045537,105.840193,amenity=cafe,,,,,,,,,https://www.openstreetmap.org/node/6919278357,-1.81,
chao-suon-chao-trai,hoan-kiem,food,candidate,ok,,street_food,,,Cháo sườn - Cháo trai,,21.033933,105.831428,amenity=fast_food,22A Phố Ngọc Hà,,,,,,,,https://www.openstreetmap.org/node/10674994906,-1.81,
domino-s,hoan-kiem,food,candidate,ok,,street_food,pizza,Domino's,Domino's,,21.03221,105.85121,amenity=fast_food,,,,,,,,,https://www.openstreetmap.org/node/11411581952,-1.82,
phe-la,hoan-kiem,food,candidate,ok,,cafe,,,Phê La,,21.035343,105.831776,amenity=cafe,19A Phố Ngọc Hà,,,,,,,,https://www.openstreetmap.org/way/697572020,-1.82,
cong-ca-phe-5424,hoan-kiem,food,candidate,ok,,cafe,"coffee_shop, vietnamese",Cộng Cà Phê,Cộng Cà Phê,,21.032358,105.851506,amenity=cafe,,,,,,,,,https://www.openstreetmap.org/node/5072875424,-1.83,
pho-cuon-chinh-thang,hoan-kiem,food,candidate,ok,,restaurant,,,Pho Cuon Chinh Thang,,21.046608,105.8412,amenity=restaurant,,,,,,,,,https://www.openstreetmap.org/node/13511150201,-1.84,
nha-hang-thanh-loc,hoan-kiem,food,candidate,ok,,restaurant,,,Nhà hàng Thành Lộc,,21.008355,105.856771,amenity=restaurant,,,,,,,,,https://www.openstreetmap.org/node/446044222,-1.85,
domino-s-4613,hoan-kiem,food,candidate,ok,,street_food,pizza,Domino's,Domino's,,21.013661,105.851182,amenity=fast_food,8 Phố Tô Hiến Thành,Mo-Su 10:00-22:00,,,,,,,https://www.openstreetmap.org/node/5485644613,-1.85,
phe-la-yen-phu,hoan-kiem,food,candidate,ok,,cafe,coffee_shop,,Phê La - Yên Phụ,,21.047495,105.842636,amenity=cafe,,,,,,,,,https://www.openstreetmap.org/way/1468718944,-1.85,
quan-bar-lang-thang,hoan-kiem,food,candidate,adult,alcohol / 18+,bar,,,Quán Bar Lang Thang,,21.046896,105.841221,amenity=bar,,,,,,,,,https://www.openstreetmap.org/node/6916249241,-1.86,
night-karaoke,hoan-kiem,food,candidate,adult,alcohol / 18+,bar,,,Night Karaoke,,21.009285,105.860454,amenity=bar,,,,,,,,,https://www.openstreetmap.org/node/7162765217,-1.86,
pizza-4p-s-9591,hoan-kiem,food,candidate,ok,,restaurant,pizza,,Pizza 4P's,,21.030478,105.830205,amenity=restaurant,,,,,,,,,https://www.openstreetmap.org/node/13806229591,-1.86,
ca-phe-hao,hoan-kiem,food,candidate,ok,,cafe,,,Cà Phê Hao,,21.041759,105.870242,amenity=cafe,,,,,,,,,https://www.openstreetmap.org/node/481837528,-1.87,
ca-phe-131,hoan-kiem,food,candidate,ok,,cafe,,,Cà Phê 131,,21.042117,105.870084,amenity=cafe,131 Đường Nguyễn Văn Cừ,,,,,,,,https://www.openstreetmap.org/node/6643877703,-1.88,
cofy,hoan-kiem,food,candidate,ok,,cafe,coffee_shop,,Cofy,,21.047563,105.84212,amenity=cafe,86 Phố Đức Chính,,,,,,,,https://www.openstreetmap.org/node/6651901849,-1.88,
the-root-boardgame-cafe-6545,hoan-kiem,food,candidate,ok,,cafe,,,"The Root, Boardgame Cafe",,21.035294,105.830897,amenity=cafe,,,,,,,,,https://www.openstreetmap.org/node/12300636545,-1.88,
19c-ngoc-ha,hoan-kiem,food,candidate,adult,alcohol / 18+,bar,,,19C Ngọc Hà,,21.037178,105.831508,amenity=pub,19C Phố Ngọc Hà,,,,,,,,https://www.openstreetmap.org/way/1289842481,-1.9,
hermanos,hoan-kiem,food,candidate,ok,,cafe,,,Hermanos,,21.047054,105.840455,amenity=cafe,6 Phố Nam Tràng,,,,,,,,https://www.openstreetmap.org/way/1497495682,-1.91,
ca-phe-bach-thao,hoan-kiem,food,candidate,ok,,cafe,,,Cà Phê Bạch Thảo,,21.041586,105.833517,amenity=cafe,1B Hoàng Hoa Thám,,,,,,,,https://www.openstreetmap.org/node/3975723741,-1.94,
nha-hang-chick-garden,hoan-kiem,food,candidate,ok,,restaurant,,,Nhà Hàng Chick Garden,,21.037664,105.830973,amenity=restaurant,,,,,,,,,https://www.openstreetmap.org/node/6418870085,-1.95,
cang-tin-minh-nu,hoan-kiem,food,candidate,ok,,cafe,,,Cang Tin Minh Nu,,21.038131,105.831086,amenity=cafe,,,,,,,,,https://www.openstreetmap.org/node/12679316801,-1.96,
nem-lui-hue-5286,hoan-kiem,food,candidate,ok,,restaurant,,,Nem Lụi Huế,,21.043016,105.834377,amenity=restaurant,,,,,,,,,https://www.openstreetmap.org/node/7622285286,-1.97,
bun-cha-kim-oanh,hoan-kiem,food,candidate,ok,,restaurant,noodle,,Bún Chả Kim Oanh,,21.015053,105.833868,amenity=restaurant,,,,,,,,,https://www.openstreetmap.org/node/11301620093,-1.97,
kem-hoa-viet,hoan-kiem,food,candidate,ok,,cafe,,,Kem Hoa Việt,,21.015534,105.833294,amenity=ice_cream,412 Phố Xã Đàn,,,,,,,,https://www.openstreetmap.org/node/11301609134,-1.98,
ha-thanh-chao-suon-sun,hoan-kiem,food,candidate,ok,,street_food,,,Hà Thành Cháo Sườn Sụn,,21.014737,105.834006,amenity=fast_food,372 Phố Xã Đàn,,,,,,,,https://www.openstreetmap.org/node/11301620121,-1.98,
yelaputra-che,hoan-kiem,food,candidate,ok,,restaurant,,,YelaPutra Chè,,21.045211,105.868546,amenity=restaurant,117 Phố Ngọc Lâm,,,,,,,,https://www.openstreetmap.org/node/11633344438,-1.98,
weekend-cafe,hoan-kiem,food,candidate,ok,,cafe,coffee_shop,,Weekend Cafe,,21.04829,105.840948,amenity=cafe,47 Trúc Bạch,,,,,,,,https://www.openstreetmap.org/node/12654225081,-1.98,
nha-cua-ngoai,hoan-kiem,food,candidate,ok,,restaurant,,,Nhà Của Ngoại,,21.047501,105.865749,amenity=restaurant,,,,,,,,,https://www.openstreetmap.org/node/13475283215,-1.99,
ca-phe-long-bien,hoan-kiem,food,candidate,ok,,cafe,,,Cà Phê Long Biên,,21.045642,105.868399,amenity=cafe,75 Đường Long Biên 1,,,,,,,,https://www.openstreetmap.org/node/5489944413,-2.0,
my-vit-tiem-a-cuong,hoan-kiem,food,candidate,ok,,restaurant,,,Mỳ Vịt Tiềm A Cường,,21.045181,105.868921,amenity=restaurant,137 Phố Ngọc Lâm,,,,,,,,https://www.openstreetmap.org/node/5491050400,-2.0,
mien-tay-tuu-quan,hoan-kiem,food,candidate,ok,,restaurant,,,Miền Tây Tửu Quán,,21.016613,105.832254,amenity=restaurant,468 Phố Xã Đàn,,,,,,,,https://www.openstreetmap.org/way/1219036302,-2.0,
starbucks-2574,hoan-kiem,food,candidate,ok,,cafe,coffee_shop,Starbucks,Starbucks,,21.034426,105.854235,amenity=cafe,32-34 Phố Nguyễn Hữu Huân,,,,,,,,https://www.openstreetmap.org/node/11536272574,-2.02,
pizza-hut-7904,hoan-kiem,food,candidate,ok,,restaurant,pizza,Pizza Hut,Pizza Hut,,21.011391,105.849281,amenity=restaurant,191 Phố Bà Triệu,10:00-22:00,,,,,,,https://www.openstreetmap.org/node/4090297904,-2.07,
pizza-hut-2750,hoan-kiem,food,candidate,ok,,restaurant,pizza,Pizza Hut,Pizza Hut,,21.025894,105.833459,amenity=restaurant,138 Phố Tôn Đức Thắng,10:00-22:00,,,,,,,https://www.openstreetmap.org/node/4090272750,-2.1,
bingxue,hoan-kiem,food,candidate,ok,,cafe,"ice_cream, bubble_tea",Mixue Ice Cream & Tea,Bingxue,,21.029146,105.844792,amenity=cafe,,,,,,,,,https://www.openstreetmap.org/node/12981698362,-2.14,
cong-ca-phe-4121,hoan-kiem,food,candidate,ok,,cafe,"coffee_shop, vietnamese",Cộng Cà Phê,Cộng Cà Phê,,21.025282,105.845214,amenity=cafe,68 Phố Quán Sứ,,,,,,,,https://www.openstreetmap.org/node/4831974121,-2.18,
starbucks-0783,hoan-kiem,food,candidate,ok,,cafe,coffee_shop,Starbucks,Starbucks,,21.025225,105.843351,amenity=cafe,83B Phố Lý Thường Kiệt,,,,,,,,https://www.openstreetmap.org/node/9942330783,-2.32,
cong-ca-phe-4449,hoan-kiem,food,candidate,ok,,cafe,"coffee_shop, vietnamese",Cộng Cà Phê,Cộng Cà Phê,,21.019583,105.847962,amenity=cafe,,,,,,,,,https://www.openstreetmap.org/node/6139814449,-2.4,
lotteria,hoan-kiem,food,candidate,ok,,street_food,burger,Lotteria,Lotteria,,21.017119,105.849128,amenity=fast_food,40 Phố Trần Nhân Tông,,,,,,,,https://www.openstreetmap.org/node/12164856801,-2.58,
lotteria-7986,hoan-kiem,food,candidate,ok,,street_food,burger,Lotteria,Lotteria,,21.042085,105.847341,amenity=fast_food,,,,,,,,,https://www.openstreetmap.org/node/9931517986,-2.76,
kfc-7763,hoan-kiem,food,candidate,ok,,street_food,fried_chicken,KFC,KFC,,21.012562,105.848995,amenity=fast_food,,,,,,,,,https://www.openstreetmap.org/node/9964447763,-2.97,
loving-hut,hoan-kiem,food,candidate,ok,,restaurant,international,Loving Hut,Loving Hut,,21.042322,105.838098,amenity=restaurant,192 Quán Thánh,,,,,,,,https://www.openstreetmap.org/node/5375190021,-3.2,
kfc-6185,hoan-kiem,food,candidate,ok,,street_food,fried_chicken,KFC,KFC,,21.009027,105.851655,amenity=fast_food,,,,,,,,,https://www.openstreetmap.org/node/6611696185,-3.26,
starbucks-9567,hoan-kiem,food,candidate,ok,,cafe,coffee_shop,Starbucks,Starbucks,,21.031257,105.830925,amenity=cafe,,,,,,,,,https://www.openstreetmap.org/node/13806229567,-3.3,
gong-cha,hoan-kiem,food,candidate,ok,,cafe,bubble_tea,Gong Cha,Gong Cha,,21.031466,105.830779,amenity=cafe,,,,,,,,,https://www.openstreetmap.org/node/13806229589,-3.32,
pepper-lunch-9592,hoan-kiem,food,candidate,ok,,street_food,teppanyaki,Pepper Lunch,Pepper Lunch,,21.031278,105.830584,amenity=fast_food,,,,,,,,,https://www.openstreetmap.org/node/13806229592,-3.33,
mcdonald-s-9568,hoan-kiem,food,candidate,ok,,street_food,burger,McDonald's,McDonald's,,21.031198,105.830433,amenity=fast_food,,,,,,,,,https://www.openstreetmap.org/node/13806229568,-3.34,
jollibee,hoan-kiem,food,candidate,ok,,street_food,burger,Jollibee,Jollibee,,21.031505,105.830492,amenity=fast_food,,,,,,,,,https://www.openstreetmap.org/node/13806229569,-3.34,
kfc-9577,hoan-kiem,food,candidate,ok,,street_food,fried_chicken,KFC,KFC,,21.031348,105.83048,amenity=fast_food,,,,,,,,,https://www.openstreetmap.org/node/13806229577,-3.34,
lotteria-7753,hoan-kiem,food,candidate,ok,,street_food,burger,Lotteria,Lotteria,,21.04395,105.836365,amenity=fast_food,,,,,,,,,https://www.openstreetmap.org/node/5781047753,-3.4,
hang-ay-stadium,hoan-kiem,fun,candidate,ok,,sport,,,Sân vận động Hàng Đẫy,Hàng Ðẫy Stadium,21.02987,105.832925,leisure=stadium,9 Phố Trịnh Hoài Đức,,,Q1817188,Sân vận động Hàng Đẫy,Hàng Đẫy Stadium,1934,Hàng Đẫy Stadium Gate.jpg,https://www.openstreetmap.org/way/186664791,5.37,
august-cinema,hoan-kiem,fun,candidate,ok,,cinema,,,Rạp Tháng 8,August Cinema,21.021466,105.852601,amenity=cinema,45 Phố Hàng Bài,,http://rapthang8.com/,,,,,,https://www.openstreetmap.org/way/1089076699,2.85,
up-nightclub,hoan-kiem,fun,candidate,adult,alcohol / 18+,nightlife,,,Up Club,Up Nightclub,21.033522,105.845536,amenity=nightclub,"119 Phung Hung, Cua Dong",Mo-Su 20:30-02:00,,,,,,,https://www.openstreetmap.org/node/7296290887,2.79,
khai-phat-gym,hoan-kiem,fun,candidate,ok,,sport,,,CLB Thể Hình Khải Phát,Khai Phat Gym,21.037659,105.870585,leisure=fitness_centre,34 Ngõ 152 Bồ Đề,,https://www.facebook.com/pg/khaiphatgym,,,,,,https://www.openstreetmap.org/node/7306319686,1.8,
fit24,hoan-kiem,fun,candidate,ok,,sport,,,Fit24,,21.028573,105.858772,leisure=fitness_centre,2 Phố Chương Dương Độ,,http://fit24hn.com.vn/,,,,,,https://www.openstreetmap.org/node/11197639619,0.98,
ip-club,hoan-kiem,fun,candidate,adult,alcohol / 18+,nightlife,,,IP Club,,21.025289,105.848207,amenity=nightclub,"6th Floor, 41 Hai Ba Trung, Tran Hung Dao",Tu-Sa 20:25-2:00; Su 20:25-0:00,,,,,,,https://www.openstreetmap.org/node/9805222022,0.53,
prolifting,hoan-kiem,fun,candidate,ok,,sport,,,Prolifting,,21.015513,105.849997,leisure=fitness_centre,97 Phố Bùi Thị Xuân,Mo-Sa 07:00-21:00,https://prolifting.vn/,,,,,,https://www.openstreetmap.org/node/11615961410,0.3,
cgv-cinema,hoan-kiem,fun,candidate,ok,,cinema,,rạp chiếu phim CGV,rạp chiếu phim CGV,CGV Cinema,21.024591,105.853301,amenity=cinema,,,,,,,,,https://www.openstreetmap.org/node/11043816636,0.12,
hoa-banh-gym,hoan-kiem,fun,candidate,ok,,sport,,,Hoa Banh Gym,,21.027985,105.840572,leisure=fitness_centre,Phố Nguyễn Khuyến,Mo-Su 06:00-22:00,,,,,,,https://www.openstreetmap.org/node/4132418089,0.01,
shark-club,hoan-kiem,fun,candidate,adult,alcohol / 18+,nightlife,,,Shark Club,,21.02445,105.856207,amenity=nightclub,21 Phố Tràng Tiền,,,,,,,,https://www.openstreetmap.org/node/6923788657,0.01,
7fit,hoan-kiem,fun,candidate,ok,,sport,,,7fit,,21.033514,105.845903,leisure=fitness_centre,2a Phố Đường Thành,,,,,,,,https://www.openstreetmap.org/node/13583649002,-0.19,
rap-kim-dong,hoan-kiem,fun,candidate,ok,,cinema,,,Rạp Kim Đồng,,21.023757,105.853236,amenity=cinema,19 Phố Hàng Bài,,,,,,,,https://www.openstreetmap.org/way/863234970,-0.45,
california-fitness-yoga,hoan-kiem,fun,candidate,ok,,sport,,,California Fitness & Yoga,,21.025409,105.848178,leisure=fitness_centre,,,,,,,,,https://www.openstreetmap.org/node/9903217945,-0.47,
the-oasis,hoan-kiem,fun,candidate,adult,alcohol / 18+,nightlife,,,The Oasis,,21.034753,105.851385,amenity=nightclub,61 Phố Lương Ngọc Quyến,,,,,,,,https://www.openstreetmap.org/node/11671849022,-0.54,
peri-pool-arena,hoan-kiem,fun,candidate,ok,,sport,,,Peri Pool Arena,,21.03048,105.859296,leisure=sports_centre,64 Đường Bạch Đằng,,,,,,,,https://www.openstreetmap.org/way/1114922939,-0.58,
karaoke-80,hoan-kiem,fun,candidate,adult,alcohol / 18+,nightlife,,,Karaoke 80,,21.016187,105.85027,amenity=nightclub,,,,,,,,,https://www.openstreetmap.org/node/12164978501,-0.64,
om-factory,hoan-kiem,fun,candidate,ok,,sport,,,OM Factory,,21.015939,105.850582,leisure=fitness_centre,59 Phố Triệu Việt Vương,,,,,,,,https://www.openstreetmap.org/node/11649693312,-0.66,
hey-club,hoan-kiem,fun,candidate,adult,alcohol / 18+,nightlife,,,Hey Club,,21.027793,105.842587,amenity=nightclub,,,,,,,,,https://www.openstreetmap.org/node/7170675598,-0.83,
raptor-karaoke,hoan-kiem,fun,candidate,adult,alcohol / 18+,nightlife,,,Raptor Karaoke,,21.013853,105.849803,amenity=nightclub,,,,,,,,,https://www.openstreetmap.org/node/12165016201,-0.85,
trung-tam-van-hoa-thong-tin-va-the-thao-phuong-hong-ha,hoan-kiem,fun,candidate,ok,,sport,,,Trung tâm Văn hóa - Thông tin và Thể thao phường Hồng Hà,,21.039748,105.852604,leisure=sports_centre,,,,,,,,,https://www.openstreetmap.org/way/1212235267,-0.97,
cgv-cinema-7325,hoan-kiem,fun,candidate,ok,,cinema,,rạp chiếu phim CGV,Rạp Phim CGV,CGV Cinema,21.01113,105.849409,amenity=cinema,,,,,,,,,https://www.openstreetmap.org/node/442977325,-1.09,
pilates-lab,hoan-kiem,fun,candidate,ok,,sport,,,Pilates Lab,,21.015708,105.850797,leisure=fitness_centre,30 Phố Mai Hắc Đế,,,,,,,,https://www.openstreetmap.org/node/11649693280,-1.17,
ktv-enter-69,hoan-kiem,fun,candidate,ok,,karaoke,,,KTV Enter 69,,21.01567,105.85052,amenity=karaoke_box,69 Phố Triệu Việt Vương,,,,,,,,https://www.openstreetmap.org/node/11649693307,-1.18,
jump-arena-tang-bat-ho,hoan-kiem,fun,candidate,ok,,entertainment,,Jump Arena,Jump Arena Tăng Bạt Hổ,,21.015954,105.859083,leisure=trampoline_park,1 Phố Tăng Bạt Hổ,Mo-Su 09:00-20:00,https://jumparena.vn/,,,,,,https://www.openstreetmap.org/way/898540569,-1.27,
cau-lac-bo-the-thao-khuyet-tat-ha-noi,hoan-kiem,fun,candidate,ok,,sport,,,Câu lạc bộ Thể thao Khuyết tật Hà Nội,,21.033198,105.837819,leisure=sports_centre,1B Phố Lê Hồng Phong,,,,,,,,https://www.openstreetmap.org/way/1216036363,-1.28,
be-boi-tang-bat-ho,hoan-kiem,fun,candidate,ok,,pool,,,Bể bơi Tăng Bạt Hổ,,21.015231,105.85925,leisure=swimming_pool,,,,,,,,,https://www.openstreetmap.org/way/228077242,-1.33,
phong-tap-f4-fitness-yoga,hoan-kiem,fun,candidate,ok,,sport,,,Phòng Tập F4 Fitness Yoga,,21.044402,105.849861,leisure=fitness_centre,42 Phúc Xá,,,,,,,,https://www.openstreetmap.org/node/6621505887,-1.41,
san-bong-da-ven-de-3,hoan-kiem,fun,candidate,ok,,sport,,,Sân bóng đá Ven Đê 3,,21.029747,105.871305,leisure=pitch,,,,,,,,,https://www.openstreetmap.org/way/1250795271,-1.56,
san-bong-ven-de-2,hoan-kiem,fun,candidate,ok,,sport,,,Sân Bóng Ven Đê 2,,21.030657,105.87275,leisure=pitch,,,,,,,,,https://www.openstreetmap.org/way/1250795285,-1.69,
nha-thi-dau-trinh-hoai-duc,hoan-kiem,fun,candidate,ok,,sport,,,Nhà thi đấu Trịnh Hoài Đức,,21.029854,105.831805,leisure=sports_centre,12 Phố Trịnh Hoài Đức,,,,,,,,https://www.openstreetmap.org/way/180075508,-1.72,
trung-tam-huan-luyen-van-dong-vien,hoan-kiem,fun,candidate,ok,,sport,,,Trung tâm huấn luyện Vận động viên,,21.029618,105.83183,leisure=sports_centre,,,,,,,,,https://www.openstreetmap.org/way/1305506358,-1.72,
trung-tam-the-thao-ba-dinh,hoan-kiem,fun,candidate,ok,,sport,,,Trung tâm Thể thao Ba Đình,,21.042265,105.837007,leisure=sports_centre,,,,,,,,,https://www.openstreetmap.org/way/698018274,-1.76,
san-bong-tin-lon,hoan-kiem,fun,candidate,ok,,sport,,,Sân bóng Tin Lớn,,21.028581,105.873844,leisure=pitch,,,,,,,,,https://www.openstreetmap.org/way/1473543487,-1.77,
san-bong-da-hong-ha,hoan-kiem,fun,candidate,ok,,sport,,,sân bóng đá Hồng Hà,,21.047457,105.844298,leisure=pitch,,,,,,,,,https://www.openstreetmap.org/way/593653781,-1.79,
galaxy-cinex,hoan-kiem,fun,candidate,ok,,cinema,,Galaxy Cinema,Galaxy CineX,,21.030532,105.830489,amenity=cinema,175 Phố Nguyễn Thái Học,,https://www.galaxycine.vn/,,,,,,https://www.openstreetmap.org/node/13806229565,-1.83,
ninex-pickelball-clb,hoan-kiem,fun,candidate,ok,,sport,,,NineX Pickelball CLB,,21.029046,105.875071,leisure=pitch,,,,,,,,,https://www.openstreetmap.org/way/1473543491,-1.87,
bach-thao-roller-skating-rink-and-cafe,hoan-kiem,fun,candidate,ok,,sport,,,Bach Thao Roller Skating Rink and Cafe,,21.041691,105.833349,leisure=pitch,,,,,,,,,https://www.openstreetmap.org/way/394588348,-1.96,
sunny-royal,hoan-kiem,fun,candidate,ok,,karaoke,,,Sunny Royal,,21.016098,105.832787,amenity=karaoke_box,442 Phố Xã Đàn,,,,,,,,https://www.openstreetmap.org/way/1219438134,-1.99,
