id,status,area,kind,depth,name_vi,name_en,name_vi_short,lat,lng,address,opening_hours,themes,tags,visit_min,price_min_k,price_max_k,price_checked_on,tone,blurb_vi,blurb_en,story_vi,story_en,why_vi,why_en,photo_tip_vi,photo_tip_en,etiquette_vi,etiquette_en,challenge_vi,challenge_en,option1_vi,option1_en,option2_vi,option2_en,option3_vi,option3_en,answer,hint_vi,hint_en,wikidata,sources,review_notes
ngoc-son,approved,hoan-kiem,sight,full,Đền Ngọc Sơn,Ngoc Son Temple,Đền Ngọc Sơn,21.0307,105.8524,,,culture; history; photo,iconic; groups,20,30,30,,brick,Bước qua cây cầu đỏ để vào câu chuyện giữa lòng hồ.,Cross the red bridge into a story at the heart of the lake.,"Đền nằm trên đảo Ngọc giữa hồ. Diện mạo ngày nay có từ những năm 1860, khi nhà nho Nguyễn Văn Siêu tu sửa và dựng thêm Tháp Bút, Đài Nghiên ở cổng. Trong đền thờ Văn Xương – vị thần văn chương – và Hưng Đạo Đại Vương Trần Quốc Tuấn, người ba lần đánh thắng quân Nguyên Mông. Đến nay học trò vẫn tới đây cầu may trước kỳ thi.","The temple sits on Jade Island in the lake. Its present form dates from the 1860s, when the scholar Nguyen Van Sieu restored it and added the Pen Tower and Ink Slab at the gate. Inside, people honour Van Xuong, the god of literature, and the general Tran Hung Dao, who defeated the Mongol armies. Students still come here to pray before exams.",Vì sao lại có tháp hình ngọn bút? Trên tháp khắc “Tả Thanh Thiên” – viết lên trời xanh – ước vọng lớn của người đi học.,"Why a brush-shaped tower? It says “write on the blue sky” — a scholar’s wish for great ambition, carved in stone.","Đứng trên phố Đinh Tiên Hoàng, lệch về phía nam cổng đền, để lấy trọn cầu đỏ và mái đền trong một khung.","Stand on Dinh Tien Hoang street, just south of the gate, to fit the red bridge and the temple roof in one frame.","Mặc kín vai và gối, nói nhỏ, không chỉ tay vào ban thờ. Chụp ảnh thoải mái ở ngoài chính điện.","Cover shoulders and knees, speak softly, and don’t point at the altars. Photos are fine outside the main shrine.",Ở cổng có ngọn tháp đá hình cây bút. Ba chữ trên tháp có nghĩa là gì?,At the gate stands a stone tower shaped like a writing brush. What do the three characters on it mean?,Viết lên trời xanh,Write on the blue sky,Thiên hạ thái bình,Peace under heaven,Vạn thọ vô cương,Ten thousand years of life,1,Hãy nghĩ tới cây bút và một tờ giấy thật lớn trên đầu bạn.,Think of a brush and a very big sheet of paper above you.,,,"Nội dung mẫu viết khi dựng giao diện — chưa có nguồn. Cần đối chiếu tư liệu, kiểm giá và kiểm thử thách tại chỗ."
ma-may-87,approved,hoan-kiem,sight,full,Nhà cổ 87 Mã Mây,Heritage House 87 Ma May,Nhà cổ 87 Mã Mây,21.0345,105.8538,,,culture; history; rainy,quiet; cultural,25,10,10,,butter,Bước vào nhịp sống của một ngôi nhà buôn phố cổ.,Step into the rhythm of an Old Quarter merchant home.,"Đây là kiểu “nhà ống” điển hình: mặt tiền hẹp, lòng nhà rất sâu. Ngày xưa thuế tính theo bề ngang mặt phố nên người buôn bán xây nhà dài và hẹp – trước là cửa hàng, sau là chỗ ở. Ngôi nhà có từ cuối thế kỷ 19, được trùng tu năm 1999 để kể lại cách một gia đình phố cổ sống và buôn bán.","This is a classic “tube house”: narrow at the street, very deep inside. Shops were taxed by the width of their frontage, so merchants built long and thin — shop in front, family behind. The house dates from the late 19th century and was restored in 1999 to show how an Old Quarter family lived and traded.","Vì sao giữa nhà có khoảng sân trống? Nhà sâu như vậy, đó là cách duy nhất để lấy ánh sáng, gió và nước mưa vào trong.","Why the open courtyard in the middle? In a house this deep, it’s the only way to get light, air and rainwater inside.","Đứng ở khoảng sân thứ nhất, chụp hắt lên ban công gỗ – ánh sáng dịu rơi từ khoảng trời trống.","From the first courtyard, shoot up toward the wooden balcony — soft light falls from the open sky.",Đi nhẹ trên sàn gỗ cũ và không ngồi lên đồ trưng bày.,Walk gently on the old wooden floors and don’t sit on displayed furniture.,Thứ gì giúp ánh sáng và gió vào được giữa ngôi nhà dài này?,What lets light and air reach the middle of this long house?,Giếng trời,An open-sky courtyard,Mái kính,A glass roof,Cửa sổ lớn phía sau,Big back windows,1,Hãy ngước lên khi bạn tới khoảng trống đầu tiên.,Look up when you reach the first open space.,,,"Nội dung mẫu viết khi dựng giao diện — chưa có nguồn. Cần đối chiếu tư liệu, kiểm giá và kiểm thử thách tại chỗ."
bach-ma,approved,hoan-kiem,sight,full,Đền Bạch Mã,Bach Ma Temple,Đền Bạch Mã,21.0368,105.8518,,,culture; history,quiet; free,20,0,20,,teal,Con ngựa trắng chỉ đường cho nhà vua đắp thành Thăng Long.,The white horse that showed a king where to build his city walls.,"Tương truyền khi vua Lý Thái Tổ dời đô về Thăng Long năm 1010, thành đắp mãi vẫn đổ. Vua đến đây cầu khấn thì thấy một con ngựa trắng hiện ra, chạy vòng quanh kinh thành. Vua cho đắp thành theo vết chân ngựa và thành đứng vững. Đền trở thành trấn phía Đông trong Thăng Long tứ trấn.","Legend says that when King Ly Thai To moved the capital to Thang Long in 1010, his walls kept collapsing. He prayed here, and a white horse appeared and trotted a path around the city. The king built along its hoofprints and the walls held. The temple became the eastern guardian of the four that protect the old capital.",Vì sao huyền thoại lớn mà đền lại nhỏ? Đất phố cổ chật hẹp – ngôi đền phát triển vào trong chứ không lan ra ngoài.,"Why is it so small for such a big legend? Old Quarter plots were tiny — the temple grew inward, not outward.","Đứng ở cửa, lấy những hàng cột sơn son dẫn mắt người xem vào ban thờ.","From the doorway, frame the red lacquered pillars leading your eye to the altar.","Mặc kín vai và gối, nói nhỏ, không chỉ tay vào ban thờ. Chụp ảnh thoải mái ở ngoài chính điện.","Cover shoulders and knees, speak softly, and don’t point at the altars. Photos are fine outside the main shrine.","Theo truyền thuyết, con ngựa trắng đã chỉ cho nhà vua điều gì?","According to the legend, what did the white horse show the king?",Nơi đắp thành,Where to build the city walls,Nơi đào hồ,Where to dig a lake,Nơi quân giặc ẩn náu,Where the enemy was hiding,1,Thành đắp mãi vẫn đổ…,The walls kept falling down…,,,"Nội dung mẫu viết khi dựng giao diện — chưa có nguồn. Cần đối chiếu tư liệu, kiểm giá và kiểm thử thách tại chỗ."
water-puppets,approved,hoan-kiem,sight,full,Nhà hát Múa rối nước Thăng Long,Thang Long Water Puppets,Múa rối nước Thăng Long,21.0318,105.8535,,,culture; rainy,iconic; indoor; groups,50,100,150,,leaf,Tích trò đồng quê diễn trên mặt nước cùng nhạc cụ dân tộc.,"Rice-field folk tales performed on water, with live music.","Múa rối nước ra đời trên những cánh đồng ngập nước vùng châu thổ sông Hồng từ gần một nghìn năm trước. Nghệ nhân đứng ngâm nửa người trong nước sau bức mành tre, điều khiển con rối gỗ bằng sào dài giấu dưới mặt nước. Mở màn luôn là chú Tễu – cậu bé làng tinh nghịch dẫn dắt từng tích trò.","Water puppetry began in the flooded rice fields of the Red River Delta almost a thousand years ago. Puppeteers stand waist-deep in water behind a bamboo screen and move carved wooden figures with long poles hidden underwater. The show opens with Chu Teu, a cheeky village boy who introduces every scene.","Vì sao lại diễn trên nước? Mặt nước giấu đi sào và máy móc, khiến con rối như tự chuyển động.","Why water? It hides the rods and machinery, so the puppets seem to move on their own.","Không dùng đèn flash. Ngồi lùi vài hàng và chờ màn rồng phun lửa, phun nước.",No flash. Sit a few rows back and wait for the dragons — they breathe fire and spray water.,Đến sớm 15 phút vì suất diễn bắt đầu đúng giờ. Để điện thoại im lặng khi xem.,Arrive 15 minutes early; shows start on time. Keep phones silent during the performance.,Con rối tinh nghịch mở màn buổi diễn là ai?,Who is the cheeky puppet who opens the show?,Chú Tễu,Chu Teu,Thánh Gióng,Thanh Giong,Sơn Tinh,Son Tinh,1,"Cậu bé làng bụng tròn, cười toe toét.",He’s a round-bellied village boy with a big grin.,,,"Nội dung mẫu viết khi dựng giao diện — chưa có nguồn. Cần đối chiếu tư liệu, kiểm giá và kiểm thử thách tại chỗ."
cathedral,approved,hoan-kiem,sight,full,Nhà thờ Lớn Hà Nội,St. Joseph's Cathedral,Nhà thờ Lớn,21.0287,105.849,,,culture; photo; history,free; photo,15,0,0,,brick,Tháp chuông tân gothic bên quảng trường trà chanh vỉa hè.,Neo-gothic towers above a square full of lemon-tea stools.,"Hoàn thành năm 1886, nhà thờ là một trong những công trình đầu tiên của Hà Nội thời Pháp. Hai tháp chuông được mô phỏng theo Nhà thờ Đức Bà Paris. Nhà thờ được xây trên nền chùa Báo Thiên cổ đã bị phá bỏ. Ngày nay quảng trường phía trước là chỗ giới trẻ Hà Nội ngồi ghế nhựa uống trà chanh.","Completed in 1886, the cathedral was one of the first buildings of French colonial Hanoi. Its twin bell towers were modelled on Notre-Dame de Paris. It stands on the site of the ancient Bao Thien pagoda, which was demolished to make way for it. Today the square in front is where young Hanoians sit on tiny stools with iced lemon tea.",Vì sao nhà thờ trông sẫm màu? Mặt tiền không sơn – hàng chục năm mưa nắng nhiệt đới phủ lên lớp rêu xám ấy.,Why does it look so dark? The facade was left unpainted — decades of tropical rain gave it that grey patina.,Sang quán trà chanh góc phố Nhà Chung và chụp hất lên – vừa đủ hai tháp chuông và con phố phía trước.,Cross to the lemon-tea stalls on the corner of Nha Chung and shoot upward — both towers fit with the street in front.,Nhà thờ vẫn làm lễ: chỉ vào trong giờ mở cửa và giữ yên lặng khi có thánh lễ.,It is an active church: enter only during open hours and stay quiet during Mass.,Hai tháp chuông được lấy cảm hứng từ nhà thờ nổi tiếng nào?,Which famous church inspired the twin towers?,Nhà thờ Đức Bà Paris,Notre-Dame de Paris,"Vương cung thánh đường Thánh Phêrô, Rome",St. Peter's in Rome,Nhà thờ lớn Cologne,Cologne Cathedral,1,Những người thiết kế là người Pháp.,The architects were French.,,,"Nội dung mẫu viết khi dựng giao diện — chưa có nguồn. Cần đối chiếu tư liệu, kiểm giá và kiểm thử thách tại chỗ."
women-museum,approved,hoan-kiem,sight,full,Bảo tàng Phụ nữ Việt Nam,Vietnamese Women's Museum,Bảo tàng Phụ nữ Việt Nam,21.0237,105.8513,,,culture; history; rainy,indoor; cultural,45,40,40,,teal,"Người bán hàng, người mẹ, người lính — Việt Nam qua câu chuyện phụ nữ.","Market traders, mothers and soldiers — Vietnam told through women.","Bốn tầng trưng bày theo chân người phụ nữ Việt qua gia đình, lịch sử và thời trang. Một phòng được yêu thích nhất kể về những người bán hàng rong Hà Nội – các chị từ làng ven đô vào phố từ tờ mờ sáng, gánh hoa quả, hoa tươi, quà vặt, dành dụm gửi về nuôi con.","Four floors follow Vietnamese women through family life, history and fashion. One of the most loved rooms is about Hanoi’s street vendors — women who walk in from nearby villages before dawn, carrying fruit, flowers and snacks on a bamboo shoulder pole, and send their earnings home to their children.",Vì sao lại là đòn gánh? Nó giữ thăng bằng hai quang hàng nặng và giúp người đi len lỏi qua phố nhỏ.,Why a shoulder pole? It balances two heavy baskets and leaves the walker free to weave through narrow streets.,Bức tường hàng rong ở tầng trệt rất hợp để chụp ảnh nhóm.,The ground-floor street-vendor wall is great for a group photo.,Một số câu chuyện rất xúc động – hãy đọc lặng lẽ và nhường người khác thời gian.,Some personal stories are painful — read quietly and let others take their time.,"Trong phòng hàng rong, các chị mang hàng bằng gì?","In the street-vendor room, what do the women carry their goods with?",Đòn gánh,A bamboo shoulder pole,Xe đẩy,A push cart,Ba lô,A backpack,1,"Hai cái quang, một thanh tre dài.","Two baskets, one long stick.",,,"Nội dung mẫu viết khi dựng giao diện — chưa có nguồn. Cần đối chiếu tư liệu, kiểm giá và kiểm thử thách tại chỗ."
hoa-lo,approved,hoan-kiem,sight,full,Di tích Nhà tù Hỏa Lò,Hoa Lo Prison Relic,Nhà tù Hỏa Lò,21.0254,105.8465,,,history; rainy,history; indoor,45,50,50,,butter,"Một thế kỷ Hà Nội sau những bức tường, từ thời thuộc địa đến chiến tranh.","A century of Hanoi in one set of walls, from colonial cells to war.","Người Pháp xây nhà tù năm 1896 trên đất làng gốm Phụ Khánh – “hỏa lò” nghĩa là lò lửa. Nơi đây giam giữ các chiến sĩ cách mạng Việt Nam thời thuộc địa, sau này giam phi công Mỹ, những người gọi nó là “Hanoi Hilton”. Hiện chỉ còn giữ lại một phần; phần còn lại đã thành toà nhà cao tầng từ thập niên 1990.","The French built this prison in 1896 on the site of a village of potters — “hoa lo” means fiery furnace. It held Vietnamese revolutionaries under colonial rule, and later American pilots, who nicknamed it the “Hanoi Hilton”. Only a part remains; the rest became a tower block in the 1990s.","Vì sao gọi là “Hỏa Lò”? Trước khi có nhà tù, phố này đầy lò nung gốm và làm bếp lò.","Why is it called “fiery furnace”? Before the prison, the street was full of kilns making pottery and charcoal stoves.",Cổng vòm có dòng chữ tiếng Pháp chụp đẹp nhất từ bên kia đường Hỏa Lò.,The arched gate with its French lettering is best shot from across Hoa Lo street.,Đây là nơi của đau thương. Tránh tạo dáng đùa cợt trong phòng giam.,This is a place of suffering. Avoid posing playfully in the cells.,Dòng chữ tiếng Pháp trên cổng là gì?,What French words are written above the gate?,Maison Centrale,Maison Centrale,Palais de Justice,Palais de Justice,Hôtel de Ville,Hôtel de Ville,1,Nghĩa là “ngôi nhà trung tâm”.,It means “central house”.,,,"Nội dung mẫu viết khi dựng giao diện — chưa có nguồn. Cần đối chiếu tư liệu, kiểm giá và kiểm thử thách tại chỗ."
egg-coffee,approved,hoan-kiem,food,full,Cà phê trứng Giảng,Egg coffee at Giang,Cà phê Giảng,21.0331,105.8547,,,food; rainy,localFood; indoor,25,35,45,,butter,"Lòng đỏ đánh bông trên nền cà phê đậm, ra đời từ năm 1946.","Whipped yolk and sugar over strong coffee, invented here in 1946.","Năm 1946, sữa tươi ở Hà Nội rất khan hiếm. Ông Nguyễn Văn Giảng, khi ấy pha chế ở khách sạn Metropole, đánh lòng đỏ trứng với đường thành lớp kem sánh rồi rưới lên cà phê đậm. Gia đình ông vẫn giữ quán, nằm cuối một con ngõ hẹp, và ly cà phê được đặt trong bát nước nóng để giữ ấm.","In 1946, fresh milk was scarce in Hanoi. Nguyen Van Giang, a bartender at the Metropole hotel, whisked egg yolk with sugar into a thick cream and spooned it over strong coffee. The family still runs the café, hidden at the end of a narrow passage, and serves the cup in a bowl of hot water to keep it warm.",Vì sao có bát nước nóng? Kem trứng nguội rất nhanh – nước nóng giữ cho nó ấm và mịn đến ngụm cuối.,Why the bowl of hot water? The egg cream cools fast — the water keeps it warm and silky to the last sip.,Chụp từ trên xuống bàn gỗ thấp để thấy lớp bọt vàng và chiếc bát cùng lúc.,Shoot from above on the low wooden table to catch the golden foam and the bowl together.,Gọi đồ ở quầy rồi mới tìm chỗ – lúc đông khách thường ngồi chung bàn.,"Order at the counter, then find a seat — tables are shared when it’s busy.",Vì sao ông Giảng dùng trứng thay cho sữa?,Why did Mr. Giang use egg instead of milk?,Sữa tươi khan hiếm,Fresh milk was scarce,Một đầu bếp Pháp yêu cầu,A French chef asked for it,Trứng là món cung đình,Eggs were a royal tradition,1,Đó là năm 1946 – thời buổi khó khăn.,It was 1946 — times were hard.,,,"Nội dung mẫu viết khi dựng giao diện — chưa có nguồn. Cần đối chiếu tư liệu, kiểm giá và kiểm thử thách tại chỗ."
bun-cha,approved,hoan-kiem,food,full,Bún chả Hàng Mành,Bun cha on Hang Manh,Bún chả Hàng Mành,21.0322,105.8478,,,food,localFood; groups,35,60,80,,brick,"Chả nướng than hoa, bún rối và bát nước chấm cho cả mâm.","Charcoal-grilled pork, fresh noodles, and a dipping bowl for everyone.","Bún chả là bữa trưa của người Hà Nội. Chả viên và chả miếng ba chỉ nướng trên than hoa ngay vỉa hè, rồi thả vào bát nước chấm chua ngọt có đu đủ xanh. Bạn gắp bún nguội và rau sống chấm vào bát, từng miếng một. Phố Hàng Mành xưa là phố làm mành tre – “mành” là tấm rèm.","Bun cha is Hanoi’s lunch. Pork patties and slices of pork belly are grilled over charcoal on the sidewalk, then dropped into a sweet-and-sour fish-sauce broth with green papaya. You dip cold rice noodles and fresh herbs into the bowl, bite by bite. Hang Manh street was once the street of bamboo blinds — “manh” means blind.",Vì sao lại nướng ngay ngoài phố? Khói chính là biển quảng cáo – mùi thơm dẫn khách tới quán.,Why grill on the street? The smoke is the advertisement — you follow your nose to the stall.,Bắt khoảnh khắc khói bốc lên từ bếp than ở cửa quán.,Catch the smoke rising from the charcoal grill at the shop entrance.,"Cho ớt, tỏi vào bát của mình, đừng cho vào đĩa chung. Giấy ăn thường tính thêm chút tiền.","Add chilli and garlic to your own bowl, not the shared plates. Tissues usually cost a little extra.",Ăn bún chả thế nào cho đúng?,How do you eat bun cha?,Gắp bún chấm vào bát nước có chả,Dip noodles into the broth with the pork,Đổ tất cả vào một bát canh lớn,Pour everything into one big soup,"Ăn hết chả trước, bún sau","Eat the pork first, noodles after",1,Hãy nhìn bàn bên cạnh.,Watch the table next to you.,,,"Nội dung mẫu viết khi dựng giao diện — chưa có nguồn. Cần đối chiếu tư liệu, kiểm giá và kiểm thử thách tại chỗ."
dong-xuan,approved,hoan-kiem,sight,full,Chợ Đồng Xuân,Dong Xuan Market,Chợ Đồng Xuân,21.0381,105.8497,,,food; culture; rainy,lively; indoor,30,0,50,,leaf,"Chợ có mái lâu đời nhất Hà Nội, phía sau là ngõ ăn vặt.","Hanoi's oldest covered market, with a street-food alley at the back.","Được người Pháp mở năm 1889, Đồng Xuân từng là chợ lớn nhất Đông Dương. Người buôn từ các phố nghề trong phố cổ – hàng lụa, hàng bạc, hàng mã, hàng thiếc – đều mang hàng về đây. Trận hỏa hoạn năm 1994 thiêu rụi phần lớn chợ; chợ được xây lại phía sau mặt tiền vòm cũ, và việc buôn sỉ vẫn bắt đầu từ trước khi trời sáng.","Opened by the French in 1889, Dong Xuan was the biggest market in Indochina. Traders from the Old Quarter’s craft streets — silk, silver, paper, tin — sold here. A fire destroyed much of it in 1994; it was rebuilt behind the original arched facade, and wholesale trading still starts before sunrise.",Vì sao nhiều phố tên “Hàng…”? Mỗi phố chuyên một mặt hàng – và Đồng Xuân gom tất cả về dưới một mái chợ.,Why so many streets named “Hang…”? Each street specialised in one good — and Dong Xuan gathered them all under one roof.,Đứng bên kia phố Đồng Xuân để lấy trọn mặt tiền vòm và dòng xe máy phía trước.,Stand across Dong Xuan street to get the whole arched facade and the motorbike traffic in front.,"Hỏi trước khi chụp người bán. Mặc cả là bình thường với đồ lưu niệm, không phải với đồ ăn.","Ask before photographing sellers. Bargaining is normal for souvenirs, not for food.",Đếm số cửa vòm ở mặt tiền chợ. Có bao nhiêu cửa?,Count the arched gates on the front of the market. How many are there?,Năm,Five,Ba,Three,Bảy,Seven,1,"Cửa lớn nhất ở giữa, mỗi bên hai cửa.","The biggest one is in the middle, with two on each side.",,,"Nội dung mẫu viết khi dựng giao diện — chưa có nguồn. Cần đối chiếu tư liệu, kiểm giá và kiểm thử thách tại chỗ."
ta-hien,approved,hoan-kiem,sight,full,Góc phố Tạ Hiện,Ta Hien corner,Phố Tạ Hiện,21.0362,105.8524,,,food,lively; localFood,20,20,40,,teal,"Ghế nhựa nhỏ, bia hơi và phố cổ lướt qua trước mặt.","Tiny plastic stools, fresh beer and the Old Quarter going by.","Bia hơi là bia nấu trong ngày, giao bằng thùng mỗi sáng và phải bán hết trước đêm. Bia nhẹ, rẻ và uống trên ghế nhựa thấp ngay vỉa hè. Ngã tư Tạ Hiện – Lương Ngọc Quyến nổi tiếng là nơi người Hà Nội và du khách ngồi sát vai nhau.","Bia hoi is beer brewed fresh each day, delivered in kegs every morning and meant to be finished by night. It is light, cheap and drunk on low plastic stools right on the pavement. The crossroads of Ta Hien and Luong Ngoc Quyen became famous as the place where locals and travellers sit elbow to elbow.","Vì sao ghế lại nhỏ vậy? Dễ xếp chồng, vừa vỉa hè hẹp và dọn đi chỉ trong vài giây.","Why such tiny stools? They stack easily, fit narrow pavements and can be cleared in seconds.","Chập tối, đứng ở ngã tư khi đèn lồng bật sáng và ghế nhựa tràn ra phố.","Early evening, from the crossroads, when the lanterns light up and stools spill into the street.","Nâng ly và hô “Một, hai, ba, dô!”. Đã uống bia thì không lái xe.","Say “Một, hai, ba, dô!” when toasting. Don’t drink and ride a motorbike.",“Bia hơi” đặc biệt ở điểm nào?,What makes “bia hoi” special?,Nấu trong ngày và bán hết trong ngày,It’s brewed fresh and sold the same day,Được ủ một năm,It’s aged for a year,Nhập từ Pháp,It’s imported from France,1,Thùng bia được chở đến mỗi sáng.,Kegs arrive every morning.,,,"Nội dung mẫu viết khi dựng giao diện — chưa có nguồn. Cần đối chiếu tư liệu, kiểm giá và kiểm thử thách tại chỗ."
the-huc,approved,hoan-kiem,sight,full,Cầu Thê Húc lúc hoàng hôn,The Huc Bridge at dusk,Cầu Thê Húc,21.0302,105.8527,,,photo,free; photo,10,0,0,,brick,"Cầu đỏ đẹp nhất khi chụp từ bờ hồ, ngay trước lúc lên đèn.","The red bridge photographs best from the shore, just before the lights come on.",Cây cầu gỗ cong được Nguyễn Văn Siêu cho dựng năm 1865 để dẫn vào đền Ngọc Sơn. Tên cầu có nghĩa là “nơi đậu ánh sáng ban mai”. Cầu đã được làm lại nhiều lần nhưng vẫn giữ dáng cong màu đỏ xuất hiện trên bưu thiếp Hà Nội hơn một thế kỷ qua.,"The curved wooden bridge was built in 1865 by Nguyen Van Sieu to lead to Ngoc Son Temple. Its name means “where the morning sunlight rests”. It has been rebuilt several times, but it keeps the same red curve that has appeared on Hanoi postcards for over a century.",Vì sao sơn đỏ? Đỏ là màu may mắn và của mặt trời mọc – hợp với cái tên “nơi đậu ánh ban mai”.,Why red? Red is the colour of luck and of the rising sun — fitting for “where morning light rests”.,Đến trước giờ lên đèn khoảng 20 phút. Chụp từ bờ để dáng cầu in bóng xuống mặt nước.,Go 20 minutes before the street lights switch on. Shoot from the shore so the curve reflects in the water.,Cầu hẹp – hãy đứng sang một bên khi chụp để người khác đi qua.,The bridge is narrow — step aside to take photos so others can pass.,“Thê Húc” có nghĩa là gì?,What does “The Huc” mean?,Nơi đậu ánh sáng ban mai,Where the morning sunlight rests,Lưng rồng,The dragon’s back,Cầu của sĩ tử,The bridge of scholars,1,Hãy nghĩ tới mặt trời lúc sớm mai.,Think of the rising sun.,,,"Nội dung mẫu viết khi dựng giao diện — chưa có nguồn. Cần đối chiếu tư liệu, kiểm giá và kiểm thử thách tại chỗ."
turtle-tower,approved,hoan-kiem,sight,full,Góc nhìn Tháp Rùa,Turtle Tower view,Tháp Rùa,21.0281,105.852,,,photo; history,free; photo,10,0,0,,leaf,Ngọn tháp nhỏ giữa hồ gắn với truyền thuyết trả gươm.,A small tower in the lake that carries the legend of the returned sword.,"Tương truyền sau khi vua Lê Lợi đánh đuổi quân Minh vào thế kỷ 15, một con rùa vàng nổi lên giữa hồ và đòi lại thanh gươm thần đã giúp vua thắng trận. Từ đó hồ mang tên Hoàn Kiếm – “trả gươm”. Ngọn tháp nhỏ trên gò giữa hồ được xây vào cuối thế kỷ 19.","Legend says that after King Le Loi drove out the Ming army in the 15th century, a golden turtle rose from this lake and took back the magic sword that had helped him win. The lake has been called Hoan Kiem — “Returned Sword” — ever since. The small tower on the islet was built in the late 19th century.","Vì sao lại là rùa? Trong truyền thuyết Việt, rùa là linh vật tượng trưng cho trí tuệ và trường thọ.",Why a turtle? In Vietnamese legend the turtle is a sacred messenger of wisdom and long life.,"Từ bờ tây trên phố Lê Thái Tổ, sáng sớm khi mặt hồ còn phẳng lặng.","From the west shore on Le Thai To street, early morning, when the water is still.",Tối cuối tuần quanh hồ là phố đi bộ – hãy tận hưởng và giữ hồ sạch.,"On weekend evenings the lake roads are pedestrian-only — enjoy them, and keep litter out of the water.","Trong truyền thuyết, vị vua nào trả gươm?","In the legend, which king returned the sword?",Lê Lợi,Le Loi,Lý Thái Tổ,Ly Thai To,Trần Hưng Đạo,Tran Hung Dao,1,Ông đánh quân Minh vào thế kỷ 15.,He fought the Ming army in the 1400s.,,,"Nội dung mẫu viết khi dựng giao diện — chưa có nguồn. Cần đối chiếu tư liệu, kiểm giá và kiểm thử thách tại chỗ."
national-history-museum,approved,hoan-kiem,sight,full,Bảo tàng Lịch sử Quốc gia,National Museum of Vietnamese History,Bảo tàng Lịch sử Quốc gia,21.024243,105.859716,"1 Tràng Tiền, Hoàn Kiếm","Tu-Su 08:00-12:00,13:30-17:00",history; culture; rainy,indoor; history; iconic,60,40,40,,butter,"Trống đồng, tượng thần Chăm và cọc Bạch Đằng dưới một mái vòm Đông Dương.","Bronze drums, Champa gods and the stakes of Bach Dang under one Indochinese dome.","Toà nhà ra đời năm 1932 là Bảo tàng Louis Finot của Trường Viễn Đông Bác cổ. Hai kiến trúc sư Batteur và Hébrard kết hợp mặt bằng kiểu Pháp với mái và chi tiết Việt – phong cách được gọi là 'kiến trúc Đông Dương'. Năm 1958, nơi đây trở thành Bảo tàng Lịch sử Việt Nam. Bên trong, bạn đi từ công cụ thời tiền sử tới trống đồng Đông Sơn, điêu khắc Chăm Pa và những cọc gỗ từng đánh chìm đoàn thuyền giặc trên sông Bạch Đằng.","This building began life in 1932 as the Louis Finot Museum of the French School of the Far East. Architects Batteur and Hébrard mixed French plans with Vietnamese roofs and details — the 'Indochinese' style. In 1958 it became the Museum of Vietnamese History. Inside you walk from prehistoric tools to Dong Son bronze drums, Champa sculpture and the wooden stakes used to sink invading fleets on the Bach Dang river.",Vì sao toà nhà Pháp lại có mái giống chùa? Kiến trúc sư muốn một bảo tàng về châu Á phải mang dáng dấp châu Á.,Why the pagoda-like roof on a French building? The architects wanted a museum of Asia to look like it belonged in Asia.,Lùi sang bên kia đường để lấy trọn sảnh bát giác và mái nhiều tầng trong một khung hình.,Step back across the street to fit the octagonal entrance hall and its layered roof in one frame.,Đóng cửa thứ Hai. Không dùng đèn flash gần hiện vật; có thể phải gửi túi ở quầy.,Closed on Mondays. No flash near the artefacts; bags may need to be left at the counter.,Sảnh chính của bảo tàng có hình gì?,What shape is the main entrance hall?,Bát giác,Octagon,Hình tròn,Circle,Hình vuông,Square,1,Đếm số cạnh của gian phòng dưới mái vòm.,Count the sides of the room under the dome.,Q5370414,https://vi.wikipedia.org/wiki/Bảo_tàng_Lịch_sử_quốc_gia_(Việt_Nam); https://www.wikidata.org/wiki/Q5370414,Kiểm tra giá vé hiện tại (40k là ước lượng) và giờ mở cửa. Kiểm tra cọc Bạch Đằng còn trưng bày ở toà này không.
hanoi-post-office,approved,hoan-kiem,sight,full,Bưu điện Bờ Hồ,Hanoi Post Office clock,Bưu điện Hà Nội,21.026506,105.853726,"75 Đinh Tiên Hoàng, Hoàn Kiếm",,history; photo,free; photo; iconic,10,0,0,,teal,Chiếc đồng hồ bên hồ mà người Hà Nội nào cũng từng hẹn nhau dưới chân.,The lakeside clock every Hanoian has arranged to meet under.,"Người Pháp xây toà bưu điện trung tâm Hà Nội ở đây năm 1901, trên phần đất của chùa Báo Ân bị phá. Toà nhà bạn thấy hôm nay được dựng lại vào thập niên 1970: năm tầng, trên đỉnh có chiếc đồng hồ lớn. Đồng hồ và hàng chữ trên mặt tiền đã thành biểu tượng của thành phố – 'hẹn nhau dưới đồng hồ Bưu điện' là câu nói của nhiều thế hệ người Hà Nội.","The French built Hanoi's central post office here in 1901, on land taken from the Bao An pagoda. The building you see now went up in the 1970s: five storeys with a big clock on top. Its clock and lettering became a symbol of the city — 'meet me under the Post Office clock' has been said by generations of Hanoians.","Vì sao lại đặt ở đây, nhìn ra hồ? Quy hoạch năm 1883 của người Pháp lấy hồ Hoàn Kiếm làm trung tâm mới, và bưu điện là đầu mối liên lạc với cả xứ thuộc địa.","Why here, facing the lake? The French plan of 1883 made Hoan Kiem the new centre, and the post office was the link to the rest of the colony.","Đứng ở bờ hồ đối diện, lấy chiếc đồng hồ cùng dòng xe trên phố Đinh Tiên Hoàng phía trước.","From the lake shore opposite, frame the clock with the traffic of Dinh Tien Hoang in front.",Bưu điện vẫn hoạt động – bạn có thể gửi một tấm bưu thiếp về nhà ngay ở quầy bên trong.,It is a working post office — you can still send a postcard home from the counter inside.,Trên đỉnh toà Bưu điện Bờ Hồ có gì?,What sits on top of the Post Office building?,Một chiếc đồng hồ lớn,A large clock,Một tháp chuông,A bell tower,Một cột ăng-ten,A radio mast,1,Nó cho cả bờ hồ biết ai đang đến muộn.,It tells everyone at the lake if they are late.,Q113457479,https://vi.wikipedia.org/wiki/Bưu_điện_Hà_Nội; https://www.wikidata.org/wiki/Q113457479,Xác nhận năm xây lại (tư liệu ghi 'thập niên 1970'). Kiểm tra quầy gửi bưu thiếp cho khách còn phục vụ không.
hoa-phong-tower,approved,hoan-kiem,sight,full,Tháp Hòa Phong,Hoa Phong Tower,Tháp Hòa Phong,21.026336,105.853313,Bờ đông hồ Hoàn Kiếm (Đinh Tiên Hoàng),,history; photo,free; photo; quiet,10,0,0,,brick,Tất cả những gì còn lại của một ngôi chùa 180 gian – ngọn tháp nhỏ bên hồ.,All that is left of a 180-bay pagoda — one small tower by the lake.,"Khoảng năm 1842, Tổng đốc Nguyễn Đăng Giai quyên tiền dân để dựng chùa Báo Ân bên bờ đông hồ – 180 gian, nổi tiếng kiến trúc cầu kỳ. Năm 1888, người Pháp phá bình địa ngôi chùa để xây bưu điện. Chỉ còn ngọn tháp ba tầng phía sau là sót lại. Bốn cửa vòm của tháp mang tên bốn điều báo đáp: Báo Ân, Báo Nghĩa, Báo Đức và Báo Phúc.","Around 1842, governor Nguyen Dang Giai raised money from the people to build Bao An pagoda on the east shore of the lake — 180 bays, famous for its elaborate architecture. In 1888 the French levelled it to build the post office. Only this three-storey tower at the back survived. Its four arched doors are named for four kinds of gratitude: Bao An, Bao Nghia, Bao Duc and Bao Phuc.","Vì sao hai mặt ghi 'Hòa Phong' còn hai mặt kia lại ghi 'Báo Thiên tháp'? Ngọn tháp mang nhiều tên – hỏi người Hà Nội, bạn sẽ nghe nhiều cách giải thích.",Why do two sides say 'Hoa Phong' and the other two 'Bao Thien'? The tower carries more than one name — ask a local and you will hear different stories.,"Chụp từ lối đi ven hồ, lấy mặt nước phía sau tháp, sáng sớm khi đường còn vắng.","Shoot from the lakeside path with the water behind the tower, early morning when the path is quiet.","Tháp là di tích được bảo vệ – ngắm thôi, đừng trèo.","The tower is a protected relic — look, don't climb.",Tầng một của tháp có mấy cửa vòm?,How many arched doors does the ground floor have?,Bốn,Four,Hai,Two,Sáu,Six,1,Mỗi hướng một cửa.,One for each direction.,Q10825843,https://vi.wikipedia.org/wiki/Tháp_Hòa_Phong; https://www.wikidata.org/wiki/Q10825843,Kiểm tra tại chỗ chữ 'Báo Thiên tháp' ở mặt bắc–nam.
48-hang-ngang,approved,hoan-kiem,sight,full,Nhà 48 Hàng Ngang,48 Hang Ngang — Declaration House,Nhà 48 Hàng Ngang,21.034328,105.850439,"48 Hàng Ngang, Hoàn Kiếm",,history; culture,history; quiet; indoor,20,0,10,,brick,Căn phòng trên gác nơi bản Tuyên ngôn Độc lập được đánh máy năm 1945.,The upstairs room where the Declaration of Independence was typed in 1945.,"Tháng 8 năm 1945, đây là nhà của ông Trịnh Văn Bô, một nhà tư sản Hà Nội. Chủ tịch Hồ Chí Minh ở trong căn phòng ăn rộng trên gác hai. Bên chiếc bàn vuông nhỏ bọc da xanh màu lá mạ, cạnh chiếc máy chữ mang từ chiến khu về, Người soạn thảo bản Tuyên ngôn Độc lập ngày 26/8. Bản tuyên ngôn được hoàn chỉnh ở số 12 Ngô Quyền và đọc tại Quảng trường Ba Đình ngày 2/9.","In August 1945 this was the home of Trinh Van Bo, a Hanoi merchant. Ho Chi Minh stayed in the large first-floor dining room. At a small square table covered in green leather, next to a portable typewriter brought from the resistance base, he drafted the Declaration of Independence on 26 August. It was finished at 12 Ngo Quyen and read in Ba Dinh Square on 2 September.","Vì sao lại là nhà của một thương nhân? Ngôi nhà nằm giữa phố cổ đông đúc, nơi một vị khách quan trọng có thể ở mà không gây chú ý.","Why a merchant's house? It sat in the busy Old Quarter, where an important guest could stay unnoticed among the shops.","Bên trong, chụp chiếc bàn viết nhỏ sát tường; bên ngoài, mặt tiền hẹp cho thấy nhà phố cổ sâu thế nào.","Inside, photograph the small writing table by the wall; outside, the narrow facade shows how deep Old Quarter houses are.","Nơi lưu giữ ký ức dân tộc: ăn mặc chỉnh tề, nói nhỏ, không chạm vào đồ đạc.","A place of national memory: dress neatly, speak quietly, don't touch the furniture.",Chiếc bàn nơi viết bản Tuyên ngôn được bọc da màu gì?,What colour was the table where the Declaration was written?,Xanh lá mạ,Green,Đỏ,Red,Nâu,Brown,1,Màu của mạ non.,The colour of young rice shoots.,Q10800786,https://vi.wikipedia.org/wiki/Nhà_48_Hàng_Ngang; https://www.wikidata.org/wiki/Q10800786,"Kiểm tra giờ mở cửa, có thu phí không, và chiếc bàn bọc da xanh có còn trưng bày để người chơi nhìn thấy không (thử thách phụ thuộc vào chi tiết này)."
opera-house,approved,hoan-kiem,sight,full,Nhà hát Lớn Hà Nội,Hanoi Opera House,Nhà hát Lớn,21.024193,105.857825,"1A Tràng Tiền, Hoàn Kiếm",,culture; history; photo,iconic; photo; free,15,0,0,,butter,"Một 'Opéra Paris' thu nhỏ, nơi Quốc hội đầu tiên của Việt Nam nhóm họp.","A little Paris opera house, where Vietnam's first National Assembly met.","Được người Pháp xây từ năm 1901 đến 1911, Nhà hát Lớn mô phỏng Nhà hát Opéra Garnier ở Paris, nhỏ hơn và dùng vật liệu hợp khí hậu nhiệt đới. Nơi đây không chỉ là nhà hát: năm 1946, Quốc hội đầu tiên của nước Việt Nam độc lập đã họp tại đây và thông qua bản Hiến pháp đầu tiên. Đợt trùng tu 1995–1997 trả lại vẻ đẹp xưa, và đến nay đây vẫn là sân khấu hàng đầu của Hà Nội.","Built by the French between 1901 and 1911, the Opera House follows the Palais Garnier in Paris, on a smaller scale and with materials suited to the tropics. It was more than a theatre: in 1946 the first National Assembly of independent Vietnam met here and passed the country's first constitution. A 1995–1997 restoration brought back its original look, and it is still one of Hanoi's main stages.","Vì sao lại xây nhà hát opera ở thuộc địa? Với người Pháp, một nhà hát lớn là dấu hiệu cho thấy Hà Nội là thủ phủ, chứ không phải đồn tiền tiêu.","Why build an opera house in a colony? For the French, a grand theatre was a sign that Hanoi was a capital, not an outpost.",Quảng trường Cách mạng Tháng Tám phía trước cho bạn trọn mặt tiền đối xứng – đẹp nhất lúc nắng chiều.,The square in front (August Revolution Square) gives the full symmetric facade — best in late afternoon light.,Chỉ vào bên trong khi có vé biểu diễn hoặc vé tham quan có hướng dẫn. Buổi diễn tối nên ăn mặc lịch sự.,Inside only with a performance or guided-tour ticket. Dress smart for evening shows.,Nhà hát Lớn được xây theo mẫu nhà hát nào?,Which theatre was it modelled on?,"Opéra Garnier, Paris","Palais Garnier, Paris","La Scala, Milan","La Scala, Milan","Bolshoi, Moskva","Bolshoi, Moscow",1,Người xây là người Pháp.,The builders were French.,Q1186043,https://vi.wikipedia.org/wiki/Nhà_hát_Lớn_Hà_Nội; https://www.wikidata.org/wiki/Q1186043,Giá 0 là chỉ ngắm bên ngoài. Kiểm tra giá tour tham quan bên trong và lịch diễn nếu muốn thêm.
o-quan-chuong,approved,hoan-kiem,sight,full,Ô Quan Chưởng,O Quan Chuong Gate,Ô Quan Chưởng,21.037331,105.852198,Phố Ô Quan Chưởng (đầu phố Hàng Chiếu),,history; photo,free; history; photo,10,0,0,,leaf,"Cửa ô cuối cùng còn lại của thành Thăng Long xưa, vẫn còn vọng lâu.","The last surviving gate of the old city wall, still with its watchtower.","Hà Nội xưa được bao bởi một vòng thành đất với nhiều cửa ô. Cửa phía Đông này – cửa Đông Hà – xây năm 1749, dựng lại năm 1817, và là cửa ô duy nhất còn sót lại. Lính gác trên vọng lâu kiểm soát con đường ra sông Hồng. Trên tường còn tấm bia đá do Tổng đốc Hoàng Diệu cho đặt năm 1881, cấm lính gác sách nhiễu người dân qua lại.","Old Hanoi was ringed by an earthen wall pierced by many gates (ô). This eastern one, Dong Ha gate, was built in 1749 and rebuilt in 1817 — and it is the only one left. Guards in the watchtower controlled the road to the Red River. On the wall hangs a stone stele placed in 1881 by governor Hoang Dieu, forbidding guards from harassing people passing through.",Vì sao gọi là 'Quan Chưởng'? Tương truyền năm 1873 một vị chưởng cơ cùng quân sĩ đã giữ cửa ô này đến người cuối cùng – câu chuyện đến nay vẫn chưa được sử liệu xác minh.,Why 'Quan Chuong'? Legend says a commander (chưởng cơ) and his men defended this gate to the last in 1873 — a story historians still haven't confirmed.,Đứng giữa phố lúc sáng sớm để lấy trọn ba cửa vòm và vọng lâu.,Stand in the middle of the street early in the morning to frame all three arches and the watchtower.,Xe cộ vẫn đi qua cửa ô – hãy đứng sang bên khi chụp ảnh.,Traffic still passes through the gate — step to the side for photos.,Trên cửa chính có ba chữ Hán. Đó là chữ gì?,Above the main arch are three Chinese characters. What do they say?,Đông Hà môn (東河門),Dong Ha Mon (東河門),Quan Chưởng môn,Quan Chuong Mon,Thăng Long môn,Thang Long Mon,1,Đó là tên cũ của cửa – sông nằm ở phía đông.,It's the gate's old name — the river is on its east side.,Q10839688,https://vi.wikipedia.org/wiki/Ô_Quan_Chưởng; https://www.wikidata.org/wiki/Q10839688,"Số cửa ô của Hà Nội xưa: các nguồn ghi khác nhau (16 hoặc 21) — đã bỏ con số khỏi câu chuyện, cần xác minh nếu muốn thêm lại. Kiểm tra tấm bia năm 1881 còn đọc được tại chỗ."
quan-su-pagoda,approved,hoan-kiem,sight,full,Chùa Quán Sứ,Quan Su Pagoda,Chùa Quán Sứ,21.024453,105.845415,"73–79 Quán Sứ, Hoàn Kiếm",,culture; history,free; cultural; quiet,20,0,0,,butter,Ngôi chùa ra đời bên nhà khách đón sứ thần.,A pagoda born next to a guesthouse for foreign envoys.,"Thế kỷ 15, sứ thần Chiêm Thành, Ai Lao thường sang Thăng Long triều cống. Triều Lê dựng một toà nhà để đón tiếp – gọi là Quán Sứ – và vì các sứ thần đều sùng đạo Phật nên dựng thêm ngôi chùa bên cạnh. Toà quán sứ nay không còn, nhưng ngôi chùa vẫn ở lại. Năm 1934, chùa trở thành trụ sở của Tổng hội Phật giáo Bắc Kỳ, và năm 1942 được xây lại như ngày nay.","In the 15th century, envoys from Champa and Laos came to Thang Long to pay tribute. The Le court built a guesthouse — the Quan Su, 'envoys' lodge' — and, because the envoys were devout Buddhists, a pagoda beside it. The lodge is long gone but the pagoda stayed. In 1934 it became the headquarters of the northern Buddhist association, and in 1942 it was rebuilt in the form you see today.",Vì sao lại dựng chùa cho người nước ngoài? Để sứ thần được lễ Phật như ở quê nhà là một cử chỉ tôn trọng – ngoại giao bằng lòng hiếu khách.,Why build a pagoda for foreigners? Letting envoys pray as they did at home was a gesture of respect — diplomacy by hospitality.,"Từ sân chùa, chụp hướng lên 11 bậc thềm dẫn vào chính điện – đẹp nhất khi khói hương bắt nắng.","From the courtyard, look up the 11 steps to the main hall — best when incense smoke catches the light.","Chùa đang hoạt động: mặc kín vai và gối, bỏ giày ở nơi có biển báo, giữ yên lặng khi có tụng kinh.","An active pagoda: cover shoulders and knees, take off shoes where signs ask, and keep quiet during chanting.",Tên 'Quán Sứ' bắt nguồn từ đâu?,Where does the name 'Quan Su' come from?,Nhà khách đón sứ thần,A lodge for foreign envoys,Một chợ bán quạt,A market for fans,Tên một nhà sư,The name of a monk,1,"Hãy nghĩ tới những vị khách từ Chiêm Thành, Ai Lao.",Think of visitors from Champa and Laos.,Q7273080,https://vi.wikipedia.org/wiki/Chùa_Quán_Sứ; https://www.wikidata.org/wiki/Q7273080,Cách hồ ~900 m. Kiểm tra số bậc thềm (tư liệu ghi 11).
imperial-citadel,approved,hoan-kiem,sight,full,Hoàng thành Thăng Long,Imperial Citadel of Thang Long,Hoàng thành Thăng Long,21.036289,105.840442,"19C Hoàng Diệu, Ba Đình",Tu-Su 08:00-17:00,history; culture; photo,iconic; history; groups,60,30,70,,leaf,Mười ba thế kỷ quyền lực chồng lên nhau trong một di sản thế giới UNESCO.,"Thirteen centuries of power, layered in one UNESCO World Heritage site.","Từ thế kỷ 7 đến triều Nguyễn, đây là trung tâm quyền lực của châu thổ sông Hồng – các triều Lý, Trần, Lê dựng cung điện chồng lên nhau trên cùng một vùng đất. Năm 2010, đúng dịp Thăng Long tròn 1000 năm, UNESCO công nhận khu trung tâm là Di sản Văn hoá Thế giới vì 13 thế kỷ lịch sử liên tục. Hãy đi qua Đoan Môn, rồi nhìn xuống các hố khai quật, nơi nền móng của nhiều triều đại nằm chồng lên nhau.","From the 7th century to the Nguyen dynasty, this was the seat of power in the Red River delta — Ly, Tran and Le kings built palace upon palace on the same ground. In 2010, the year Hanoi turned 1,000, UNESCO listed the central sector as World Heritage for its 13 centuries of continuous history. Walk through Doan Mon gate, then look down into the excavations where foundations from different dynasties lie stacked on top of each other.","Vì sao 1.300 năm vẫn xây trên cùng một chỗ? Vì phong thuỷ, vì dòng sông, và vì quan niệm quyền lực phải ở nơi quyền lực vốn đã ở.","Why build on the same spot for 1,300 years? Feng shui, the river and the idea that power belongs where power has always been.","Đoan Môn nhìn từ sân trong, với năm cửa vòm, là khung hình kinh điển.","Doan Mon gate from the inner courtyard, with its five arched doors, is the classic shot.","Khu di tích rộng và ít bóng mát – mang nước và mũ. Cách hồ khoảng 1,3 km: chặng hợp để đi Grab hoặc xe máy.",Big site with little shade — bring water and a hat. About 1.3 km from the lake: a good leg for a Grab or motorbike.,UNESCO công nhận Hoàng thành là Di sản Thế giới năm nào?,In which year did UNESCO list the citadel as World Heritage?,2010,2010,2000,2000,1999,1999,1,Cùng năm Hà Nội mừng đại lễ 1000 năm.,"The same year Hanoi celebrated 1,000 years.",Q206219,https://vi.wikipedia.org/wiki/Hoàng_thành_Thăng_Long; https://www.wikidata.org/wiki/Q206219,"Giá vé 30–70k là ước lượng rộng, cần kiểm tra. Kiểm tra số cửa của Đoan Môn trước khi dùng trong góc chụp. Nằm ngoài bán kính đi bộ quanh hồ."
ba-kieu-temple,approved,hoan-kiem,sight,full,Đền Bà Kiệu,Ba Kieu Temple,Đền Bà Kiệu,21.031107,105.853457,"Đinh Tiên Hoàng, Hoàn Kiếm (đối diện cổng đền Ngọc Sơn)",,culture; history,free; quiet; cultural,15,0,0,,brick,Ngôi đền bị một đại lộ thời Pháp cắt làm đôi.,A temple cut in two by a French boulevard.,"Được dựng vào khoảng những năm 1620 thời Lê, đền Bà Kiệu thờ ba vị nữ thần, đứng đầu là Công chúa Liễu Hạnh – một trong Tứ bất tử của tín ngưỡng dân gian Việt. Năm 1891, người Pháp lấy một phần đất của đền để mở đại lộ Francis Garnier – nay là phố Đinh Tiên Hoàng. Con đường chia ngôi đền làm đôi: cổng tam quan ở lại bên bờ hồ, còn nhà đại bái và hậu cung nằm bên kia đường.","Built in the 1620s under the Le dynasty, Ba Kieu honours three goddesses, led by Princess Lieu Hanh, one of the Four Immortals of Vietnamese folk belief. In 1891 the French took part of its land to build Boulevard Francis Garnier — today's Dinh Tien Hoang street. The road split the temple: the gate stayed on the lake side, while the main halls ended up across the street.",Vì sao cổng đền lại nằm bên kia đường? Vì con đường đến sau ngôi đền tới 270 năm.,Why is the gate on the other side of the road? Because the road came 270 years after the temple.,"Đứng ở cổng bên bờ hồ, chụp sang dãy nhà đền bên kia đường để thấy rõ sự chia đôi.","From the lakeside gate, frame the temple halls across the street to show the split.",Nơi thờ Mẫu – ăn mặc kín đáo và hỏi trước khi chụp ảnh các nghi lễ.,A place of Mother Goddess worship — dress modestly and ask before photographing ceremonies.,Con phố nào cắt đôi khu đền?,Which street cuts the temple in two?,Đinh Tiên Hoàng,Dinh Tien Hoang,Hàng Khay,Hang Khay,Lê Thái Tổ,Le Thai To,1,Con phố chạy dọc bờ đông của hồ.,It runs along the east shore of the lake.,Q16481078,https://vi.wikipedia.org/wiki/Đền_Bà_Kiệu; https://www.wikidata.org/wiki/Q16481078,"Kiểm tra giờ mở cửa; đền nhỏ, có lúc đóng."
ly-thai-to-park,approved,hoan-kiem,sight,full,Vườn hoa Lý Thái Tổ,Ly Thai To Square,Vườn hoa Lý Thái Tổ,21.027452,105.854748,"Đinh Tiên Hoàng, Hoàn Kiếm",24/7,history; photo,free; lively; photo,10,0,0,,teal,"Người khai sinh Thăng Long, bằng đồng, dõi về phía hồ.","The founder of Thang Long, in bronze, watching over the lake.","Thời Pháp, vườn hoa mang tên Paul Bert và có tượng đồng của ông cho đến năm 1945, khi Hà Nội đổi tên phố và vườn hoa theo tên các danh nhân Việt. Năm 2004, tượng đài vua Lý Thái Tổ – người dời đô về Thăng Long năm 1010 – được dựng tại đây: đúc đồng liền khối, cao 10,1 m, nặng 32 tấn cả bệ. Sáng sớm, quảng trường rộn ràng người tập dưỡng sinh, khiêu vũ.","Under the French this garden was named after Paul Bert and held his bronze statue until 1945, when Hanoi renamed its streets after Vietnamese heroes. In 2004 a 10-metre bronze statue of King Ly Thai To — who moved the capital to Thang Long in 1010 — was raised here, cast in one piece, 32 tonnes with its base. In the early morning the square fills with dancers and tai chi groups.","Vì sao phố quanh đây mang tên các danh tướng – Lê Lai, Đinh Lễ, Nguyễn Xí? Họ là tướng của Lê Lợi, người gắn với truyền thuyết của chính mặt hồ này.","Why do so many streets here carry generals' names — Le Lai, Dinh Le, Nguyen Xi? They fought with Le Loi, whose story belongs to this lake.","Đến lúc 6 giờ sáng: tượng đài, người tập thể dục và mặt hồ trong nắng dịu.","Come at 6 am: the statue, the dancers and the lake in soft light.","Người tập buổi sáng rất hiếu khách – cứ tham gia, nhưng đừng quay cận mặt người khác khi chưa hỏi.","Morning exercisers welcome visitors — join in, but don't film people up close without asking.",Tượng vua Lý Thái Tổ quay mặt về hướng nào?,Which way does the statue of King Ly Thai To face?,Về phía hồ Hoàn Kiếm,Towards Hoan Kiem Lake,Về phía sông Hồng,Towards the Red River,Về phía phố cổ,Towards the Old Quarter,1,Đứng trước tượng và nhìn theo hướng nhà vua.,Stand in front of him and look where he looks.,Q25418011,https://vi.wikipedia.org/wiki/Vườn_hoa_Chí_Linh; https://www.wikidata.org/wiki/Q25418011,
cua-bac-church,approved,hoan-kiem,sight,full,Nhà thờ Cửa Bắc,Cua Bac Church,Nhà thờ Cửa Bắc,21.041453,105.840506,"56 Phan Đình Phùng, Ba Đình",,culture; photo,free; photo; quiet,15,0,0,,teal,Ngôi nhà thờ vừa Âu vừa Á – một cách có chủ ý.,A church that looks both European and Asian — on purpose.,"Được khởi công năm 1925 bởi cha xứ người Pháp Antoine Depaulis (Cố Hương) theo bản vẽ của kiến trúc sư Ernest Hébrard, nhà thờ Cửa Bắc được khánh thành năm 1930. Tên gọi lấy từ Cửa Bắc của thành Thăng Long cũ ngay gần đó. Hébrard phá vỡ lối đối xứng quen thuộc: tháp chuông cao lệch một bên cân với mái vòm ở giữa, mái hiên rộng và bố cục hợp khí hậu nhiệt đới – một ví dụ tiêu biểu của kiến trúc Đông Dương.","Started in 1925 by French priest Antoine Depaulis to plans by architect Ernest Hébrard, Cua Bac church was consecrated in 1930. It is named after the North Gate of the old Thang Long citadel nearby. Hébrard broke the usual symmetry: a tall bell tower on one side balances a central dome, with wide eaves and a layout suited to the tropics — a key example of the Indochinese style.","Vì sao không đối xứng như Nhà thờ Lớn? Hébrard muốn một nhà thờ hoà hợp với châu Á, thay vì sao chép từ Pháp.",Why isn't it symmetrical like St Joseph's? Hébrard wanted a church that felt at home in Asia rather than copied from France.,"Từ bên kia phố Phan Đình Phùng, chụp tháp chuông và mái vòm cùng hàng cây cổ thụ.","From across Phan Dinh Phung street, shoot the bell tower and dome together under the old trees.","Giáo xứ vẫn sinh hoạt: vào nhẹ nhàng ngoài giờ lễ. Cách hồ khoảng 1,9 km – nên đi xe máy hoặc Grab.",An active parish: enter quietly outside Mass times. About 1.9 km from the lake — better by bike or Grab.,Tháp chuông nằm ở đâu so với mái vòm?,Where is the bell tower compared with the dome?,Lệch sang một bên,Off to one side,Ngay trên đỉnh mái vòm,Directly on top of it,"Hai tháp, mỗi bên một tháp","Two towers, one on each side",1,Nhà thờ này nổi tiếng vì không đối xứng.,This church is famously not symmetrical.,Q1088224,https://vi.wikipedia.org/wiki/Nhà_thờ_Cửa_Bắc; https://www.wikidata.org/wiki/Q1088224,"Wikipedia ghi khánh thành 1/2/1930, Wikidata ghi 1932 — cần xác minh. Nằm xa hồ."
dien-hong-garden,approved,hoan-kiem,sight,full,Vườn hoa Diên Hồng,Dien Hong Garden,Vườn hoa Diên Hồng,21.026481,105.856013,"Ngô Quyền – Lý Thái Tổ, Hoàn Kiếm",24/7,photo; history,free; photo; quiet,10,0,0,,leaf,Đài phun nước cổ nhất Hà Nội trong khu vườn nhỏ mà người dân gọi là 'vườn hoa Con Cóc'.,"Hanoi's oldest fountain, in a small French garden locals call 'Toad Garden'.","Khoảng năm 1899, người Pháp xây khu vườn này để tưởng niệm Léon Chavassieux, một phó Toàn quyền Đông Dương, và đặt tên theo ông. Sau này vườn được đổi tên thành vườn hoa Diên Hồng. Đài phun nước ở đây được xem là cổ nhất Hà Nội và sau hơn trăm năm vẫn giữ nét xưa. Khu vườn nằm giữa khách sạn Metropole và Ngân hàng Nhà nước, là góc chụp ảnh cưới quen thuộc.","Around 1899 the French built this garden as a memorial to Léon Chavassieux, a deputy governor-general of Indochina, and named it after him. After independence it became Dien Hong garden. Its fountain is said to be the oldest in Hanoi and, after more than a century, still keeps its old look. It sits between the Metropole hotel and the State Bank, and is a favourite spot for wedding photos.",Vì sao gọi là 'vườn hoa Con Cóc'? Hãy nhìn kỹ đài phun nước – người dân đặt tên theo chính thứ họ thấy ở đó.,Why 'Toad Garden'? Look closely at the fountain — locals named the garden after what they saw there.,"Chụp góc thấp từ lối đi, đài phun nước ở tiền cảnh, những toà nhà Pháp màu vàng phía sau.","Low angle from the path, with the fountain in front and the yellow French buildings behind.",Các cặp đôi hay chụp ảnh cưới bên đài phun nước – chờ lượt và tránh lọt vào khung hình của họ.,Wedding shoots often use the fountain — wait your turn and stay out of their frame.,Người Hà Nội gọi vui vườn hoa này là gì?,What nickname do Hanoians give this garden?,Vườn hoa Con Cóc,Toad Garden,Vườn hoa Con Rùa,Turtle Garden,Vườn hoa Con Rồng,Dragon Garden,1,Một con vật nhỏ thích nước và mưa.,A small animal that loves water and rain.,Q10834022,https://vi.wikipedia.org/wiki/Vườn_hoa_Diên_Hồng; https://www.wikidata.org/wiki/Q10834022,Xác minh tại chỗ đài phun nước có tượng cóc (lý do tên gọi) trước khi dùng câu 'Vì sao?'.
pho-10-ly-quoc-su,approved,hoan-kiem,food,quick,Phở 10 Lý Quốc Sư,,,21.030472,105.848847,10 Phố Lý Quốc Sư,Mo-Su 06:00-22:00,food,localFood,30,40,70,,butter,"Phở nước dùng trong, bánh phở mềm, ăn kèm quẩy — bữa sáng quen thuộc của người Hà Nội.","Rice noodles in a clear, slow-cooked broth, with fried dough on the side — the classic Hanoi breakfast.",,,,,,,,,,,,,,,,,,,,,openstreetmap,Điểm nhanh từ OpenStreetMap; giá là ước tính theo loại quán — kiểm lại khi đi thực địa.
pho-thin,approved,hoan-kiem,food,quick,Phở Thìn,,,21.025192,105.845147,,,food,localFood,30,40,70,,butter,"Phở nước dùng trong, bánh phở mềm, ăn kèm quẩy — bữa sáng quen thuộc của người Hà Nội.","Rice noodles in a clear, slow-cooked broth, with fried dough on the side — the classic Hanoi breakfast.",,,,,,,,,,,,,,,,,,,,,openstreetmap,Điểm nhanh từ OpenStreetMap; giá là ước tính theo loại quán — kiểm lại khi đi thực địa.
pho-bung-hang-trong,approved,hoan-kiem,food,quick,Phở bưng Hàng Trống,,,21.031342,105.849306,8 Phố Hàng Trống,15:00 - 20:00,food,localFood,30,40,70,,butter,"Phở nước dùng trong, bánh phở mềm, ăn kèm quẩy — bữa sáng quen thuộc của người Hà Nội.","Rice noodles in a clear, slow-cooked broth, with fried dough on the side — the classic Hanoi breakfast.",,,,,,,,,,,,,,,,,,,,,openstreetmap,Điểm nhanh từ OpenStreetMap; giá là ước tính theo loại quán — kiểm lại khi đi thực địa.
pho-gia-truyen,approved,hoan-kiem,food,quick,Phở Gia Truyền,,,21.033638,105.846379,49 Bát Đàn,Mo-Su 18:00-22:00,food,localFood,30,40,70,,butter,"Phở nước dùng trong, bánh phở mềm, ăn kèm quẩy — bữa sáng quen thuộc của người Hà Nội.","Rice noodles in a clear, slow-cooked broth, with fried dough on the side — the classic Hanoi breakfast.",,,,,,,,,,,,,,,,,,,,,openstreetmap,Điểm nhanh từ OpenStreetMap; giá là ước tính theo loại quán — kiểm lại khi đi thực địa.
pho-tu-lun,approved,hoan-kiem,food,quick,Phở Tư lùn,,,21.036587,105.847553,68 Phố Hàng Mã,Mo-Su 04:30-22:30,food,localFood,30,40,70,,butter,"Phở nước dùng trong, bánh phở mềm, ăn kèm quẩy — bữa sáng quen thuộc của người Hà Nội.","Rice noodles in a clear, slow-cooked broth, with fried dough on the side — the classic Hanoi breakfast.",,,,,,,,,,,,,,,,,,,,,openstreetmap,Điểm nhanh từ OpenStreetMap; giá là ước tính theo loại quán — kiểm lại khi đi thực địa.
quan-pho-suong,approved,hoan-kiem,food,quick,Phở Sướng,,,21.033552,105.852143,,,food,localFood,30,40,70,,butter,"Phở nước dùng trong, bánh phở mềm, ăn kèm quẩy — bữa sáng quen thuộc của người Hà Nội.","Rice noodles in a clear, slow-cooked broth, with fried dough on the side — the classic Hanoi breakfast.",,,,,,,,,,,,,,,,,,,,,openstreetmap,Điểm nhanh từ OpenStreetMap; giá là ước tính theo loại quán — kiểm lại khi đi thực địa.
tu-lun-pho-ga-bun-thang,approved,hoan-kiem,food,quick,Tư Lùn - Phở Gà & Bún Thang,,,21.031178,105.8493,5 Phố Hàng Trống,"Mo-Su 06:00-13:30, 15:00-23:00",food,localFood,30,40,70,,butter,"Phở gà và bún thang — nước dùng gà thanh, bún thang nhiều topping thái sợi nhỏ.","Chicken pho and bún thang, a delicate Hanoi noodle soup topped with finely shredded egg, chicken and pork.",,,,,,,,,,,,,,,,,,,,,openstreetmap,Điểm nhanh từ OpenStreetMap; giá là ước tính theo loại quán — kiểm lại khi đi thực địa.
vegan-pho-banh-mi,approved,hoan-kiem,food,quick,Vegan Phở & Bánh Mì,,,21.024189,105.844708,74 Phố Quán Sứ,Mo-Su 07:00-14:00,food; rainy,indoor,45,50,150,,butter,"Quán chay: món Việt nấu chay, nhiều lựa chọn cho người ăn chay.",Vegetarian place: Vietnamese dishes made plant-based.,,,,,,,,,,,,,,,,,,,,,openstreetmap,Điểm nhanh từ OpenStreetMap; giá là ước tính theo loại quán — kiểm lại khi đi thực địa.
bun-cha-dac-kim,approved,hoan-kiem,food,quick,Bún Chả Đắc Kim,,,21.031056,105.847279,67 Đường Thành,,food,localFood; groups,35,50,80,,butter,"Bún chả: thịt nướng than hoa, nước chấm chua ngọt, bún và rau sống — món trưa kinh điển của Hà Nội.",Bún chả: charcoal-grilled pork in a sweet-and-sour dipping sauce with rice noodles and herbs — the classic Hanoi lunch.,,,,,,,,,,,,,,,,,,,,,openstreetmap,Điểm nhanh từ OpenStreetMap; giá là ước tính theo loại quán — kiểm lại khi đi thực địa.
cua-hang-bun-cha-hang-quat,approved,hoan-kiem,food,quick,Cửa Hàng Bún Chả Hàng Quạt,,,21.032464,105.848973,74 Phố Hàng Quạt,Mo-Su 10:30-14:00,food,localFood; groups,35,50,80,,butter,"Bún chả: thịt nướng than hoa, nước chấm chua ngọt, bún và rau sống — món trưa kinh điển của Hà Nội.",Bún chả: charcoal-grilled pork in a sweet-and-sour dipping sauce with rice noodles and herbs — the classic Hanoi lunch.,,,,,,,,,,,,,,,,,,,,,openstreetmap,Điểm nhanh từ OpenStreetMap; giá là ước tính theo loại quán — kiểm lại khi đi thực địa.
bun-cha-ta,approved,hoan-kiem,food,quick,Bún Chả Ta,,,21.034357,105.854493,21 Phố Nguyễn Hữu Huân,08:00-22:00,food,localFood; groups,35,50,80,,butter,"Bún chả: thịt nướng than hoa, nước chấm chua ngọt, bún và rau sống — món trưa kinh điển của Hà Nội.",Bún chả: charcoal-grilled pork in a sweet-and-sour dipping sauce with rice noodles and herbs — the classic Hanoi lunch.,,,,,,,,,,,,,,,,,,,,,openstreetmap,Điểm nhanh từ OpenStreetMap; giá là ước tính theo loại quán — kiểm lại khi đi thực địa.
bun-cha-41,approved,hoan-kiem,food,quick,Bún chả 41,,,21.03456,105.845879,41 Phố Cửa Đông,Mo-Su 10:30-21:00,food,localFood; groups,35,50,80,,butter,"Bún chả: thịt nướng than hoa, nước chấm chua ngọt, bún và rau sống — món trưa kinh điển của Hà Nội.",Bún chả: charcoal-grilled pork in a sweet-and-sour dipping sauce with rice noodles and herbs — the classic Hanoi lunch.,,,,,,,,,,,,,,,,,,,,,openstreetmap,Điểm nhanh từ OpenStreetMap; giá là ước tính theo loại quán — kiểm lại khi đi thực địa.
cua-hang-bun-cha-huong-lien,approved,hoan-kiem,food,quick,Cửa Hàng Bún Chả Hương Liên,,,21.01805,105.853884,24 Phố Lê Văn Hưu,,food,localFood; groups,35,50,80,,butter,"Bún chả: thịt nướng than hoa, nước chấm chua ngọt, bún và rau sống — món trưa kinh điển của Hà Nội.",Bún chả: charcoal-grilled pork in a sweet-and-sour dipping sauce with rice noodles and herbs — the classic Hanoi lunch.,,,,,,,,,,,,,,,,,,,,,openstreetmap,Điểm nhanh từ OpenStreetMap; giá là ước tính theo loại quán — kiểm lại khi đi thực địa.
local-street-food,approved,hoan-kiem,food,quick,Bún Riêu Cua Thu,,,21.029206,105.848334,5A Thọ Xương,6:00-14:00,food,localFood,25,35,55,,butter,"Bún riêu cua: nước dùng cua đồng chua nhẹ vị cà chua, ăn kèm đậu rán và rau sống.",Bún riêu: rice noodles in a light tomato-and-crab broth with fried tofu and fresh herbs.,,,,,,,,,,,,,,,,,,,,,openstreetmap,Điểm nhanh từ OpenStreetMap; giá là ước tính theo loại quán — kiểm lại khi đi thực địa.
morning-street-food,approved,hoan-kiem,food,quick,Bún Riêu Gánh,,,21.040628,105.844064,Phố Hàng Bún,,food,localFood,25,35,55,,butter,"Bún riêu cua: nước dùng cua đồng chua nhẹ vị cà chua, ăn kèm đậu rán và rau sống.",Bún riêu: rice noodles in a light tomato-and-crab broth with fried tofu and fresh herbs.,,,,,,,,,,,,,,,,,,,,,openstreetmap,Điểm nhanh từ OpenStreetMap; giá là ước tính theo loại quán — kiểm lại khi đi thực địa.
bun-ca-street-fish-noodle,approved,hoan-kiem,food,quick,Bún Cá Sàm Cây Si,,,21.033383,105.852671,,,food,localFood,25,40,60,,butter,"Bún cá: cá rán giòn trong nước dùng chua nhẹ, thơm thì là.","Bún cá: crispy fried fish in a light, tangy broth with plenty of dill.",,,,,,,,,,,,,,,,,,,,,openstreetmap,Điểm nhanh từ OpenStreetMap; giá là ước tính theo loại quán — kiểm lại khi đi thực địa.
bun-ca-huong-thuy,approved,hoan-kiem,food,quick,Bún cá Hương Thủy,,,21.041063,105.848368,14 Phố Nguyễn Trung Trực,Mo-Su 17:30-13:30,food,localFood,25,40,60,,butter,"Bún cá: cá rán giòn trong nước dùng chua nhẹ, thơm thì là.","Bún cá: crispy fried fish in a light, tangy broth with plenty of dill.",,,,,,,,,,,,,,,,,,,,,openstreetmap,Điểm nhanh từ OpenStreetMap; giá là ước tính theo loại quán — kiểm lại khi đi thực địa.
quan-bun-dau-viet,approved,hoan-kiem,food,quick,Quán Bún Đậu Việt,,,21.025721,105.852173,,,food,localFood; groups,35,40,70,,butter,"Bún đậu mắm tôm: đậu rán, bún lá, rau thơm chấm mắm tôm — món dân dã, hợp đi nhóm (có thể xin nước mắm thay mắm tôm).","Bún đậu: fried tofu, pressed rice noodles and herbs with fermented shrimp paste — rustic and great for groups (ask for fish sauce if shrimp paste is too strong).",,,,,,,,,,,,,,,,,,,,,openstreetmap,Điểm nhanh từ OpenStreetMap; giá là ước tính theo loại quán — kiểm lại khi đi thực địa.
bun-dau-met-tuan-troc,approved,hoan-kiem,food,quick,Bún Đậu Mẹt Tuấn Trọc,,,21.041391,105.845743,23 Phố Phan Huy Ích,,food,localFood; groups,35,40,70,,butter,"Bún đậu mắm tôm: đậu rán, bún lá, rau thơm chấm mắm tôm — món dân dã, hợp đi nhóm (có thể xin nước mắm thay mắm tôm).","Bún đậu: fried tofu, pressed rice noodles and herbs with fermented shrimp paste — rustic and great for groups (ask for fish sauce if shrimp paste is too strong).",,,,,,,,,,,,,,,,,,,,,openstreetmap,Điểm nhanh từ OpenStreetMap; giá là ước tính theo loại quán — kiểm lại khi đi thực địa.
bun-moc,approved,hoan-kiem,food,quick,Bún Mọc,,,21.037534,105.848201,57 Hàng Lược,,food,localFood,25,35,55,,butter,"Bún mọc: nước dùng xương ngọt thanh, viên mọc thịt, sườn non.",Bún mọc: a gentle pork broth with pork meatballs and tender ribs.,,,,,,,,,,,,,,,,,,,,,openstreetmap,Điểm nhanh từ OpenStreetMap; giá là ước tính theo loại quán — kiểm lại khi đi thực địa.
bun-ngan-bich-beo,approved,hoan-kiem,food,quick,Bún Ngan Bích Béo,,,21.034956,105.849493,16 Phố Hàng Cân,Mo-Su 18:00-12:00,food,localFood,25,40,60,,butter,Bún ngan: thịt ngan (vịt xiêm) thái mỏng trong nước dùng măng.,Bún ngan: sliced muscovy duck in a broth with bamboo shoots.,,,,,,,,,,,,,,,,,,,,,openstreetmap,Điểm nhanh từ OpenStreetMap; giá là ước tính theo loại quán — kiểm lại khi đi thực địa.
banh-cuon-ba-hanh,approved,hoan-kiem,food,quick,Bánh Cuốn Bà Hạnh,,,21.029096,105.848748,,,food,localFood,25,35,55,,butter,"Bánh cuốn: bánh tráng mỏng hấp nóng, nhân thịt và mộc nhĩ, chấm nước mắm với chả.","Bánh cuốn: silky steamed rice rolls filled with pork and wood-ear mushroom, dipped in fish sauce.",,,,,,,,,,,,,,,,,,,,,openstreetmap,Điểm nhanh từ OpenStreetMap; giá là ước tính theo loại quán — kiểm lại khi đi thực địa.
ky-dong,approved,hoan-kiem,food,quick,Bánh Cuốn Kỳ Đồng,,,21.029163,105.843631,,,food,localFood,25,35,55,,butter,"Bánh cuốn: bánh tráng mỏng hấp nóng, nhân thịt và mộc nhĩ, chấm nước mắm với chả.","Bánh cuốn: silky steamed rice rolls filled with pork and wood-ear mushroom, dipped in fish sauce.",,,,,,,,,,,,,,,,,,,,,openstreetmap,Điểm nhanh từ OpenStreetMap; giá là ước tính theo loại quán — kiểm lại khi đi thực địa.
banh-cuon-hang-cot,approved,hoan-kiem,food,quick,Bánh Cuốn Hàng Cót,,,21.036726,105.847125,,,food,localFood,25,35,55,,butter,"Bánh cuốn: bánh tráng mỏng hấp nóng, nhân thịt và mộc nhĩ, chấm nước mắm với chả.","Bánh cuốn: silky steamed rice rolls filled with pork and wood-ear mushroom, dipped in fish sauce.",,,,,,,,,,,,,,,,,,,,,openstreetmap,Điểm nhanh từ OpenStreetMap; giá là ước tính theo loại quán — kiểm lại khi đi thực địa.
banh-cuon-gia-truyen-thanh-van,approved,hoan-kiem,food,quick,Bánh Cuốn Gia Truyền Thanh Vân,,,21.036053,105.847171,14 Hàng Gà,Mo-Su 08:00-15:00,food,localFood,25,35,55,,butter,"Bánh cuốn: bánh tráng mỏng hấp nóng, nhân thịt và mộc nhĩ, chấm nước mắm với chả.","Bánh cuốn: silky steamed rice rolls filled with pork and wood-ear mushroom, dipped in fish sauce.",,,,,,,,,,,,,,,,,,,,,openstreetmap,Điểm nhanh từ OpenStreetMap; giá là ước tính theo loại quán — kiểm lại khi đi thực địa.
banh-mi-hoi-an,approved,hoan-kiem,food,quick,Bánh Mì Hội An,,,21.03403,105.851602,98 Hàng Bạc,Mo-Su 06:30-22:30,food,localFood,15,20,45,,butter,Bánh mì kẹp giòn nóng — bữa nhanh gọn để vừa ăn vừa đi.,A crispy Vietnamese baguette sandwich — a quick bite to eat on the go.,,,,,,,,,,,,,,,,,,,,,openstreetmap,Điểm nhanh từ OpenStreetMap; giá là ước tính theo loại quán — kiểm lại khi đi thực địa.
the-banh-mi-station,approved,hoan-kiem,food,quick,The Banh Mi Station,,,21.032256,105.853272,,07:30-22:00,food,localFood,15,20,45,,butter,Bánh mì kẹp giòn nóng — bữa nhanh gọn để vừa ăn vừa đi.,A crispy Vietnamese baguette sandwich — a quick bite to eat on the go.,,,,,,,,,,,,,,,,,,,,,openstreetmap,Điểm nhanh từ OpenStreetMap; giá là ước tính theo loại quán — kiểm lại khi đi thực địa.
banh-mi-25,approved,hoan-kiem,food,quick,Bánh Mì 25,,,21.03608,105.848693,25 Hàng Cá,"Mo-Sa 07:00-19:00, Su 07:00-17:00",food,localFood,15,20,45,,butter,Bánh mì kẹp giòn nóng — bữa nhanh gọn để vừa ăn vừa đi.,A crispy Vietnamese baguette sandwich — a quick bite to eat on the go.,,,,,,,,,,,,,,,,,,,,,openstreetmap,Điểm nhanh từ OpenStreetMap; giá là ước tính theo loại quán — kiểm lại khi đi thực địa.
banh-mi-nhu-hoa,approved,hoan-kiem,food,quick,Bánh Mì Như Hoa,,,21.033082,105.854432,62 Phố Nguyễn Hữu Huân,Mo-Su 06:00-22:00,food,localFood,15,20,45,,butter,Bánh mì kẹp giòn nóng — bữa nhanh gọn để vừa ăn vừa đi.,A crispy Vietnamese baguette sandwich — a quick bite to eat on the go.,,,,,,,,,,,,,,,,,,,,,openstreetmap,Điểm nhanh từ OpenStreetMap; giá là ước tính theo loại quán — kiểm lại khi đi thực địa.
manh-banh-mi-place,approved,hoan-kiem,food,quick,Cà Phê & Bánh Mì Mạnh,,,21.031501,105.848422,,,food,localFood,15,20,45,,butter,Bánh mì kẹp giòn nóng — bữa nhanh gọn để vừa ăn vừa đi.,A crispy Vietnamese baguette sandwich — a quick bite to eat on the go.,,,,,,,,,,,,,,,,,,,,,openstreetmap,Điểm nhanh từ OpenStreetMap; giá là ước tính theo loại quán — kiểm lại khi đi thực địa.
banh-mi-chay-vegan,approved,hoan-kiem,food,quick,Bánh mì chay Vegan,,,21.030351,105.84971,64 Phố Hàng Trống,Mo-Sa 09:30-21:00; Su 09:00-18:00,food,localFood,15,25,45,,butter,Bánh mì chay — phiên bản thuần thực vật của món bánh mì Việt.,"Vegan bánh mì — the Vietnamese sandwich, fully plant-based.",,,,,,,,,,,,,,,,,,,,,openstreetmap,Điểm nhanh từ OpenStreetMap; giá là ước tính theo loại quán — kiểm lại khi đi thực địa.
xoi-tien,approved,hoan-kiem,food,quick,Xôi Tiến,,,21.029238,105.848015,51 Ngõ Huyện,Mo-Su 06:30-23:00,food,localFood,15,20,45,,butter,"Xôi nóng ăn kèm topping mặn — bữa sáng hay bữa phụ no lâu, giá dễ chịu.","Warm sticky rice with savoury toppings — a filling, cheap breakfast or snack.",,,,,,,,,,,,,,,,,,,,,openstreetmap,Điểm nhanh từ OpenStreetMap; giá là ước tính theo loại quán — kiểm lại khi đi thực địa.
sticky-rice-with-chicken,approved,hoan-kiem,food,quick,Xôi Gà,,,21.031406,105.850354,29 Hàng Hành,,food,localFood,15,20,45,,butter,"Xôi nóng ăn kèm topping mặn — bữa sáng hay bữa phụ no lâu, giá dễ chịu.","Warm sticky rice with savoury toppings — a filling, cheap breakfast or snack.",,,,,,,,,,,,,,,,,,,,,openstreetmap,Điểm nhanh từ OpenStreetMap; giá là ước tính theo loại quán — kiểm lại khi đi thực địa.
xoi-cat-lam,approved,hoan-kiem,food,quick,Xôi Cát Lâm,,,21.032181,105.846734,,,food,localFood,15,20,45,,butter,"Xôi nóng ăn kèm topping mặn — bữa sáng hay bữa phụ no lâu, giá dễ chịu.","Warm sticky rice with savoury toppings — a filling, cheap breakfast or snack.",,,,,,,,,,,,,,,,,,,,,openstreetmap,Điểm nhanh từ OpenStreetMap; giá là ước tính theo loại quán — kiểm lại khi đi thực địa.
mien-luon-chan-cam,approved,hoan-kiem,food,quick,Miến Lươn Chân Cầm,,,21.030429,105.848695,1 Phố Chân Cầm,Mo-Su 07:00-22:00,food,localFood,25,40,70,,butter,"Miến lươn: lươn chiên giòn hoặc xào, ăn với miến nước hoặc miến trộn.","Miến lươn: glass noodles with crispy fried eel, in broth or tossed.",,,,,,,,,,,,,,,,,,,,,openstreetmap,Điểm nhanh từ OpenStreetMap; giá là ước tính theo loại quán — kiểm lại khi đi thực địa.
mien-luon-dong-thinh,approved,hoan-kiem,food,quick,Miến Lươn Đông Thịnh,,,21.031853,105.846905,87 Phố Hàng Điếu,Mo-Su 06:30-21:30,food,localFood,25,40,70,,butter,"Miến lươn: lươn chiên giòn hoặc xào, ăn với miến nước hoặc miến trộn.","Miến lươn: glass noodles with crispy fried eel, in broth or tossed.",,,,,,,,,,,,,,,,,,,,,openstreetmap,Điểm nhanh từ OpenStreetMap; giá là ước tính theo loại quán — kiểm lại khi đi thực địa.
mien-banh-da-cua-ly-quoc-su,approved,hoan-kiem,food,quick,Miến & Bánh Đa Cua Lý Quốc Sư,,,21.039054,105.846586,6A Phùng Hưng,Mo-Su 07:30-22:00,food,localFood,25,40,70,,butter,"Miến và bánh đa cua: nước dùng cua đồng, chả lá lốt, rau muống.",Crab noodle soup (miến or bánh đa) with field-crab broth and betel-leaf rolls.,,,,,,,,,,,,,,,,,,,,,openstreetmap,Điểm nhanh từ OpenStreetMap; giá là ước tính theo loại quán — kiểm lại khi đi thực địa.
cha-ca-la-vong,approved,hoan-kiem,food,quick,Chả Cá Lã Vọng,,,21.035684,105.849152,14 Phố Chả Cá,,food; rainy,localFood; groups; indoor,50,150,250,,butter,"Chả cá: cá lăng tẩm nghệ, đảo với thì là và hành ngay tại bàn — đặc sản nổi tiếng của Hà Nội.",Chả cá: turmeric-marinated fish sizzled with dill and spring onion at your table — a famous Hanoi speciality.,,,,,,,,,,,,,,,,,,,,,openstreetmap,Điểm nhanh từ OpenStreetMap; giá là ước tính theo loại quán — kiểm lại khi đi thực địa.
cha-ca-thang-long,approved,hoan-kiem,food,quick,Chả Cá Thăng Long,,,21.032965,105.846123,6B Đường Thành,,food; rainy,localFood; groups; indoor,50,150,250,,butter,"Chả cá: cá lăng tẩm nghệ, đảo với thì là và hành ngay tại bàn — đặc sản nổi tiếng của Hà Nội.",Chả cá: turmeric-marinated fish sizzled with dill and spring onion at your table — a famous Hanoi speciality.,,,,,,,,,,,,,,,,,,,,,openstreetmap,Điểm nhanh từ OpenStreetMap; giá là ước tính theo loại quán — kiểm lại khi đi thực địa.
chao-long-pho-co,approved,hoan-kiem,food,quick,Cháo Lòng Phố Cổ,,,21.036038,105.852097,26 Phố Hàng Buồm,Mo-Su 11:00-14:00,food,localFood,20,30,50,,butter,"Cháo lòng nóng, ăn kèm quẩy — món dân dã cho người thích thử món lạ.",Rice porridge with pork offal and fried dough — a rustic dish for adventurous eaters.,,,,,,,,,,,,,,,,,,,,,openstreetmap,Điểm nhanh từ OpenStreetMap; giá là ước tính theo loại quán — kiểm lại khi đi thực địa.
banh-xeo-nem-cuon-quay,approved,hoan-kiem,food,quick,Bánh xèo - Nem cuốn - Quẩy,,,21.034064,105.849695,22 Phố Hàng Bồ,,food,localFood; groups,30,40,80,,butter,"Bánh xèo giòn, nem cuốn và quẩy — ăn vặt kiểu miền Trung và miền Nam ngay giữa phố cổ.",Crispy sizzling pancakes and fresh spring rolls — central and southern snacks in the Old Quarter.,,,,,,,,,,,,,,,,,,,,,openstreetmap,Điểm nhanh từ OpenStreetMap; giá là ước tính theo loại quán — kiểm lại khi đi thực địa.
nem-phung-nem-chua,approved,hoan-kiem,food,quick,Nem Phùng - Nem Chua,,,21.016732,105.851164,1B Phố Trần Nhân Tông,,food,localFood,15,25,60,,butter,"Nem chua: thịt lên men chua nhẹ, ăn với tỏi ớt — món nhắm vặt quen thuộc.",Nem chua: tangy fermented pork with garlic and chilli — a classic snack.,,,,,,,,,,,,,,,,,,,,,openstreetmap,Điểm nhanh từ OpenStreetMap; giá là ước tính theo loại quán — kiểm lại khi đi thực địa.
nom-mai-nga,approved,hoan-kiem,food,quick,Nộm Mai Nga,,,21.019272,105.852802,25 Phố Hàm Long,,food,localFood,15,25,45,,butter,"Nộm bò khô: đu đủ xanh, bò khô, lạc rang và nước chua ngọt — món ăn vặt bên phố.","Nộm: green papaya salad with dried beef, peanuts and a sweet-and-sour dressing — a street snack.",,,,,,,,,,,,,,,,,,,,,openstreetmap,Điểm nhanh từ OpenStreetMap; giá là ước tính theo loại quán — kiểm lại khi đi thực địa.
nga-banh-chuoi-banh-khoai,approved,hoan-kiem,food,quick,Nga Bánh Chuối Bánh Khoai,,,21.033705,105.847023,2 Phố Hàng Điếu,Mo-Su 14:00-23:00,food,localFood,15,20,40,,butter,"Bánh chuối, bánh khoai, bánh tôm rán nóng giòn — món ăn vặt buổi chiều.","Hot, crispy banana, sweet-potato and shrimp fritters — an afternoon snack.",,,,,,,,,,,,,,,,,,,,,openstreetmap,Điểm nhanh từ OpenStreetMap; giá là ước tính theo loại quán — kiểm lại khi đi thực địa.
oc-bong-quan,approved,hoan-kiem,food,quick,Ốc Bông Quán,,,21.023929,105.856621,,,food,localFood; groups; lively,45,60,150,,butter,"Quán ốc: ốc luộc, ốc xào chấm nước gừng sả — vui nhất khi đi nhóm buổi tối.",Snail house: boiled and stir-fried snails with a ginger-lemongrass dip — most fun with friends in the evening.,,,,,,,,,,,,,,,,,,,,,openstreetmap,Điểm nhanh từ OpenStreetMap; giá là ước tính theo loại quán — kiểm lại khi đi thực địa.
banh-bao-binh-mo,approved,hoan-kiem,food,quick,Bánh bao Bình Mỗ,,,21.029308,105.84648,,,food,localFood,10,15,30,,butter,"Bánh bao nhân thịt hấp nóng — ăn nhanh, rẻ.",Steamed pork buns — quick and cheap.,,,,,,,,,,,,,,,,,,,,,openstreetmap,Điểm nhanh từ OpenStreetMap; giá là ước tính theo loại quán — kiểm lại khi đi thực địa.
cua-hang-banh-goi,approved,hoan-kiem,food,quick,Cửa Hàng Bánh Gối,,,21.0297,105.84917,,,food,localFood,20,25,50,,butter,"Bánh gối rán nhân thịt, miến, mộc nhĩ, ăn với nước chấm và rau sống.","Bánh gối: pillow-shaped fried pastries filled with pork and glass noodles, served with dipping sauce.",,,,,,,,,,,,,,,,,,,,,openstreetmap,Điểm nhanh từ OpenStreetMap; giá là ước tính theo loại quán — kiểm lại khi đi thực địa.
ca-phe-dinh-13,approved,hoan-kiem,food,quick,Cà Phê Đinh,,,21.031999,105.852386,13 Phố Đinh Tiên Hoàng,Mo-Su 07:00-22:00,food; rainy,localFood; indoor,30,35,60,,butter,"Cà phê trứng: lòng đỏ trứng đánh bông với đường, phủ lên cà phê đậm — thức uống đặc trưng của Hà Nội.",Egg coffee: egg yolk whipped with sugar over strong coffee — a Hanoi original.,,,,,,,,,,,,,,,,,,,,,openstreetmap,Điểm nhanh từ OpenStreetMap; giá là ước tính theo loại quán — kiểm lại khi đi thực địa.
ca-phe-hanoi-egg,approved,hoan-kiem,food,quick,Cà Phê Hanoi Egg,,,21.034768,105.854568,,24/7,food; rainy,localFood; indoor,30,35,60,,butter,"Cà phê trứng: lòng đỏ trứng đánh bông với đường, phủ lên cà phê đậm — thức uống đặc trưng của Hà Nội.",Egg coffee: egg yolk whipped with sugar over strong coffee — a Hanoi original.,,,,,,,,,,,,,,,,,,,,,openstreetmap,Điểm nhanh từ OpenStreetMap; giá là ước tính theo loại quán — kiểm lại khi đi thực địa.
hanoi-coffee-station,approved,hoan-kiem,food,quick,Cà Phê Hanoi Station,,,21.031804,105.848416,31 Phố Hàng Mành,Mo-Su 07:30-05:30,food; rainy,indoor; quiet,30,30,70,,butter,"Quán cà phê để nghỉ chân: cà phê phin, cà phê sữa đá, đồ uống mát.","A café to rest your feet: drip coffee, iced milk coffee and cold drinks.",,,,,,,,,,,,,,,,,,,,,openstreetmap,Điểm nhanh từ OpenStreetMap; giá là ước tính theo loại quán — kiểm lại khi đi thực địa.
blackbird-coffee,approved,hoan-kiem,food,quick,Cà Phê Blackbird,,,21.035269,105.848543,63B Phố Lãn Ông,Mo-Su 07:00-21:30,food; rainy,indoor; quiet,30,30,70,,butter,"Quán cà phê để nghỉ chân: cà phê phin, cà phê sữa đá, đồ uống mát.","A café to rest your feet: drip coffee, iced milk coffee and cold drinks.",,,,,,,,,,,,,,,,,,,,,openstreetmap,Điểm nhanh từ OpenStreetMap; giá là ước tính theo loại quán — kiểm lại khi đi thực địa.
loading-t-cafe,approved,hoan-kiem,food,quick,Cà Phê Loading T,,,21.030525,105.848587,8 Phố Chân Cầm,Mo-Su 08:00-23:00,food; rainy,indoor; quiet,30,30,70,,butter,"Quán cà phê để nghỉ chân: cà phê phin, cà phê sữa đá, đồ uống mát.","A café to rest your feet: drip coffee, iced milk coffee and cold drinks.",,,,,,,,,,,,,,,,,,,,,openstreetmap,Điểm nhanh từ OpenStreetMap; giá là ước tính theo loại quán — kiểm lại khi đi thực địa.
hoi-an-corner-cafe,approved,hoan-kiem,food,quick,Cà Phê Hội An,,,21.032326,105.845357,Phố Phùng Hưng,Mo-Su 07:00-22:30,food; rainy,indoor; quiet,30,30,70,,butter,"Quán cà phê để nghỉ chân: cà phê phin, cà phê sữa đá, đồ uống mát.","A café to rest your feet: drip coffee, iced milk coffee and cold drinks.",,,,,,,,,,,,,,,,,,,,,openstreetmap,Điểm nhanh từ OpenStreetMap; giá là ước tính theo loại quán — kiểm lại khi đi thực địa.
1-hang-but-very-good-coffee,approved,hoan-kiem,food,quick,Cà Phê 1 Hàng Bụt,,,21.034836,105.848044,,,food; rainy,indoor; quiet,30,30,70,,butter,"Quán cà phê để nghỉ chân: cà phê phin, cà phê sữa đá, đồ uống mát.","A café to rest your feet: drip coffee, iced milk coffee and cold drinks.",,,,,,,,,,,,,,,,,,,,,openstreetmap,Điểm nhanh từ OpenStreetMap; giá là ước tính theo loại quán — kiểm lại khi đi thực địa.
caphe-kieu-good-milk-coffee,approved,hoan-kiem,food,quick,Cà Phê Kiều,,,21.023226,105.849078,,,food; rainy,indoor; quiet,30,30,70,,butter,"Quán cà phê để nghỉ chân: cà phê phin, cà phê sữa đá, đồ uống mát.","A café to rest your feet: drip coffee, iced milk coffee and cold drinks.",,,,,,,,,,,,,,,,,,,,,openstreetmap,Điểm nhanh từ OpenStreetMap; giá là ước tính theo loại quán — kiểm lại khi đi thực địa.
nghien-cafe-museum,approved,hoan-kiem,food,quick,Nghien Cafe Museum,,,21.023199,105.851428,38 Phố Lý Thường Kiệt,,food; rainy,indoor; quiet,30,30,70,,butter,"Quán cà phê để nghỉ chân: cà phê phin, cà phê sữa đá, đồ uống mát.","A café to rest your feet: drip coffee, iced milk coffee and cold drinks.",,,,,,,,,,,,,,,,,,,,,openstreetmap,Điểm nhanh từ OpenStreetMap; giá là ước tính theo loại quán — kiểm lại khi đi thực địa.
the-note-coffee,approved,hoan-kiem,food,quick,The Note Coffee,,,21.031621,105.850845,64 Phố Lương Văn Can,,food; rainy,indoor; quiet,30,30,70,,butter,"Quán cà phê để nghỉ chân: cà phê phin, cà phê sữa đá, đồ uống mát.","A café to rest your feet: drip coffee, iced milk coffee and cold drinks.",,,,,,,,,,,,,,,,,,,,,openstreetmap,Điểm nhanh từ OpenStreetMap; giá là ước tính theo loại quán — kiểm lại khi đi thực địa.
xliii-coffee,approved,hoan-kiem,food,quick,XLIII Coffee,,,21.026737,105.850088,Phố Quang Trung,Mo-Su 06:30-22:30,food; rainy,indoor; quiet,30,30,70,,butter,"Quán cà phê để nghỉ chân: cà phê phin, cà phê sữa đá, đồ uống mát.","A café to rest your feet: drip coffee, iced milk coffee and cold drinks.",,,,,,,,,,,,,,,,,,,,,openstreetmap,Điểm nhanh từ OpenStreetMap; giá là ước tính theo loại quán — kiểm lại khi đi thực địa.
helio-coffee,approved,hoan-kiem,food,quick,Helio Coffee,,,21.021686,105.850517,,,food; rainy,indoor; quiet,30,30,70,,butter,"Quán cà phê để nghỉ chân: cà phê phin, cà phê sữa đá, đồ uống mát.","A café to rest your feet: drip coffee, iced milk coffee and cold drinks.",,,,,,,,,,,,,,,,,,,,,openstreetmap,Điểm nhanh từ OpenStreetMap; giá là ước tính theo loại quán — kiểm lại khi đi thực địa.
tranquil-books-coffee,approved,hoan-kiem,food,quick,Tranquil Books & Coffee,,,21.032504,105.845495,5 Phố Nguyễn Quang Bích,Mo-Su 08:00-22:30,food; rainy,indoor; quiet,40,35,70,,butter,Quán cà phê kiêm hiệu sách — chỗ ngồi yên tĩnh để đọc và nghỉ chân.,A café that doubles as a bookshop — a quiet place to read and rest.,,,,,,,,,,,,,,,,,,,,,openstreetmap,Điểm nhanh từ OpenStreetMap; giá là ước tính theo loại quán — kiểm lại khi đi thực địa.
trang-tien-ice-cream,approved,hoan-kiem,food,quick,Kem Tràng Tiền,,,21.024943,105.854749,Phố Tràng Tiền,,food,localFood; lively,10,10,30,,butter,"Kem que, kem cốc giá rẻ — món giải nhiệt quen thuộc của người Hà Nội.","Cheap, old-school ice cream — how Hanoians cool down.",,,,,,,,,,,,,,,,,,,,,openstreetmap,Điểm nhanh từ OpenStreetMap; giá là ước tính theo loại quán — kiểm lại khi đi thực địa.
kem-thuy-ta,approved,hoan-kiem,food,quick,Kem Thủy Tạ,,,21.030935,105.851115,,,food,localFood; lively,10,10,30,,butter,"Kem que, kem cốc giá rẻ — món giải nhiệt quen thuộc của người Hà Nội.","Cheap, old-school ice cream — how Hanoians cool down.",,,,,,,,,,,,,,,,,,,,,openstreetmap,Điểm nhanh từ OpenStreetMap; giá là ước tính theo loại quán — kiểm lại khi đi thực địa.
tra-chanh-pho-co,approved,hoan-kiem,food,quick,Trà Chanh Phố Cổ,,,21.035883,105.853219,25 Đào Duy Từ,,food,localFood; lively,20,15,30,,butter,"Trà chanh vỉa hè: ngồi ghế nhựa, nhâm nhi trà và hạt hướng dương, ngắm phố.","Street-side lime tea on plastic stools — sip, crack sunflower seeds and watch the street.",,,,,,,,,,,,,,,,,,,,,openstreetmap,Điểm nhanh từ OpenStreetMap; giá là ước tính theo loại quán — kiểm lại khi đi thực địa.
uu-dam-chay,approved,hoan-kiem,food,quick,Ưu Đàm Chay,,,21.018772,105.84814,55 Phố Nguyễn Du,Mo-Su 10:30-21:30,food; rainy,indoor,45,50,150,,butter,"Quán chay: món Việt nấu chay, nhiều lựa chọn cho người ăn chay.",Vegetarian place: Vietnamese dishes made plant-based.,,,,,,,,,,,,,,,,,,,,,openstreetmap,Điểm nhanh từ OpenStreetMap; giá là ước tính theo loại quán — kiểm lại khi đi thực địa.
me-an-vegetarian,approved,hoan-kiem,food,quick,Nhà Hàng Chay Me&An Vegetarian,,,21.020204,105.850731,61 Phố Hàm Long,,food; rainy,indoor,45,50,150,,butter,"Quán chay: món Việt nấu chay, nhiều lựa chọn cho người ăn chay.",Vegetarian place: Vietnamese dishes made plant-based.,,,,,,,,,,,,,,,,,,,,,openstreetmap,Điểm nhanh từ OpenStreetMap; giá là ước tính theo loại quán — kiểm lại khi đi thực địa.
quan-an-ngon,approved,hoan-kiem,food,quick,Quán Ăn Ngon - Phan Bội Châu,,,21.026261,105.843416,18 Phố Phan Bội Châu,Mo-Su 06:45-22:00,food; rainy,groups; indoor,60,120,300,,butter,"Nhà hàng món Việt, hợp để ngồi ăn một bữa đầy đủ cùng gia đình hoặc nhóm bạn.",A Vietnamese restaurant for a proper sit-down meal with family or friends.,,,,,,,,,,,,,,,,,,,,,openstreetmap,Điểm nhanh từ OpenStreetMap; giá là ước tính theo loại quán — kiểm lại khi đi thực địa.
porte-d-annam,approved,hoan-kiem,food,quick,Porte D' Annam,,,21.029047,105.849678,22 Phố Nhà Thờ,Mo-Su 10:00-22:00,food; rainy,groups; indoor,60,120,300,,butter,"Nhà hàng món Việt, hợp để ngồi ăn một bữa đầy đủ cùng gia đình hoặc nhóm bạn.",A Vietnamese restaurant for a proper sit-down meal with family or friends.,,,,,,,,,,,,,,,,,,,,,openstreetmap,Điểm nhanh từ OpenStreetMap; giá là ước tính theo loại quán — kiểm lại khi đi thực địa.
hong-hoais-restaurant,approved,hoan-kiem,food,quick,Nhà Hàng Hồng Hoài,,,21.033791,105.847462,20 Phố Bát Đàn,Mo-Su 10:00-22:00,food; rainy,groups; indoor,60,120,300,,butter,"Nhà hàng món Việt, hợp để ngồi ăn một bữa đầy đủ cùng gia đình hoặc nhóm bạn.",A Vietnamese restaurant for a proper sit-down meal with family or friends.,,,,,,,,,,,,,,,,,,,,,openstreetmap,Điểm nhanh từ OpenStreetMap; giá là ước tính theo loại quán — kiểm lại khi đi thực địa.
au-o,approved,hoan-kiem,food,quick,Nhà Hàng Ầu Ơ Bếp Việt,,,21.021365,105.856687,15 Phố Lý Thường Kiệt,,food; rainy,groups; indoor,60,120,300,,butter,"Nhà hàng món Việt, hợp để ngồi ăn một bữa đầy đủ cùng gia đình hoặc nhóm bạn.",A Vietnamese restaurant for a proper sit-down meal with family or friends.,,,,,,,,,,,,,,,,,,,,,openstreetmap,Điểm nhanh từ OpenStreetMap; giá là ước tính theo loại quán — kiểm lại khi đi thực địa.
madam-tu-hong,approved,hoan-kiem,food,quick,Madam Tư Hồng,,,21.028801,105.845737,5 Ngõ Hội Vũ,"Mo-Su 11:00-14:00,17:00-22:00",food; rainy,groups; indoor,60,120,300,,butter,"Nhà hàng món Việt, hợp để ngồi ăn một bữa đầy đủ cùng gia đình hoặc nhóm bạn.",A Vietnamese restaurant for a proper sit-down meal with family or friends.,,,,,,,,,,,,,,,,,,,,,openstreetmap,Điểm nhanh từ OpenStreetMap; giá là ước tính theo loại quán — kiểm lại khi đi thực địa.
ha-thanh-mansion,approved,hoan-kiem,food,quick,Hà Thành Mansion,,,21.020882,105.84904,14 Phố Ngô Văn Sở,"Mo-Su 10:00-14:00, 17:00-22:00",food; rainy,groups; indoor,60,120,300,,butter,"Nhà hàng món Việt, hợp để ngồi ăn một bữa đầy đủ cùng gia đình hoặc nhóm bạn.",A Vietnamese restaurant for a proper sit-down meal with family or friends.,,,,,,,,,,,,,,,,,,,,,openstreetmap,Điểm nhanh từ OpenStreetMap; giá là ước tính theo loại quán — kiểm lại khi đi thực địa.
tung-s-kitchen,approved,hoan-kiem,food,quick,Tung's Kitchen,,,21.031354,105.848979,2 Phố Hàng Bông,Mo-Su 10:00-22:00,food; rainy,groups; indoor,60,120,300,,butter,"Nhà hàng món Việt, hợp để ngồi ăn một bữa đầy đủ cùng gia đình hoặc nhóm bạn.",A Vietnamese restaurant for a proper sit-down meal with family or friends.,,,,,,,,,,,,,,,,,,,,,openstreetmap,Điểm nhanh từ OpenStreetMap; giá là ước tính theo loại quán — kiểm lại khi đi thực địa.
august-cinema,approved,hoan-kiem,fun,quick,Rạp Tháng 8,,,21.021466,105.852601,45 Phố Hàng Bài,,fun; rainy,indoor; groups,120,70,150,,teal,Rạp chiếu phim — lựa chọn cho buổi tối hoặc ngày mưa.,Cinema — a plan for the evening or a rainy day.,,,,,,,,,,,,,,,,,,,,,openstreetmap,Điểm nhanh từ OpenStreetMap; giá là ước tính theo loại quán — kiểm lại khi đi thực địa.
cgv-cinema,approved,hoan-kiem,fun,quick,Rạp CGV,,,21.024591,105.853301,,,fun; rainy,indoor; groups,120,70,150,,teal,Rạp chiếu phim — lựa chọn cho buổi tối hoặc ngày mưa.,Cinema — a plan for the evening or a rainy day.,,,,,,,,,,,,,,,,,,,,,openstreetmap,Điểm nhanh từ OpenStreetMap; giá là ước tính theo loại quán — kiểm lại khi đi thực địa.
rap-kim-dong,approved,hoan-kiem,fun,quick,Rạp Kim Đồng,,,21.023757,105.853236,19 Phố Hàng Bài,,fun; rainy,indoor; groups,120,70,150,,teal,Rạp chiếu phim — lựa chọn cho buổi tối hoặc ngày mưa.,Cinema — a plan for the evening or a rainy day.,,,,,,,,,,,,,,,,,,,,,openstreetmap,Điểm nhanh từ OpenStreetMap; giá là ước tính theo loại quán — kiểm lại khi đi thực địa.
peri-pool-arena,approved,hoan-kiem,fun,quick,Peri Pool Arena,,,21.03048,105.859296,64 Đường Bạch Đằng,,fun,groups,90,50,100,,teal,"Bể bơi — bơi và giải nhiệt, hợp với gia đình có trẻ em.",Swimming pool — cool off; good for families with kids.,,,,,,,,,,,,,,,,,,,,,openstreetmap,Điểm nhanh từ OpenStreetMap; giá là ước tính theo loại quán — kiểm lại khi đi thực địa.
be-boi-tang-bat-ho,approved,hoan-kiem,fun,quick,Bể bơi Tăng Bạt Hổ,,,21.015231,105.85925,,,fun,groups,90,50,100,,teal,"Bể bơi — bơi và giải nhiệt, hợp với gia đình có trẻ em.",Swimming pool — cool off; good for families with kids.,,,,,,,,,,,,,,,,,,,,,openstreetmap,Điểm nhanh từ OpenStreetMap; giá là ước tính theo loại quán — kiểm lại khi đi thực địa.
jump-arena-tang-bat-ho,approved,hoan-kiem,fun,quick,Jump Arena Tăng Bạt Hổ,,,21.015954,105.859083,1 Phố Tăng Bạt Hổ,Mo-Su 09:00-20:00,fun; rainy,indoor; groups; lively,90,100,200,,teal,Khu nhảy bạt lò xo trong nhà — trẻ em và nhóm bạn đều thích.,Indoor trampoline park — loved by kids and groups of friends.,,,,,,,,,,,,,,,,,,,,,openstreetmap,Điểm nhanh từ OpenStreetMap; giá là ước tính theo loại quán — kiểm lại khi đi thực địa.
san-bong-da-ven-de-3,approved,hoan-kiem,fun,quick,Sân bóng đá Ven Đê 3,,,21.029747,105.871305,,,fun,groups,90,30,80,,teal,Sân bóng đá mini cho thuê theo giờ — đá giao hữu với nhóm bạn.,A five-a-side pitch for hire by the hour — a kickabout with friends.,,,,,,,,,,,,,,,,,,,,,openstreetmap,Điểm nhanh từ OpenStreetMap; giá là ước tính theo loại quán — kiểm lại khi đi thực địa.
hang-ay-stadium,approved,hoan-kiem,fun,quick,Sân vận động Hàng Đẫy,,,21.02987,105.832925,9 Phố Trịnh Hoài Đức,,fun,groups; lively,120,50,150,,teal,Sân vận động — vào xem khi có trận bóng đá.,Football stadium — catch a match when one is on.,,,,,,,,,,,,,,,,,,,,Q1817188,openstreetmap,Điểm nhanh từ OpenStreetMap; giá là ước tính theo loại quán — kiểm lại khi đi thực địa.
bach-thao-roller-skating-rink-and-cafe,approved,hoan-kiem,fun,quick,Bach Thao Roller Skating Rink and Cafe,,,21.041691,105.833349,,,fun,groups; lively,60,50,120,,teal,Sân trượt patin kèm quán cà phê.,A roller-skating rink with a café.,,,,,,,,,,,,,,,,,,,,,openstreetmap,Điểm nhanh từ OpenStreetMap; giá là ước tính theo loại quán — kiểm lại khi đi thực địa.
ninex-pickelball-clb,approved,hoan-kiem,fun,quick,NineX Pickleball CLB,,,21.029046,105.875071,,,fun,groups,60,50,150,,teal,Sân pickleball cho thuê theo giờ — môn thể thao đang rất thịnh ở Hà Nội.,Pickleball courts for hire — the sport everyone in Hanoi is playing right now.,,,,,,,,,,,,,,,,,,,,,openstreetmap,Điểm nhanh từ OpenStreetMap; giá là ước tính theo loại quán — kiểm lại khi đi thực địa.
sua-ba-vi,approved,ba-vi,food,quick,Sữa Ba Vì,,,21.128606,105.515058,,,food,localFood,20,20,80,,butter,"Sản phẩm từ sữa bò Ba Vì như sữa chua, sữa tươi, bánh sữa — đặc sản của vùng đồi Ba Vì.","Ba Vì dairy — yoghurt, fresh milk and milk sweets from the hill farms, a local speciality.",,,,,,,,,,,,,,,,,,,,,openstreetmap,Điểm nhanh từ OpenStreetMap; giá là ước tính theo loại quán — kiểm lại khi đi thực địa.
huong-quynh-trau-ngon-36-mon,approved,ba-vi,food,quick,Hương Quỳnh - Trâu Ngon 36 Món,,,21.21493,105.403835,,,food,groups; localFood,60,120,250,,butter,Nhà hàng chuyên các món thịt trâu.,A restaurant specialising in buffalo-meat dishes.,,,,,,,,,,,,,,,,,,,,,openstreetmap,Điểm nhanh từ OpenStreetMap; giá là ước tính theo loại quán — kiểm lại khi đi thực địa.
nha-hang-ban-cooc-garden,approved,ba-vi,food,quick,Nhà hàng Bản Coốc Garden,,,21.066218,105.325837,,24/7,food,groups,60,100,250,,butter,Nhà hàng ở vùng Ba Vì — chỗ nghỉ ăn trưa giữa hành trình.,A restaurant in the Ba Vì area — a lunch stop on the road.,,,,,,,,,,,,,,,,,,,,,openstreetmap,Điểm nhanh từ OpenStreetMap; giá là ước tính theo loại quán — kiểm lại khi đi thực địa.
nha-hang-quyet-coi,approved,ba-vi,food,quick,Nhà hàng Quyết Còi,,,21.138103,105.299981,,,food,groups,60,100,250,,butter,Nhà hàng ở vùng Ba Vì — chỗ nghỉ ăn trưa giữa hành trình.,A restaurant in the Ba Vì area — a lunch stop on the road.,,,,,,,,,,,,,,,,,,,,,openstreetmap,Điểm nhanh từ OpenStreetMap; giá là ước tính theo loại quán — kiểm lại khi đi thực địa.
nha-hang-k,approved,ba-vi,food,quick,Nhà hàng K,,,21.117207,105.326552,,,food,groups,60,100,250,,butter,Nhà hàng ở vùng Ba Vì — chỗ nghỉ ăn trưa giữa hành trình.,A restaurant in the Ba Vì area — a lunch stop on the road.,,,,,,,,,,,,,,,,,,,,,openstreetmap,Điểm nhanh từ OpenStreetMap; giá là ước tính theo loại quán — kiểm lại khi đi thực địa.
quan-pho-ba-beo,approved,ba-vi,food,quick,Quán Phở Bà Béo,,,21.143088,105.503332,Phố Đinh Tiên Hoàng,,food,localFood,30,40,70,,butter,"Phở nước dùng trong, bánh phở mềm, ăn kèm quẩy — bữa sáng quen thuộc của người Hà Nội.","Rice noodles in a clear, slow-cooked broth, with fried dough on the side — the classic Hanoi breakfast.",,,,,,,,,,,,,,,,,,,,,openstreetmap,Điểm nhanh từ OpenStreetMap; giá là ước tính theo loại quán — kiểm lại khi đi thực địa.
cua-hang-bun-bay-cuong,approved,ba-vi,food,quick,Cửa Hàng Bún Bẩy Cường,,,21.029647,105.51737,,,food,localFood,25,35,55,,butter,"Bún riêu cua: nước dùng cua đồng chua nhẹ vị cà chua, ăn kèm đậu rán và rau sống.",Bún riêu: rice noodles in a light tomato-and-crab broth with fried tofu and fresh herbs.,,,,,,,,,,,,,,,,,,,,,openstreetmap,Điểm nhanh từ OpenStreetMap; giá là ước tính theo loại quán — kiểm lại khi đi thực địa.
coffee-may,approved,ba-vi,food,quick,Cà Phê Mây,,,21.143591,105.502483,Đường Phú Hà,,food; rainy,indoor; quiet,30,30,70,,butter,"Quán cà phê để nghỉ chân: cà phê phin, cà phê sữa đá, đồ uống mát.","A café to rest your feet: drip coffee, iced milk coffee and cold drinks.",,,,,,,,,,,,,,,,,,,,,openstreetmap,Điểm nhanh từ OpenStreetMap; giá là ước tính theo loại quán — kiểm lại khi đi thực địa.
ben-thuy,approved,ba-vi,food,quick,Bến Thủy,,,21.164558,105.376123,,,food; rainy,indoor; quiet,30,30,70,,butter,"Quán cà phê để nghỉ chân: cà phê phin, cà phê sữa đá, đồ uống mát.","A café to rest your feet: drip coffee, iced milk coffee and cold drinks.",,,,,,,,,,,,,,,,,,,,,openstreetmap,Điểm nhanh từ OpenStreetMap; giá là ước tính theo loại quán — kiểm lại khi đi thực địa.
rap-2-9,approved,ba-vi,fun,quick,Rạp 2-9,,,21.14396,105.505954,9 Phố Lê Lai,,fun; rainy,indoor; groups,120,70,150,,teal,Rạp chiếu phim — lựa chọn cho buổi tối hoặc ngày mưa.,Cinema — a plan for the evening or a rainy day.,,,,,,,,,,,,,,,,,,,,,openstreetmap,Điểm nhanh từ OpenStreetMap; giá là ước tính theo loại quán — kiểm lại khi đi thực địa.
khu-cam-trai-son-tinh-camp,approved,ba-vi,fun,quick,Khu Cắm trại Sơn Tinh Camp,,,21.048652,105.399988,,,fun; photo,groups; photo,180,50,200,,teal,Khu cắm trại trong rừng dưới chân núi Ba Vì — hợp đi nhóm và gia đình.,A forest campsite at the foot of Ba Vì mountain — good for groups and families.,,,,,,,,,,,,,,,,,,,,,openstreetmap,Điểm nhanh từ OpenStreetMap; giá là ước tính theo loại quán — kiểm lại khi đi thực địa.
dong-mo-reservoir,approved,ba-vi,sight,quick,Hồ Đồng Mô,,,21.05654,105.46575,,,photo,photo; quiet,45,0,50,,leaf,"Hồ nước rộng giữa vùng đồi Ba Vì — ngắm cảnh, chụp ảnh, dạo ven hồ.","A wide lake among the Ba Vì hills — views, photos and a lakeside stroll.",,,,,,,,,,,,,,,,,,,,,openstreetmap,Điểm nhanh từ OpenStreetMap; giá là ước tính theo loại quán — kiểm lại khi đi thực địa.
xuan-khanh-lake,approved,ba-vi,sight,quick,Hồ Xuân Khanh,,,21.12682,105.435497,,,photo,photo; quiet,45,0,50,,leaf,"Hồ nước rộng giữa vùng đồi Ba Vì — ngắm cảnh, chụp ảnh, dạo ven hồ.","A wide lake among the Ba Vì hills — views, photos and a lakeside stroll.",,,,,,,,,,,,,,,,,,,,,openstreetmap,Điểm nhanh từ OpenStreetMap; giá là ước tính theo loại quán — kiểm lại khi đi thực địa.
long-pond,approved,ba-vi,sight,quick,Đầm Long,,,21.175954,105.335392,,,photo,photo; quiet,45,0,50,,leaf,"Hồ nước rộng giữa vùng đồi Ba Vì — ngắm cảnh, chụp ảnh, dạo ven hồ.","A wide lake among the Ba Vì hills — views, photos and a lakeside stroll.",,,,,,,,,,,,,,,,,,,,,openstreetmap,Điểm nhanh từ OpenStreetMap; giá là ước tính theo loại quán — kiểm lại khi đi thực địa.
ao-vua,approved,ba-vi,fun,quick,Ao Vua,,,21.097639,105.375386,,,fun; photo,groups; photo,120,50,150,,teal,"Khu du lịch Ao Vua dưới chân núi Ba Vì: thác nước, hồ bơi và rừng cây — hợp đi gia đình ngày hè.","Ao Vua resort area at the foot of Ba Vì: a waterfall, pools and forest — good for a family summer day.",,,,,,,,,,,,,,,,,,,,,openstreetmap,Điểm nhanh từ OpenStreetMap; giá là ước tính theo loại quán — kiểm lại khi đi thực địa.
dinh-vua,approved,ba-vi,sight,quick,Đỉnh Vua,,,21.057996,105.367347,,,photo,photo; iconic,60,0,60,,leaf,"Đỉnh cao nhất dãy Ba Vì (1.296 m), trong Vườn quốc gia Ba Vì — ngày quang mây nhìn xuống cả vùng đồng bằng.","The highest peak of the Ba Vì range (1,296 m), inside Ba Vì National Park — on a clear day you see the whole plain below.",,,,,,,,,,,,,,,,,,,,,openstreetmap,Điểm nhanh từ OpenStreetMap; giá là ước tính theo loại quán — kiểm lại khi đi thực địa.
dinh-ngoc-hoa,approved,ba-vi,sight,quick,Đỉnh Ngọc Hoa,,,21.069448,105.358007,,,photo,photo; quiet,60,0,60,,leaf,"Một trong ba đỉnh chính của dãy Ba Vì (1.131 m), đường lên có rừng thông và mây mù.","One of the three main peaks of the Ba Vì range (1,131 m), reached through pine forest and mist.",,,,,,,,,,,,,,,,,,,,,openstreetmap,Điểm nhanh từ OpenStreetMap; giá là ước tính theo loại quán — kiểm lại khi đi thực địa.
french-ruins,approved,ba-vi,sight,quick,Phế tích Pháp,,,21.074341,105.364522,,,photo; history,photo; quiet,30,0,0,,leaf,"Phế tích công trình thời Pháp thuộc trong rừng Vườn quốc gia Ba Vì — tường gạch phủ rêu, rễ cây ôm, góc chụp ảnh hoài cổ.","Ruins of a French-era building in the Ba Vì forest — moss-covered brick walls wrapped in tree roots, a moody photo spot.",,,,,,,,,,,,,,,,,,,,,openstreetmap,Điểm nhanh từ OpenStreetMap; giá là ước tính theo loại quán — kiểm lại khi đi thực địa.
khu-trung-bay-may-bay,approved,ba-vi,sight,quick,Khu trưng bày máy bay Sơn Tây,,,21.140398,105.504919,,,history; photo,free; photo,20,0,0,,teal,"Khu trưng bày máy bay quân sự ngoài trời ở Sơn Tây, có tiêm kích MiG-21 và trực thăng Mi-8.","An open-air display of military aircraft in Sơn Tây, including a MiG-21 fighter and a Mi-8 helicopter.",,,,,,,,,,,,,,,,,,,,,openstreetmap,Điểm nhanh từ OpenStreetMap; giá là ước tính theo loại quán — kiểm lại khi đi thực địa.
ba-vi-national-park,approved,ba-vi,sight,full,Vườn quốc gia Ba Vì,,,21.018378,105.40799,,,photo; culture,iconic; photo; groups,180,40,80,,leaf,"Rừng, mây và ba đỉnh núi thiêng ngay cạnh Hà Nội.","Forest, clouds and three sacred peaks right next to Hanoi.","Vườn quốc gia Ba Vì được thành lập năm 1991, rộng khoảng 10.800 ha, cách trung tâm Hà Nội chừng 50 km. Dãy núi có ba đỉnh chính: đỉnh Vua cao 1.296 m, đỉnh Tản Viên 1.227 m và đỉnh Ngọc Hoa 1.131 m. Cả khối núi là một ngọn núi lửa cổ đã ngừng hoạt động từ hàng trăm triệu năm trước. Người xưa gọi đây là núi Tản và coi là núi thiêng — nơi ngự của Tản Viên Sơn Thánh, chính là Sơn Tinh trong truyền thuyết Sơn Tinh – Thủy Tinh. Rừng ở đây có hơn một nghìn loài thực vật, trong đó khoảng hai trăm loài cây thuốc.","Ba Vì National Park was created in 1991. It covers about 10,800 hectares, some 50 km from central Hanoi. The range has three main peaks: King Peak at 1,296 m, Tản Viên at 1,227 m and Ngọc Hoa at 1,131 m. The whole massif is an ancient volcano that went quiet hundreds of millions of years ago. People have long called it Mount Tản and treated it as sacred — the home of Tản Viên Sơn Thánh, the Mountain God of the famous legend of the Mountain God and the Water God. The forest holds more than a thousand plant species, around two hundred of them medicinal.","Trong một ngày từ Hà Nội, bạn đổi phố phường lấy rừng thông, mây mù và không khí mát hẳn — lại gắn với một truyền thuyết ai cũng biết.","In a day trip from Hanoi you swap busy streets for pine forest, mist and cool air — tied to a legend every Vietnamese child knows.",Đi sớm để có mây vờn quanh đỉnh; rừng thông trên đường lên là góc chụp chân dung đẹp.,Go early to catch clouds drifting around the peaks; the pine forest on the way up makes great portraits.,"Không bẻ cây, hái hoa hay xả rác trong rừng. Trên núi lạnh và ẩm hơn dưới xuôi — mang áo khoác và giày bám tốt.",Don’t pick plants or leave litter in the forest. It is colder and damper up the mountain — bring a jacket and good shoes.,Đỉnh cao nhất của dãy Ba Vì tên là gì?,What is the highest peak of the Ba Vì range called?,Đỉnh Vua,King Peak (Đỉnh Vua),Đỉnh Tản Viên,Tản Viên Peak,Đỉnh Ngọc Hoa,Ngọc Hoa Peak,1,Tên đỉnh là một tước hiệu cao nhất của triều đình.,Its name is the highest title in a royal court.,Q1134517,wikipedia:vi:Vườn_quốc_gia_Ba_Vì; wikipedia:en:Ba_Vì_National_Park,Đã duyệt 2026-09-27. Nội dung AI viết nháp dựa trên tư liệu; giá vé là ước tính.
son-tay-ancient-citadel,approved,ba-vi,sight,full,Thành cổ Sơn Tây,,,21.139133,105.504492,,,history; photo,history; photo; free,45,0,20,,brick,Tòa thành đá ong gần 200 tuổi giữa lòng phố Sơn Tây.,A 200-year-old laterite fortress in the heart of Sơn Tây.,"Năm 1822, vua Minh Mạng cho xây thành Sơn Tây để giữ vùng đất phía tây bắc kinh thành. Thành xây theo lối Vauban của phương Tây, tường bằng đá ong màu nâu đỏ, bốn cổng xây gạch, có hào nước bao quanh. Sơn Tây khi ấy là một trong bốn trấn quan trọng che chở cho Thăng Long. Những năm 1870–1880, nơi đây là căn cứ chống Pháp của quan quân nhà Nguyễn; thành thất thủ ngày 16 tháng 12 năm 1883. Năm 1994, thành được công nhận là di tích lịch sử – kiến trúc quốc gia, và là một trong số ít tòa thành thời Minh Mạng còn lại đến nay.","In 1822 Emperor Minh Mạng had the Sơn Tây citadel built to guard the lands north-west of the capital. It follows the Western Vauban style: reddish-brown laterite walls, four brick gates and a moat all around. Sơn Tây was then one of the four key provinces shielding Thăng Long. In the 1870s and 1880s it was a Nguyễn stronghold against the French, and it fell on 16 December 1883. It was listed as a national historic site in 1994 and is one of the few Minh Mạng-era citadels still standing.","Đá ong là “chữ ký” của xứ Đoài — ở đây bạn thấy cả một tòa thành làm từ nó, vẫn còn nguyên hào nước và cổng cổ.","Laterite is the signature stone of this region — here a whole fortress is built from it, moat and old gates still in place.","Chụp cổng thành từ bên kia hào nước, lúc nắng chiều làm đá ong đỏ lên.","Shoot a gate from across the moat in late-afternoon light, when the laterite glows red.",Không leo trèo lên tường thành và cổng cổ.,Please don’t climb the walls or the old gates.,Tường thành Sơn Tây được xây chủ yếu bằng vật liệu gì?,What is the Sơn Tây citadel wall mainly built from?,Đá ong,Laterite stone,Gạch men,Glazed tiles,Bê tông,Concrete,1,"Đá màu nâu đỏ, bề mặt lỗ chỗ như tổ ong.","A reddish stone full of little holes, like a honeycomb.",Q4240280,wikipedia:vi:Thành_cổ_Sơn_Tây,Đã duyệt 2026-09-27. Nội dung AI viết nháp dựa trên tư liệu; giá vé là ước tính.
ho-suoi-hai,approved,ba-vi,sight,full,Hồ Suối Hai,,,21.146783,105.39091,,,photo,photo; quiet,60,0,50,,teal,"Mặt hồ rộng in bóng núi Tản, lấm tấm đảo nhỏ.","A wide lake mirroring Mount Tản, dotted with small islands.","Hồ Suối Hai là hồ nhân tạo, khởi công cuối năm 1958 và khánh thành năm 1964. Hồ chứa khoảng 46,8 triệu mét khối nước, dẫn nước tưới cho hơn 7.000 ha ruộng đồng quanh vùng. Lòng hồ có 14 hòn đảo lớn nhỏ, phía xa là dãy núi Tản. Từ một công trình thủy lợi, Suối Hai dần thành điểm dã ngoại quen thuộc của người Hà Nội.","Suối Hai is a man-made lake: work began at the end of 1958 and it opened in 1964. It holds about 46.8 million cubic metres of water and irrigates more than 7,000 hectares of farmland. Fourteen islands dot the water, with the Tản mountains behind. Built for farming, it has become a favourite picnic spot for Hanoians.",Một hồ “làm ruộng” mà đẹp như tranh — nơi hiếm hoi gần Hà Nội có mặt nước rộng và núi làm nền.,A lake built for rice fields that looks like a painting — one of the few places near Hanoi with wide water and mountains behind it.,Chiều muộn đứng trên bờ đê nhìn về phía núi — mặt hồ phẳng sẽ phản chiếu dãy Tản.,"Late afternoon, stand on the dam looking toward the mountains — the calm water mirrors the range.","Hồ là nguồn nước tưới: không xả rác, không tắm ở chỗ có biển cấm.","The lake waters the fields: no litter, and no swimming where signs forbid it.",Hồ Suối Hai được xây dựng chủ yếu để làm gì?,What was Suối Hai lake mainly built for?,Dẫn nước tưới ruộng,Irrigating farmland,Làm bể bơi cho khách du lịch,A swimming pool for tourists,Nuôi cá cảnh,Breeding ornamental fish,1,Nó giúp hơn 7.000 ha đồng ruộng có nước.,"It keeps more than 7,000 hectares of fields watered.",Q10771991,wikipedia:vi:Hồ_Suối_Hai,Đã duyệt 2026-09-27. Nội dung AI viết nháp dựa trên tư liệu; giá vé là ước tính.
village-for-ethnic-culture-and-tourism,approved,ba-vi,sight,full,Làng Văn hóa - Du lịch các Dân tộc Việt Nam,,,21.041548,105.463239,,,culture; photo,cultural; groups; photo,120,0,100,,brick,"Nhà cửa, trang phục và lễ hội của các dân tộc Việt Nam ở một nơi.","Houses, dress and festivals of Vietnam’s ethnic groups in one place.","Làng nằm cạnh hồ Đồng Mô, được xây dựng để giới thiệu văn hóa của 54 dân tộc Việt Nam. Mỗi khu làng dựng lại kiểu nhà truyền thống — nhà sàn, nhà rông, nhà trình tường… — và thường có đồng bào các dân tộc về sinh sống, biểu diễn, tổ chức lễ hội. Chỉ một buổi, bạn có thể đi qua kiến trúc và phong tục của nhiều vùng từ núi cao phía Bắc đến Tây Nguyên.","The village sits beside Đồng Mô lake and was built to present the cultures of Vietnam’s 54 ethnic groups. Each hamlet rebuilds a traditional house type — stilt houses, communal rông houses, rammed-earth homes — and people from the communities often live, perform and hold festivals there. In one afternoon you walk through the architecture and customs of regions from the northern mountains to the Central Highlands.",Cách dễ nhất để thấy Việt Nam không chỉ có người Kinh — rất hợp cho gia đình có trẻ em.,The easiest way to see that Vietnam is far more than one culture — great for families with kids.,Nhà rông với mái cao vút là góc chụp ấn tượng nhất; xin phép trước khi chụp người.,The tall-roofed rông house is the most striking shot; ask before photographing people.,Xin phép trước khi vào nhà hoặc chụp ảnh người dân; không chạm vào đồ thờ.,Ask before entering a house or photographing people; don’t touch altars or ritual objects.,Việt Nam có bao nhiêu dân tộc?,How many ethnic groups does Vietnam officially have?,54,54,64,64,45,45,1,"Một số chẵn, lớn hơn 50 một chút.","An even number, just over 50.",,kiến thức chung — cần đối chiếu,Đã duyệt 2026-09-27. Nội dung AI viết nháp dựa trên tư liệu; giá vé là ước tính.
dinh-mong-phu,approved,ba-vi,sight,full,Đình Mông Phụ (làng cổ Đường Lâm),,,21.158467,105.470445,,,culture; history; photo,cultural; history; photo,30,0,20,,brick,Ngôi đình gần 500 tuổi ở trái tim làng cổ Đường Lâm.,A nearly 500-year-old communal house at the heart of Đường Lâm village.,"Đình Mông Phụ nằm trên khu đất cao nhất, ở trung tâm làng cổ Đường Lâm. Đình được dựng năm 1533 thời vua Mạc Đăng Doanh, sửa lần đầu năm 1858 và đại tu năm 2006–2008, nhưng vẫn giữ kiến trúc và điêu khắc từ đầu thế kỷ 19. Đình thờ Tản Viên Sơn Thánh. Hai bên đình có hai giếng cổ mà dân làng gọi là “hai mắt rồng”. Mái đình võng nhẹ, góc mái cong vút thành hình rồng; các đầu xà chạm rồng, hổ, cá, chim, mây.","Mông Phụ communal house stands on the highest ground at the centre of Đường Lâm’s old village. It was built in 1533 under King Mạc Đăng Doanh, first repaired in 1858 and restored in 2006–2008, yet it keeps its early-19th-century structure and carvings. It honours Tản Viên Sơn Thánh, the mountain god of Ba Vì. Two old wells flank it — villagers call them the “dragon’s eyes”. The roof sags gently and its corners curl up into dragons; beams are carved with dragons, tigers, fish, birds and clouds.","Đình làng là “trụ sở” của làng Việt xưa — nơi họp, nơi lễ hội. Ở Đường Lâm, bạn thấy nó giữa những ngôi nhà đá ong vẫn có người ở.",The communal house was the town hall of the old Vietnamese village — meetings and festivals. In Đường Lâm it still stands among laterite houses people live in.,"Chụp từ sân đình về phía nghi môn, hoặc đi dạo các ngõ tường đá ong quanh đình.","Shoot from the courtyard toward the gate, or wander the laterite-walled lanes around it.","Đây là nơi thờ tự và làng có người ở: ăn mặc kín đáo, nói nhỏ, không chụp ảnh vào nhà dân khi chưa xin phép.","A place of worship in a lived-in village: dress modestly, keep your voice low, don’t photograph into homes without asking.",Dân làng gọi hai giếng cổ hai bên đình Mông Phụ là gì?,What do villagers call the two old wells beside Mông Phụ?,Hai mắt rồng,The dragon’s eyes,Hai giếng tiên,The fairy wells,Giếng vua,The king’s wells,1,Con vật được chạm khắp mái đình.,The creature carved all over the roof.,Q16481108,wikipedia:vi:Đình_Mông_Phụ,Đã duyệt 2026-09-27. Nội dung AI viết nháp dựa trên tư liệu; giá vé là ước tính.
den-thuong,approved,ba-vi,sight,full,Đền Thượng,,,21.062117,105.361165,,,culture; photo,cultural; photo,45,0,0,,brick,"Ngôi đền thờ Sơn Tinh gần đỉnh Tản Viên, giữa mây.","A temple to the Mountain God near Tản Viên peak, up in the clouds.","Đền Thượng nằm gần đỉnh Tản Viên, thờ Tản Viên Sơn Thánh — tức Sơn Tinh. Theo truyền thuyết, Sơn Tinh và Thủy Tinh cùng cầu hôn Mị Nương, con gái vua Hùng thứ mười tám. Sơn Tinh mang sính lễ đến trước nên cưới được nàng; Thủy Tinh tức giận dâng nước đánh, Sơn Tinh bốc đồi dời núi chặn lại. Người Việt kể chuyện ấy để giải thích lũ lụt hằng năm. Tản Viên Sơn Thánh là một trong “tứ bất tử” — bốn vị thánh bất tử trong tín ngưỡng dân gian Việt Nam.","Đền Thượng (the Upper Temple) stands near Tản Viên peak and honours Tản Viên Sơn Thánh — Sơn Tinh, the Mountain God. In the legend, the Mountain God and the Water God both asked for the hand of Mị Nương, daughter of the 18th Hùng King. The Mountain God brought his wedding gifts first and won her; the furious Water God raised floods, and the Mountain God lifted hills to hold them back. Vietnamese people tell this story to explain the yearly floods. The Mountain God is one of the “Four Immortals” of Vietnamese folk belief.",Bạn đang đứng ở nơi người Việt tin là nhà của Sơn Tinh — nhân vật trong câu chuyện cổ tích đầu tiên mà hầu hết trẻ em Việt Nam được nghe.,You are standing where Vietnamese people believe the Mountain God lives — the hero of one of the first folk tales every child here hears.,"Ngày có mây, chụp mái đền nhô lên giữa sương; ngày quang, chụp từ bậc đá nhìn xuống thung lũng.","On cloudy days, frame the roof rising out of the mist; on clear days, shoot down the valley from the stone steps.","Nơi thờ tự linh thiêng: ăn mặc kín đáo, không đùa nghịch, không chụp ảnh bàn thờ nếu có biển cấm. Đường lên nhiều bậc dốc.","A sacred place: dress modestly, stay respectful, and don’t photograph altars where signs say not to. The way up has many steep steps.","Theo truyền thuyết, Sơn Tinh cưới được ai?","In the legend, whom did the Mountain God marry?","Mị Nương, con gái vua Hùng","Mị Nương, daughter of the Hùng King",Âu Cơ,Âu Cơ,Tiên Dung,Tiên Dung,1,Cha của nàng là vị vua Hùng thứ mười tám.,Her father was the 18th Hùng King.,,kiến thức chung — cần đối chiếu (vị trí theo OpenStreetMap),Đã duyệt 2026-09-27. Nội dung AI viết nháp dựa trên tư liệu; giá vé là ước tính.
tan-da-nguyen-khac-hieu-memorial-site,approved,ba-vi,sight,full,Di tích lưu niệm Tản Đà - Nguyễn Khắc Hiếu,,,21.185351,105.30767,,,culture; history,cultural; quiet; history,30,0,0,,brick,"Quê hương của nhà thơ lấy tên núi Tản, sông Đà làm bút danh.",Home village of the poet who took his pen name from Mount Tản and the Đà river.,"Tản Đà (1889–1939), tên thật Nguyễn Khắc Hiếu, là nhà thơ nổi tiếng đầu thế kỷ 20, sinh ra ở vùng đất này. Bút danh của ông ghép từ núi Tản (Ba Vì) và sông Đà — hai hình ảnh quê hương mà ông mang theo cả đời. Thơ Tản Đà phóng khoáng, lãng mạn, được xem là gạch nối giữa thơ cổ điển và Thơ mới. Khu lưu niệm giữ lại không gian quê nhà và tư liệu về cuộc đời ông.","Tản Đà (1889–1939), born Nguyễn Khắc Hiếu, was a celebrated early-20th-century poet from this area. His pen name joins Mount Tản (Ba Vì) and the Đà river — two images of home he carried all his life. His free-spirited, romantic poetry is seen as the bridge between classical verse and the “New Poetry” movement. The memorial keeps his home village setting and records of his life.","Hiếm có nhà thơ nào gắn tên mình với phong cảnh quê hương rõ đến thế — đứng đây, bạn thấy cả núi lẫn sông trong bút danh ấy.",Few poets tie their very name to their landscape so clearly — from here you can see both the mountain and the river in it.,Chụp khung cảnh làng quê với núi Tản phía xa làm nền.,Frame the village with Mount Tản in the background.,"Nơi lưu niệm yên tĩnh: nói nhỏ, không chạm vào hiện vật.",A quiet memorial: keep your voice down and don’t touch the exhibits.,Bút danh “Tản Đà” ghép từ tên của những gì?,What does the pen name “Tản Đà” combine?,Núi Tản và sông Đà,Mount Tản and the Đà river,Tên hai người thầy,The names of two teachers,Tên hai ngôi làng,The names of two villages,1,Nhìn quanh: một ngọn núi và một con sông.,Look around: a mountain and a river.,,kiến thức chung — cần đối chiếu,Đã duyệt 2026-09-27. Nội dung AI viết nháp dựa trên tư liệu; giá vé là ước tính.
den-va,approved,ba-vi,sight,full,Đền Và,,,21.138634,105.485423,,,culture; photo,cultural; quiet; photo,30,0,0,,brick,Đền thờ Sơn Tinh giữa rừng lim cổ thụ ở Sơn Tây.,A temple to the Mountain God in a grove of ancient ironwood trees.,"Đền Và ở Sơn Tây thờ Tản Viên Sơn Thánh, vị thần núi Ba Vì. Đền nằm trên một quả đồi thấp, bao quanh là rừng lim cổ thụ tỏa bóng mát. Kiến trúc đền theo lối cổ với nghi môn, sân và các lớp nhà thờ, mái ngói phủ rêu. Với người xứ Đoài, đây là một trong những nơi thờ Sơn Tinh quan trọng nhất ở vùng đồng bằng dưới chân núi.","Đền Và in Sơn Tây honours Tản Viên Sơn Thánh, the god of Ba Vì mountain. It sits on a low hill surrounded by ancient ironwood (lim) trees that give deep shade. The temple follows the old layout — ceremonial gate, courtyard, halls one behind another — under moss-covered tiled roofs. For the people of this region it is one of the most important Mountain God temples on the plain below the mountain.","Nếu không lên được núi, đây là nơi dễ đến để “gặp” Sơn Tinh — và rừng lim quanh đền rất hiếm thấy ở đồng bằng.","If you can’t climb the mountain, this is the easy place to “meet” the Mountain God — and an ironwood grove like this is rare on the plain.","Chụp lối vào đền xuyên qua hàng lim, lúc nắng xiên buổi sáng.",Shoot the path into the temple through the ironwood trees in slanting morning light.,"Nơi thờ tự: ăn mặc kín đáo, không đùa nghịch, không bẻ cành lim.","A place of worship: dress modestly, be respectful and don’t break branches off the old trees.",Đền Và thờ vị thần nào?,Which god is honoured at Đền Và?,Tản Viên Sơn Thánh (Sơn Tinh),Tản Viên Sơn Thánh (the Mountain God),Thủy Tinh,The Water God,Thánh Gióng,Saint Gióng,1,Vị thần của ngọn núi nhìn thấy từ đây.,The god of the mountain you can see from here.,,kiến thức chung — cần đối chiếu,Đã duyệt 2026-09-27. Nội dung AI viết nháp dựa trên tư liệu; giá vé là ước tính.
lang-ngo-quyen,approved,ba-vi,sight,full,Lăng Ngô Quyền,,,21.147143,105.462492,,,history; culture,history; quiet,20,0,0,,brick,"Nơi tưởng niệm vị vua mở đầu nền độc lập, ở quê hương Đường Lâm.","A memorial to the king who began Vietnam’s independence, in his home village of Đường Lâm.","Ngô Quyền sinh ra ở Đường Lâm. Năm 938, ông đánh tan quân Nam Hán trên sông Bạch Đằng: cho cắm cọc gỗ đầu bịt sắt dưới lòng sông, nhử thuyền giặc vào lúc nước lên, rồi phản công khi nước rút để cọc đâm thủng thuyền. Năm 939 ông xưng vương, chấm dứt hơn một nghìn năm Bắc thuộc. Đường Lâm vì thế được gọi là “đất hai vua” — quê của Ngô Quyền và Bố Cái Đại Vương Phùng Hưng.","Ngô Quyền was born in Đường Lâm. In 938 he destroyed the Southern Han fleet on the Bạch Đằng river: he had iron-tipped wooden stakes planted in the riverbed, lured the enemy ships in at high tide, then attacked as the tide fell so the stakes tore their hulls. In 939 he declared himself king, ending more than a thousand years of Chinese rule. That is why Đường Lâm is called the “land of two kings” — home of Ngô Quyền and of Phùng Hưng.",Trận Bạch Đằng là một trong những chiến thắng nổi tiếng nhất lịch sử Việt Nam — và người chỉ huy nó sinh ra ngay tại làng này.,The battle of Bạch Đằng is one of the most famous victories in Vietnamese history — and the man who led it was born in this very village.,"Chụp tấm bia và cổng lăng từ phía trước, giữ khung hình cân đối, trang nghiêm.",Photograph the stele and gate straight on — keep the frame symmetrical and dignified.,"Nơi tưởng niệm: giữ yên lặng, ăn mặc lịch sự, không ngồi lên bia hay tường.","A memorial: stay quiet, dress respectfully and don’t sit on the steles or walls.","Ở trận Bạch Đằng năm 938, Ngô Quyền dùng cách gì để phá thuyền giặc?",How did Ngô Quyền wreck the enemy fleet at Bạch Đằng in 938?,Cắm cọc gỗ đầu bịt sắt dưới lòng sông,Iron-tipped stakes planted in the riverbed,Đắp đê chặn dòng sông,Damming the river,Dùng voi chiến lội sông,War elephants wading into the river,1,Thủy triều rút chính là “vũ khí”.,The falling tide was the real weapon.,,kiến thức chung — cần đối chiếu,Đã duyệt 2026-09-27. Nội dung AI viết nháp dựa trên tư liệu; giá vé là ước tính.
chua-mia,approved,ba-vi,sight,full,Chùa Mía,,,21.161904,105.467315,,,culture; history; photo,cultural; quiet; photo,30,0,0,,brick,Ngôi chùa có hàng trăm pho tượng cổ ở làng Đường Lâm.,"A village pagoda holding hundreds of old statues, in Đường Lâm.","Chùa Mía, tên chữ là Sùng Nghiêm tự, nằm trong làng cổ Đường Lâm. Chùa gắn với bà chúa Mía — một phi tần của chúa Trịnh, người quê ở đây — đã bỏ tiền xây dựng lại chùa vào thế kỷ 17. Điều làm chùa nổi tiếng là số tượng rất lớn, gần ba trăm pho, bằng gỗ và đất nung, nhiều pho có niên đại vài trăm năm. Đi trong chùa giống như đi qua một bảo tàng điêu khắc dân gian.","Chùa Mía, formally Sùng Nghiêm Pagoda, stands in Đường Lâm’s old village. It is linked to Lady Mía — a consort of the Trịnh lords who came from here — who paid to rebuild it in the 17th century. What makes it famous is its huge number of statues, close to three hundred, in wood and clay, many of them several centuries old. Walking through it feels like walking through a museum of folk sculpture.","Ít ngôi chùa làng nào có nhiều tượng cổ như vậy — mỗi pho một nét mặt, một tư thế.",Few village pagodas have so many old statues — each with its own face and pose.,"Trong chùa tối — tắt đèn flash, chụp tượng với ánh sáng tự nhiên từ cửa.",It’s dim inside — turn off the flash and shoot the statues in the natural light from the doors.,"Nơi thờ Phật: ăn mặc kín đáo, bỏ mũ, nói nhỏ; xin phép trước khi chụp ảnh trong điện.","A Buddhist place of worship: dress modestly, remove your hat, speak softly and ask before photographing inside the halls.",Chùa Mía nổi tiếng nhất vì điều gì?,What is Chùa Mía most famous for?,Có rất nhiều pho tượng cổ,Its very large number of old statues,Là ngôi chùa cao nhất Việt Nam,Being the tallest pagoda in Vietnam,Được xây giữa hồ,Being built in the middle of a lake,1,Hãy thử đếm những gì đứng trên các bệ thờ.,Try counting what stands on the altars.,,kiến thức chung — cần đối chiếu,Đã duyệt 2026-09-27. Nội dung AI viết nháp dựa trên tư liệu; giá vé là ước tính.
